STRUCTURE,STRUCTURE_ID,STRUCTURE_NAME,ACTION,FREQ,Frequency,CLIMATE_CHANGE_INDICATORS,Climate Change Indicators,GEO_PICT,Pacific Island Countries and territories,TIME_PERIOD,Time,OBS_VALUE,Observation value,OBS_STATUS,Observation Status,UNIT_MEASURE,Unit of measure,ERROR_TYPE,Error type,ERROR_VAL,Error value,REPORTING_TYPE,Reporting Type,OBS_COMMENT,Comment
DATAFLOW,SPC:DF_CLIMATE_CHANGE(1.0),Climate Change indicators,I,A,Annual,METEO_MONITOR_NET,Meteorological monitoring network,TO,Tonga,1946,,1,,,,N,units,,,,,N,National,,
DATAFLOW,SPC:DF_CLIMATE_CHANGE(1.0),Climate Change indicators,I,A,Annual,METEO_MONITOR_NET,Meteorological monitoring network,TO,Tonga,1947,,1,,,,N,units,,,,,N,National,,
DATAFLOW,SPC:DF_CLIMATE_CHANGE(1.0),Climate Change indicators,I,A,Annual,METEO_MONITOR_NET,Meteorological monitoring network,TO,Tonga,1948,,1,,,,N,units,,,,,N,National,,
DATAFLOW,SPC:DF_CLIMATE_CHANGE(1.0),Climate Change indicators,I,A,Annual,METEO_MONITOR_NET,Meteorological monitoring network,TO,Tonga,1949,,1,,,,N,units,,,,,N,National,,
DATAFLOW,SPC:DF_CLIMATE_CHANGE(1.0),Climate Change indicators,I,A,Annual,METEO_MONITOR_NET,Meteorological monitoring network,TO,Tonga,1950,,1,,,,N,units,,,,,N,National,,
DATAFLOW,SPC:DF_CLIMATE_CHANGE(1.0),Climate Change indicators,I,A,Annual,METEO_MONITOR_NET,Meteorological monitoring network,TO,Tonga,1951,,1,,,,N,units,,,,,N,National,,
DATAFLOW,SPC:DF_CLIMATE_CHANGE(1.0),Climate Change indicators,I,A,Annual,METEO_MONITOR_NET,Meteorological monitoring network,TO,Tonga,1952,,1,,,,N,units,,,,,N,National,,
DATAFLOW,SPC:DF_CLIMATE_CHANGE(1.0),Climate Change indicators,I,A,Annual,METEO_MONITOR_NET,Meteorological monitoring network,TO,Tonga,1953,,1,,,,N,units,,,,,N,National,,
DATAFLOW,SPC:DF_CLIMATE_CHANGE(1.0),Climate Change indicators,I,A,Annual,METEO_MONITOR_NET,Meteorological monitoring network,TO,Tonga,1954,,1,,,,N,units,,,,,N,National,,
DATAFLOW,SPC:DF_CLIMATE_CHANGE(1.0),Climate Change indicators,I,A,Annual,METEO_MONITOR_NET,Meteorological monitoring network,TO,Tonga,1955,,1,,,,N,units,,,,,N,National,,
DATAFLOW,SPC:DF_CLIMATE_CHANGE(1.0),Climate Change indicators,I,A,Annual,METEO_MONITOR_NET,Meteorological monitoring network,TO,Tonga,1956,,1,,,,N,units,,,,,N,National,,
DATAFLOW,SPC:DF_CLIMATE_CHANGE(1.0),Climate Change indicators,I,A,Annual,METEO_MONITOR_NET,Meteorological monitoring network,TO,Tonga,1957,,1,,,,N,units,,,,,N,National,,
DATAFLOW,SPC:DF_CLIMATE_CHANGE(1.0),Climate Change indicators,I,A,Annual,METEO_MONITOR_NET,Meteorological monitoring network,TO,Tonga,1958,,1,,,,N,units,,,,,N,National,,
DATAFLOW,SPC:DF_CLIMATE_CHANGE(1.0),Climate Change indicators,I,A,Annual,METEO_MONITOR_NET,Meteorological monitoring network,TO,Tonga,1959,,1,,,,N,units,,,,,N,National,,
DATAFLOW,SPC:DF_CLIMATE_CHANGE(1.0),Climate Change indicators,I,A,Annual,METEO_MONITOR_NET,Meteorological monitoring network,TO,Tonga,1960,,1,,,,N,units,,,,,N,National,,
DATAFLOW,SPC:DF_CLIMATE_CHANGE(1.0),Climate Change indicators,I,A,Annual,METEO_MONITOR_NET,Meteorological monitoring network,TO,Tonga,1961,,1,,,,N,units,,,,,N,National,,
DATAFLOW,SPC:DF_CLIMATE_CHANGE(1.0),Climate Change indicators,I,A,Annual,METEO_MONITOR_NET,Meteorological monitoring network,TO,Tonga,1962,,1,,,,N,units,,,,,N,National,,
DATAFLOW,SPC:DF_CLIMATE_CHANGE(1.0),Climate Change indicators,I,A,Annual,METEO_MONITOR_NET,Meteorological monitoring network,TO,Tonga,1963,,1,,,,N,units,,,,,N,National,,
DATAFLOW,SPC:DF_CLIMATE_CHANGE(1.0),Climate Change indicators,I,A,Annual,METEO_MONITOR_NET,Meteorological monitoring network,TO,Tonga,1964,,1,,,,N,units,,,,,N,National,,
DATAFLOW,SPC:DF_CLIMATE_CHANGE(1.0),Climate Change indicators,I,A,Annual,METEO_MONITOR_NET,Meteorological monitoring network,TO,Tonga,1965,,1,,,,N,units,,,,,N,National,,
DATAFLOW,SPC:DF_CLIMATE_CHANGE(1.0),Climate Change indicators,I,A,Annual,METEO_MONITOR_NET,Meteorological monitoring network,TO,Tonga,1966,,1,,,,N,units,,,,,N,National,,
DATAFLOW,SPC:DF_CLIMATE_CHANGE(1.0),Climate Change indicators,I,A,Annual,METEO_MONITOR_NET,Meteorological monitoring network,TO,Tonga,1967,,1,,,,N,units,,,,,N,National,,
DATAFLOW,SPC:DF_CLIMATE_CHANGE(1.0),Climate Change indicators,I,A,Annual,METEO_MONITOR_NET,Meteorological monitoring network,TO,Tonga,1968,,1,,,,N,units,,,,,N,National,,
DATAFLOW,SPC:DF_CLIMATE_CHANGE(1.0),Climate Change indicators,I,A,Annual,METEO_MONITOR_NET,Meteorological monitoring network,TO,Tonga,1969,,1,,,,N,units,,,,,N,National,,
DATAFLOW,SPC:DF_CLIMATE_CHANGE(1.0),Climate Change indicators,I,A,Annual,METEO_MONITOR_NET,Meteorological monitoring network,TO,Tonga,1970,,1,,,,N,units,,,,,N,National,,
DATAFLOW,SPC:DF_CLIMATE_CHANGE(1.0),Climate Change indicators,I,A,Annual,METEO_MONITOR_NET,Meteorological monitoring network,TO,Tonga,1971,,1,,,,N,units,,,,,N,National,,
DATAFLOW,SPC:DF_CLIMATE_CHANGE(1.0),Climate Change indicators,I,A,Annual,METEO_MONITOR_NET,Meteorological monitoring network,TO,Tonga,1972,,1,,,,N,units,,,,,N,National,,
DATAFLOW,SPC:DF_CLIMATE_CHANGE(1.0),Climate Change indicators,I,A,Annual,METEO_MONITOR_NET,Meteorological monitoring network,TO,Tonga,1973,,1,,,,N,units,,,,,N,National,,
DATAFLOW,SPC:DF_CLIMATE_CHANGE(1.0),Climate Change indicators,I,A,Annual,METEO_MONITOR_NET,Meteorological monitoring network,TO,Tonga,1974,,2,,,,N,units,,,,,N,National,,
DATAFLOW,SPC:DF_CLIMATE_CHANGE(1.0),Climate Change indicators,I,A,Annual,METEO_MONITOR_NET,Meteorological monitoring network,TO,Tonga,1975,,2,,,,N,units,,,,,N,National,,
DATAFLOW,SPC:DF_CLIMATE_CHANGE(1.0),Climate Change indicators,I,A,Annual,METEO_MONITOR_NET,Meteorological monitoring network,TO,Tonga,1976,,2,,,,N,units,,,,,N,National,,
DATAFLOW,SPC:DF_CLIMATE_CHANGE(1.0),Climate Change indicators,I,A,Annual,METEO_MONITOR_NET,Meteorological monitoring network,TO,Tonga,1977,,2,,,,N,units,,,,,N,National,,
DATAFLOW,SPC:DF_CLIMATE_CHANGE(1.0),Climate Change indicators,I,A,Annual,METEO_MONITOR_NET,Meteorological monitoring network,TO,Tonga,1978,,3,,,,N,units,,,,,N,National,,
DATAFLOW,SPC:DF_CLIMATE_CHANGE(1.0),Climate Change indicators,I,A,Annual,METEO_MONITOR_NET,Meteorological monitoring network,TO,Tonga,1979,,3,,,,N,units,,,,,N,National,,
DATAFLOW,SPC:DF_CLIMATE_CHANGE(1.0),Climate Change indicators,I,A,Annual,METEO_MONITOR_NET,Meteorological monitoring network,TO,Tonga,1980,,3,,,,N,units,,,,,N,National,,
DATAFLOW,SPC:DF_CLIMATE_CHANGE(1.0),Climate Change indicators,I,A,Annual,METEO_MONITOR_NET,Meteorological monitoring network,TO,Tonga,1981,,3,,,,N,units,,,,,N,National,,
DATAFLOW,SPC:DF_CLIMATE_CHANGE(1.0),Climate Change indicators,I,A,Annual,METEO_MONITOR_NET,Meteorological monitoring network,TO,Tonga,1982,,3,,,,N,units,,,,,N,National,,
DATAFLOW,SPC:DF_CLIMATE_CHANGE(1.0),Climate Change indicators,I,A,Annual,METEO_MONITOR_NET,Meteorological monitoring network,TO,Tonga,1983,,3,,,,N,units,,,,,N,National,,
DATAFLOW,SPC:DF_CLIMATE_CHANGE(1.0),Climate Change indicators,I,A,Annual,METEO_MONITOR_NET,Meteorological monitoring network,TO,Tonga,1984,,3,,,,N,units,,,,,N,National,,
DATAFLOW,SPC:DF_CLIMATE_CHANGE(1.0),Climate Change indicators,I,A,Annual,METEO_MONITOR_NET,Meteorological monitoring network,TO,Tonga,1985,,3,,,,N,units,,,,,N,National,,
DATAFLOW,SPC:DF_CLIMATE_CHANGE(1.0),Climate Change indicators,I,A,Annual,METEO_MONITOR_NET,Meteorological monitoring network,TO,Tonga,1986,,3,,,,N,units,,,,,N,National,,
DATAFLOW,SPC:DF_CLIMATE_CHANGE(1.0),Climate Change indicators,I,A,Annual,METEO_MONITOR_NET,Meteorological monitoring network,TO,Tonga,1987,,3,,,,N,units,,,,,N,National,,
DATAFLOW,SPC:DF_CLIMATE_CHANGE(1.0),Climate Change indicators,I,A,Annual,METEO_MONITOR_NET,Meteorological monitoring network,TO,Tonga,1988,,3,,,,N,units,,,,,N,National,,
DATAFLOW,SPC:DF_CLIMATE_CHANGE(1.0),Climate Change indicators,I,A,Annual,METEO_MONITOR_NET,Meteorological monitoring network,TO,Tonga,1989,,3,,,,N,units,,,,,N,National,,
DATAFLOW,SPC:DF_CLIMATE_CHANGE(1.0),Climate Change indicators,I,A,Annual,METEO_MONITOR_NET,Meteorological monitoring network,TO,Tonga,1990,,3,,,,N,units,,,,,N,National,,
DATAFLOW,SPC:DF_CLIMATE_CHANGE(1.0),Climate Change indicators,I,A,Annual,METEO_MONITOR_NET,Meteorological monitoring network,TO,Tonga,1991,,3,,,,N,units,,,,,N,National,,
DATAFLOW,SPC:DF_CLIMATE_CHANGE(1.0),Climate Change indicators,I,A,Annual,METEO_MONITOR_NET,Meteorological monitoring network,TO,Tonga,1992,,3,,,,N,units,,,,,N,National,,
DATAFLOW,SPC:DF_CLIMATE_CHANGE(1.0),Climate Change indicators,I,A,Annual,METEO_MONITOR_NET,Meteorological monitoring network,TO,Tonga,1993,,3,,,,N,units,,,,,N,National,,
DATAFLOW,SPC:DF_CLIMATE_CHANGE(1.0),Climate Change indicators,I,A,Annual,METEO_MONITOR_NET,Meteorological monitoring network,TO,Tonga,1994,,4,,,,N,units,,,,,N,National,,
DATAFLOW,SPC:DF_CLIMATE_CHANGE(1.0),Climate Change indicators,I,A,Annual,METEO_MONITOR_NET,Meteorological monitoring network,TO,Tonga,1995,,4,,,,N,units,,,,,N,National,,
DATAFLOW,SPC:DF_CLIMATE_CHANGE(1.0),Climate Change indicators,I,A,Annual,METEO_MONITOR_NET,Meteorological monitoring network,TO,Tonga,1996,,4,,,,N,units,,,,,N,National,,
DATAFLOW,SPC:DF_CLIMATE_CHANGE(1.0),Climate Change indicators,I,A,Annual,METEO_MONITOR_NET,Meteorological monitoring network,TO,Tonga,1997,,4,,,,N,units,,,,,N,National,,
DATAFLOW,SPC:DF_CLIMATE_CHANGE(1.0),Climate Change indicators,I,A,Annual,METEO_MONITOR_NET,Meteorological monitoring network,TO,Tonga,1998,,4,,,,N,units,,,,,N,National,,
DATAFLOW,SPC:DF_CLIMATE_CHANGE(1.0),Climate Change indicators,I,A,Annual,METEO_MONITOR_NET,Meteorological monitoring network,TO,Tonga,1999,,4,,,,N,units,,,,,N,National,,
DATAFLOW,SPC:DF_CLIMATE_CHANGE(1.0),Climate Change indicators,I,A,Annual,METEO_MONITOR_NET,Meteorological monitoring network,TO,Tonga,2000,,4,,,,N,units,,,,,N,National,,
DATAFLOW,SPC:DF_CLIMATE_CHANGE(1.0),Climate Change indicators,I,A,Annual,METEO_MONITOR_NET,Meteorological monitoring network,TO,Tonga,2001,,4,,,,N,units,,,,,N,National,,
DATAFLOW,SPC:DF_CLIMATE_CHANGE(1.0),Climate Change indicators,I,A,Annual,METEO_MONITOR_NET,Meteorological monitoring network,TO,Tonga,2002,,4,,,,N,units,,,,,N,National,,
DATAFLOW,SPC:DF_CLIMATE_CHANGE(1.0),Climate Change indicators,I,A,Annual,METEO_MONITOR_NET,Meteorological monitoring network,TO,Tonga,2003,,4,,,,N,units,,,,,N,National,,
DATAFLOW,SPC:DF_CLIMATE_CHANGE(1.0),Climate Change indicators,I,A,Annual,METEO_MONITOR_NET,Meteorological monitoring network,TO,Tonga,2004,,4,,,,N,units,,,,,N,National,,
DATAFLOW,SPC:DF_CLIMATE_CHANGE(1.0),Climate Change indicators,I,A,Annual,METEO_MONITOR_NET,Meteorological monitoring network,TO,Tonga,2005,,4,,,,N,units,,,,,N,National,,
DATAFLOW,SPC:DF_CLIMATE_CHANGE(1.0),Climate Change indicators,I,A,Annual,METEO_MONITOR_NET,Meteorological monitoring network,TO,Tonga,2006,,4,,,,N,units,,,,,N,National,,
DATAFLOW,SPC:DF_CLIMATE_CHANGE(1.0),Climate Change indicators,I,A,Annual,METEO_MONITOR_NET,Meteorological monitoring network,TO,Tonga,2007,,4,,,,N,units,,,,,N,National,,
DATAFLOW,SPC:DF_CLIMATE_CHANGE(1.0),Climate Change indicators,I,A,Annual,METEO_MONITOR_NET,Meteorological monitoring network,TO,Tonga,2008,,4,,,,N,units,,,,,N,National,,
DATAFLOW,SPC:DF_CLIMATE_CHANGE(1.0),Climate Change indicators,I,A,Annual,METEO_MONITOR_NET,Meteorological monitoring network,TO,Tonga,2009,,4,,,,N,units,,,,,N,National,,
DATAFLOW,SPC:DF_CLIMATE_CHANGE(1.0),Climate Change indicators,I,A,Annual,METEO_MONITOR_NET,Meteorological monitoring network,TO,Tonga,2010,,4,,,,N,units,,,,,N,National,,
DATAFLOW,SPC:DF_CLIMATE_CHANGE(1.0),Climate Change indicators,I,A,Annual,METEO_MONITOR_NET,Meteorological monitoring network,TO,Tonga,2011,,4,,,,N,units,,,,,N,National,,
DATAFLOW,SPC:DF_CLIMATE_CHANGE(1.0),Climate Change indicators,I,A,Annual,METEO_MONITOR_NET,Meteorological monitoring network,TO,Tonga,2012,,4,,,,N,units,,,,,N,National,,
DATAFLOW,SPC:DF_CLIMATE_CHANGE(1.0),Climate Change indicators,I,A,Annual,METEO_MONITOR_NET,Meteorological monitoring network,TO,Tonga,2013,,4,,,,N,units,,,,,N,National,,
DATAFLOW,SPC:DF_CLIMATE_CHANGE(1.0),Climate Change indicators,I,A,Annual,METEO_MONITOR_NET,Meteorological monitoring network,TO,Tonga,2014,,4,,,,N,units,,,,,N,National,,
DATAFLOW,SPC:DF_CLIMATE_CHANGE(1.0),Climate Change indicators,I,A,Annual,METEO_MONITOR_NET,Meteorological monitoring network,TO,Tonga,2015,,4,,,,N,units,,,,,N,National,,
DATAFLOW,SPC:DF_CLIMATE_CHANGE(1.0),Climate Change indicators,I,A,Annual,METEO_MONITOR_NET,Meteorological monitoring network,TO,Tonga,2016,,4,,,,N,units,,,,,N,National,,
DATAFLOW,SPC:DF_CLIMATE_CHANGE(1.0),Climate Change indicators,I,A,Annual,METEO_MONITOR_NET,Meteorological monitoring network,TO,Tonga,2017,,4,,,,N,units,,,,,N,National,,
DATAFLOW,SPC:DF_CLIMATE_CHANGE(1.0),Climate Change indicators,I,A,Annual,METEO_MONITOR_NET,Meteorological monitoring network,TO,Tonga,2018,,4,,,,N,units,,,,,N,National,,
DATAFLOW,SPC:DF_CLIMATE_CHANGE(1.0),Climate Change indicators,I,A,Annual,METEO_MONITOR_NET,Meteorological monitoring network,TO,Tonga,2019,,4,,,,N,units,,,,,N,National,,
DATAFLOW,SPC:DF_CLIMATE_CHANGE(1.0),Climate Change indicators,I,A,Annual,METEO_MONITOR_NET,Meteorological monitoring network,TO,Tonga,2020,,4,,,,N,units,,,,,N,National,,
DATAFLOW,SPC:DF_CLIMATE_CHANGE(1.0),Climate Change indicators,I,A,Annual,METEO_MONITOR_NET,Meteorological monitoring network,TO,Tonga,2021,,4,,,,N,units,,,,,N,National,,
DATAFLOW,SPC:DF_CLIMATE_CHANGE(1.0),Climate Change indicators,I,A,Annual,METEO_MONITOR_NET,Meteorological monitoring network,TO,Tonga,2022,,4,,,,N,units,,,,,N,National,,
DATAFLOW,SPC:DF_CLIMATE_CHANGE(1.0),Climate Change indicators,I,A,Annual,METEO_MONITOR_NET,Meteorological monitoring network,TO,Tonga,2023,,4,,,,N,units,,,,,N,National,,
DATAFLOW,SPC:DF_CLIMATE_CHANGE(1.0),Climate Change indicators,I,A,Annual,METEO_MONITOR_NET,Meteorological monitoring network,TO,Tonga,2024,,4,,,,N,units,,,,,N,National,,
DATAFLOW,SPC:DF_CLIMATE_CHANGE(1.0),Climate Change indicators,I,A,Annual,METEO_MONITOR_NET,Meteorological monitoring network,TO,Tonga,2025,,4,,,,N,units,,,,,N,National,,
DATAFLOW,SPC:DF_CLIMATE_CHANGE(1.0),Climate Change indicators,I,A,Annual,METEO_MONITOR_NET,Meteorological monitoring network,TO,Tonga,2026,,4,,,,N,units,,,,,N,National,,
DATAFLOW,SPC:DF_CLIMATE_CHANGE(1.0),Climate Change indicators,I,A,Annual,METEO_MONITOR_NET,Meteorological monitoring network,PF,French Polynesia,1930,,1,,,,N,units,,,,,N,National,,
DATAFLOW,SPC:DF_CLIMATE_CHANGE(1.0),Climate Change indicators,I,A,Annual,METEO_MONITOR_NET,Meteorological monitoring network,PF,French Polynesia,1931,,1,,,,N,units,,,,,N,National,,
DATAFLOW,SPC:DF_CLIMATE_CHANGE(1.0),Climate Change indicators,I,A,Annual,METEO_MONITOR_NET,Meteorological monitoring network,PF,French Polynesia,1932,,1,,,,N,units,,,,,N,National,,
DATAFLOW,SPC:DF_CLIMATE_CHANGE(1.0),Climate Change indicators,I,A,Annual,METEO_MONITOR_NET,Meteorological monitoring network,PF,French Polynesia,1933,,1,,,,N,units,,,,,N,National,,
DATAFLOW,SPC:DF_CLIMATE_CHANGE(1.0),Climate Change indicators,I,A,Annual,METEO_MONITOR_NET,Meteorological monitoring network,PF,French Polynesia,1934,,1,,,,N,units,,,,,N,National,,
DATAFLOW,SPC:DF_CLIMATE_CHANGE(1.0),Climate Change indicators,I,A,Annual,METEO_MONITOR_NET,Meteorological monitoring network,PF,French Polynesia,1935,,2,,,,N,units,,,,,N,National,,
DATAFLOW,SPC:DF_CLIMATE_CHANGE(1.0),Climate Change indicators,I,A,Annual,METEO_MONITOR_NET,Meteorological monitoring network,PF,French Polynesia,1936,,2,,,,N,units,,,,,N,National,,
DATAFLOW,SPC:DF_CLIMATE_CHANGE(1.0),Climate Change indicators,I,A,Annual,METEO_MONITOR_NET,Meteorological monitoring network,PF,French Polynesia,1937,,2,,,,N,units,,,,,N,National,,
DATAFLOW,SPC:DF_CLIMATE_CHANGE(1.0),Climate Change indicators,I,A,Annual,METEO_MONITOR_NET,Meteorological monitoring network,PF,French Polynesia,1938,,2,,,,N,units,,,,,N,National,,
DATAFLOW,SPC:DF_CLIMATE_CHANGE(1.0),Climate Change indicators,I,A,Annual,METEO_MONITOR_NET,Meteorological monitoring network,PF,French Polynesia,1939,,2,,,,N,units,,,,,N,National,,
DATAFLOW,SPC:DF_CLIMATE_CHANGE(1.0),Climate Change indicators,I,A,Annual,METEO_MONITOR_NET,Meteorological monitoring network,PF,French Polynesia,1940,,2,,,,N,units,,,,,N,National,,
DATAFLOW,SPC:DF_CLIMATE_CHANGE(1.0),Climate Change indicators,I,A,Annual,METEO_MONITOR_NET,Meteorological monitoring network,PF,French Polynesia,1941,,2,,,,N,units,,,,,N,National,,
DATAFLOW,SPC:DF_CLIMATE_CHANGE(1.0),Climate Change indicators,I,A,Annual,METEO_MONITOR_NET,Meteorological monitoring network,PF,French Polynesia,1942,,2,,,,N,units,,,,,N,National,,
DATAFLOW,SPC:DF_CLIMATE_CHANGE(1.0),Climate Change indicators,I,A,Annual,METEO_MONITOR_NET,Meteorological monitoring network,PF,French Polynesia,1943,,2,,,,N,units,,,,,N,National,,
DATAFLOW,SPC:DF_CLIMATE_CHANGE(1.0),Climate Change indicators,I,A,Annual,METEO_MONITOR_NET,Meteorological monitoring network,PF,French Polynesia,1944,,2,,,,N,units,,,,,N,National,,
DATAFLOW,SPC:DF_CLIMATE_CHANGE(1.0),Climate Change indicators,I,A,Annual,METEO_MONITOR_NET,Meteorological monitoring network,PF,French Polynesia,1945,,2,,,,N,units,,,,,N,National,,
DATAFLOW,SPC:DF_CLIMATE_CHANGE(1.0),Climate Change indicators,I,A,Annual,METEO_MONITOR_NET,Meteorological monitoring network,PF,French Polynesia,1946,,2,,,,N,units,,,,,N,National,,
DATAFLOW,SPC:DF_CLIMATE_CHANGE(1.0),Climate Change indicators,I,A,Annual,METEO_MONITOR_NET,Meteorological monitoring network,PF,French Polynesia,1947,,2,,,,N,units,,,,,N,National,,
DATAFLOW,SPC:DF_CLIMATE_CHANGE(1.0),Climate Change indicators,I,A,Annual,METEO_MONITOR_NET,Meteorological monitoring network,PF,French Polynesia,1948,,2,,,,N,units,,,,,N,National,,
DATAFLOW,SPC:DF_CLIMATE_CHANGE(1.0),Climate Change indicators,I,A,Annual,METEO_MONITOR_NET,Meteorological monitoring network,PF,French Polynesia,1949,,3,,,,N,units,,,,,N,National,,
DATAFLOW,SPC:DF_CLIMATE_CHANGE(1.0),Climate Change indicators,I,A,Annual,METEO_MONITOR_NET,Meteorological monitoring network,PF,French Polynesia,1950,,3,,,,N,units,,,,,N,National,,
DATAFLOW,SPC:DF_CLIMATE_CHANGE(1.0),Climate Change indicators,I,A,Annual,METEO_MONITOR_NET,Meteorological monitoring network,PF,French Polynesia,1951,,4,,,,N,units,,,,,N,National,,
DATAFLOW,SPC:DF_CLIMATE_CHANGE(1.0),Climate Change indicators,I,A,Annual,METEO_MONITOR_NET,Meteorological monitoring network,PF,French Polynesia,1952,,4,,,,N,units,,,,,N,National,,
DATAFLOW,SPC:DF_CLIMATE_CHANGE(1.0),Climate Change indicators,I,A,Annual,METEO_MONITOR_NET,Meteorological monitoring network,PF,French Polynesia,1953,,4,,,,N,units,,,,,N,National,,
DATAFLOW,SPC:DF_CLIMATE_CHANGE(1.0),Climate Change indicators,I,A,Annual,METEO_MONITOR_NET,Meteorological monitoring network,PF,French Polynesia,1954,,4,,,,N,units,,,,,N,National,,
DATAFLOW,SPC:DF_CLIMATE_CHANGE(1.0),Climate Change indicators,I,A,Annual,METEO_MONITOR_NET,Meteorological monitoring network,PF,French Polynesia,1955,,4,,,,N,units,,,,,N,National,,
DATAFLOW,SPC:DF_CLIMATE_CHANGE(1.0),Climate Change indicators,I,A,Annual,METEO_MONITOR_NET,Meteorological monitoring network,PF,French Polynesia,1956,,4,,,,N,units,,,,,N,National,,
DATAFLOW,SPC:DF_CLIMATE_CHANGE(1.0),Climate Change indicators,I,A,Annual,METEO_MONITOR_NET,Meteorological monitoring network,PF,French Polynesia,1957,,4,,,,N,units,,,,,N,National,,
DATAFLOW,SPC:DF_CLIMATE_CHANGE(1.0),Climate Change indicators,I,A,Annual,METEO_MONITOR_NET,Meteorological monitoring network,PF,French Polynesia,1958,,4,,,,N,units,,,,,N,National,,
DATAFLOW,SPC:DF_CLIMATE_CHANGE(1.0),Climate Change indicators,I,A,Annual,METEO_MONITOR_NET,Meteorological monitoring network,PF,French Polynesia,1959,,4,,,,N,units,,,,,N,National,,
DATAFLOW,SPC:DF_CLIMATE_CHANGE(1.0),Climate Change indicators,I,A,Annual,METEO_MONITOR_NET,Meteorological monitoring network,PF,French Polynesia,1960,,4,,,,N,units,,,,,N,National,,
DATAFLOW,SPC:DF_CLIMATE_CHANGE(1.0),Climate Change indicators,I,A,Annual,METEO_MONITOR_NET,Meteorological monitoring network,PF,French Polynesia,1961,,4,,,,N,units,,,,,N,National,,
DATAFLOW,SPC:DF_CLIMATE_CHANGE(1.0),Climate Change indicators,I,A,Annual,METEO_MONITOR_NET,Meteorological monitoring network,PF,French Polynesia,1962,,5,,,,N,units,,,,,N,National,,
DATAFLOW,SPC:DF_CLIMATE_CHANGE(1.0),Climate Change indicators,I,A,Annual,METEO_MONITOR_NET,Meteorological monitoring network,PF,French Polynesia,1963,,5,,,,N,units,,,,,N,National,,
DATAFLOW,SPC:DF_CLIMATE_CHANGE(1.0),Climate Change indicators,I,A,Annual,METEO_MONITOR_NET,Meteorological monitoring network,PF,French Polynesia,1964,,5,,,,N,units,,,,,N,National,,
DATAFLOW,SPC:DF_CLIMATE_CHANGE(1.0),Climate Change indicators,I,A,Annual,METEO_MONITOR_NET,Meteorological monitoring network,PF,French Polynesia,1965,,5,,,,N,units,,,,,N,National,,
DATAFLOW,SPC:DF_CLIMATE_CHANGE(1.0),Climate Change indicators,I,A,Annual,METEO_MONITOR_NET,Meteorological monitoring network,PF,French Polynesia,1966,,5,,,,N,units,,,,,N,National,,
DATAFLOW,SPC:DF_CLIMATE_CHANGE(1.0),Climate Change indicators,I,A,Annual,METEO_MONITOR_NET,Meteorological monitoring network,PF,French Polynesia,1967,,5,,,,N,units,,,,,N,National,,
DATAFLOW,SPC:DF_CLIMATE_CHANGE(1.0),Climate Change indicators,I,A,Annual,METEO_MONITOR_NET,Meteorological monitoring network,PF,French Polynesia,1968,,5,,,,N,units,,,,,N,National,,
DATAFLOW,SPC:DF_CLIMATE_CHANGE(1.0),Climate Change indicators,I,A,Annual,METEO_MONITOR_NET,Meteorological monitoring network,PF,French Polynesia,1969,,5,,,,N,units,,,,,N,National,,
DATAFLOW,SPC:DF_CLIMATE_CHANGE(1.0),Climate Change indicators,I,A,Annual,METEO_MONITOR_NET,Meteorological monitoring network,PF,French Polynesia,1970,,5,,,,N,units,,,,,N,National,,
DATAFLOW,SPC:DF_CLIMATE_CHANGE(1.0),Climate Change indicators,I,A,Annual,METEO_MONITOR_NET,Meteorological monitoring network,PF,French Polynesia,1971,,5,,,,N,units,,,,,N,National,,
DATAFLOW,SPC:DF_CLIMATE_CHANGE(1.0),Climate Change indicators,I,A,Annual,METEO_MONITOR_NET,Meteorological monitoring network,PF,French Polynesia,1972,,5,,,,N,units,,,,,N,National,,
DATAFLOW,SPC:DF_CLIMATE_CHANGE(1.0),Climate Change indicators,I,A,Annual,METEO_MONITOR_NET,Meteorological monitoring network,PF,French Polynesia,1973,,5,,,,N,units,,,,,N,National,,
DATAFLOW,SPC:DF_CLIMATE_CHANGE(1.0),Climate Change indicators,I,A,Annual,METEO_MONITOR_NET,Meteorological monitoring network,PF,French Polynesia,1974,,5,,,,N,units,,,,,N,National,,
DATAFLOW,SPC:DF_CLIMATE_CHANGE(1.0),Climate Change indicators,I,A,Annual,METEO_MONITOR_NET,Meteorological monitoring network,PF,French Polynesia,1975,,5,,,,N,units,,,,,N,National,,
DATAFLOW,SPC:DF_CLIMATE_CHANGE(1.0),Climate Change indicators,I,A,Annual,METEO_MONITOR_NET,Meteorological monitoring network,PF,French Polynesia,1976,,5,,,,N,units,,,,,N,National,,
DATAFLOW,SPC:DF_CLIMATE_CHANGE(1.0),Climate Change indicators,I,A,Annual,METEO_MONITOR_NET,Meteorological monitoring network,PF,French Polynesia,1977,,5,,,,N,units,,,,,N,National,,
DATAFLOW,SPC:DF_CLIMATE_CHANGE(1.0),Climate Change indicators,I,A,Annual,METEO_MONITOR_NET,Meteorological monitoring network,PF,French Polynesia,1978,,5,,,,N,units,,,,,N,National,,
DATAFLOW,SPC:DF_CLIMATE_CHANGE(1.0),Climate Change indicators,I,A,Annual,METEO_MONITOR_NET,Meteorological monitoring network,PF,French Polynesia,1979,,5,,,,N,units,,,,,N,National,,
DATAFLOW,SPC:DF_CLIMATE_CHANGE(1.0),Climate Change indicators,I,A,Annual,METEO_MONITOR_NET,Meteorological monitoring network,PF,French Polynesia,1980,,5,,,,N,units,,,,,N,National,,
DATAFLOW,SPC:DF_CLIMATE_CHANGE(1.0),Climate Change indicators,I,A,Annual,METEO_MONITOR_NET,Meteorological monitoring network,PF,French Polynesia,1981,,5,,,,N,units,,,,,N,National,,
DATAFLOW,SPC:DF_CLIMATE_CHANGE(1.0),Climate Change indicators,I,A,Annual,METEO_MONITOR_NET,Meteorological monitoring network,PF,French Polynesia,1982,,5,,,,N,units,,,,,N,National,,
DATAFLOW,SPC:DF_CLIMATE_CHANGE(1.0),Climate Change indicators,I,A,Annual,METEO_MONITOR_NET,Meteorological monitoring network,PF,French Polynesia,1983,,5,,,,N,units,,,,,N,National,,
DATAFLOW,SPC:DF_CLIMATE_CHANGE(1.0),Climate Change indicators,I,A,Annual,METEO_MONITOR_NET,Meteorological monitoring network,PF,French Polynesia,1984,,5,,,,N,units,,,,,N,National,,
DATAFLOW,SPC:DF_CLIMATE_CHANGE(1.0),Climate Change indicators,I,A,Annual,METEO_MONITOR_NET,Meteorological monitoring network,PF,French Polynesia,1985,,5,,,,N,units,,,,,N,National,,
DATAFLOW,SPC:DF_CLIMATE_CHANGE(1.0),Climate Change indicators,I,A,Annual,METEO_MONITOR_NET,Meteorological monitoring network,PF,French Polynesia,1986,,5,,,,N,units,,,,,N,National,,
DATAFLOW,SPC:DF_CLIMATE_CHANGE(1.0),Climate Change indicators,I,A,Annual,METEO_MONITOR_NET,Meteorological monitoring network,PF,French Polynesia,1987,,5,,,,N,units,,,,,N,National,,
DATAFLOW,SPC:DF_CLIMATE_CHANGE(1.0),Climate Change indicators,I,A,Annual,METEO_MONITOR_NET,Meteorological monitoring network,PF,French Polynesia,1988,,5,,,,N,units,,,,,N,National,,
DATAFLOW,SPC:DF_CLIMATE_CHANGE(1.0),Climate Change indicators,I,A,Annual,METEO_MONITOR_NET,Meteorological monitoring network,PF,French Polynesia,1989,,5,,,,N,units,,,,,N,National,,
DATAFLOW,SPC:DF_CLIMATE_CHANGE(1.0),Climate Change indicators,I,A,Annual,METEO_MONITOR_NET,Meteorological monitoring network,PF,French Polynesia,1990,,5,,,,N,units,,,,,N,National,,
DATAFLOW,SPC:DF_CLIMATE_CHANGE(1.0),Climate Change indicators,I,A,Annual,METEO_MONITOR_NET,Meteorological monitoring network,PF,French Polynesia,1991,,5,,,,N,units,,,,,N,National,,
DATAFLOW,SPC:DF_CLIMATE_CHANGE(1.0),Climate Change indicators,I,A,Annual,METEO_MONITOR_NET,Meteorological monitoring network,PF,French Polynesia,1992,,5,,,,N,units,,,,,N,National,,
DATAFLOW,SPC:DF_CLIMATE_CHANGE(1.0),Climate Change indicators,I,A,Annual,METEO_MONITOR_NET,Meteorological monitoring network,PF,French Polynesia,1993,,5,,,,N,units,,,,,N,National,,
DATAFLOW,SPC:DF_CLIMATE_CHANGE(1.0),Climate Change indicators,I,A,Annual,METEO_MONITOR_NET,Meteorological monitoring network,PF,French Polynesia,1994,,5,,,,N,units,,,,,N,National,,
DATAFLOW,SPC:DF_CLIMATE_CHANGE(1.0),Climate Change indicators,I,A,Annual,METEO_MONITOR_NET,Meteorological monitoring network,PF,French Polynesia,1995,,5,,,,N,units,,,,,N,National,,
DATAFLOW,SPC:DF_CLIMATE_CHANGE(1.0),Climate Change indicators,I,A,Annual,METEO_MONITOR_NET,Meteorological monitoring network,PF,French Polynesia,1996,,5,,,,N,units,,,,,N,National,,
DATAFLOW,SPC:DF_CLIMATE_CHANGE(1.0),Climate Change indicators,I,A,Annual,METEO_MONITOR_NET,Meteorological monitoring network,PF,French Polynesia,1997,,5,,,,N,units,,,,,N,National,,
DATAFLOW,SPC:DF_CLIMATE_CHANGE(1.0),Climate Change indicators,I,A,Annual,METEO_MONITOR_NET,Meteorological monitoring network,PF,French Polynesia,1998,,5,,,,N,units,,,,,N,National,,
DATAFLOW,SPC:DF_CLIMATE_CHANGE(1.0),Climate Change indicators,I,A,Annual,METEO_MONITOR_NET,Meteorological monitoring network,PF,French Polynesia,1999,,5,,,,N,units,,,,,N,National,,
DATAFLOW,SPC:DF_CLIMATE_CHANGE(1.0),Climate Change indicators,I,A,Annual,METEO_MONITOR_NET,Meteorological monitoring network,PF,French Polynesia,2000,,5,,,,N,units,,,,,N,National,,
DATAFLOW,SPC:DF_CLIMATE_CHANGE(1.0),Climate Change indicators,I,A,Annual,METEO_MONITOR_NET,Meteorological monitoring network,PF,French Polynesia,2001,,5,,,,N,units,,,,,N,National,,
DATAFLOW,SPC:DF_CLIMATE_CHANGE(1.0),Climate Change indicators,I,A,Annual,METEO_MONITOR_NET,Meteorological monitoring network,PF,French Polynesia,2002,,5,,,,N,units,,,,,N,National,,
DATAFLOW,SPC:DF_CLIMATE_CHANGE(1.0),Climate Change indicators,I,A,Annual,METEO_MONITOR_NET,Meteorological monitoring network,PF,French Polynesia,2003,,5,,,,N,units,,,,,N,National,,
DATAFLOW,SPC:DF_CLIMATE_CHANGE(1.0),Climate Change indicators,I,A,Annual,METEO_MONITOR_NET,Meteorological monitoring network,PF,French Polynesia,2004,,5,,,,N,units,,,,,N,National,,
DATAFLOW,SPC:DF_CLIMATE_CHANGE(1.0),Climate Change indicators,I,A,Annual,METEO_MONITOR_NET,Meteorological monitoring network,PF,French Polynesia,2005,,5,,,,N,units,,,,,N,National,,
DATAFLOW,SPC:DF_CLIMATE_CHANGE(1.0),Climate Change indicators,I,A,Annual,METEO_MONITOR_NET,Meteorological monitoring network,PF,French Polynesia,2006,,5,,,,N,units,,,,,N,National,,
DATAFLOW,SPC:DF_CLIMATE_CHANGE(1.0),Climate Change indicators,I,A,Annual,METEO_MONITOR_NET,Meteorological monitoring network,PF,French Polynesia,2007,,5,,,,N,units,,,,,N,National,,
DATAFLOW,SPC:DF_CLIMATE_CHANGE(1.0),Climate Change indicators,I,A,Annual,METEO_MONITOR_NET,Meteorological monitoring network,PF,French Polynesia,2008,,5,,,,N,units,,,,,N,National,,
DATAFLOW,SPC:DF_CLIMATE_CHANGE(1.0),Climate Change indicators,I,A,Annual,METEO_MONITOR_NET,Meteorological monitoring network,PF,French Polynesia,2009,,5,,,,N,units,,,,,N,National,,
DATAFLOW,SPC:DF_CLIMATE_CHANGE(1.0),Climate Change indicators,I,A,Annual,METEO_MONITOR_NET,Meteorological monitoring network,PF,French Polynesia,2010,,5,,,,N,units,,,,,N,National,,
DATAFLOW,SPC:DF_CLIMATE_CHANGE(1.0),Climate Change indicators,I,A,Annual,METEO_MONITOR_NET,Meteorological monitoring network,PF,French Polynesia,2011,,5,,,,N,units,,,,,N,National,,
DATAFLOW,SPC:DF_CLIMATE_CHANGE(1.0),Climate Change indicators,I,A,Annual,METEO_MONITOR_NET,Meteorological monitoring network,PF,French Polynesia,2012,,5,,,,N,units,,,,,N,National,,
DATAFLOW,SPC:DF_CLIMATE_CHANGE(1.0),Climate Change indicators,I,A,Annual,METEO_MONITOR_NET,Meteorological monitoring network,PF,French Polynesia,2013,,6,,,,N,units,,,,,N,National,,
DATAFLOW,SPC:DF_CLIMATE_CHANGE(1.0),Climate Change indicators,I,A,Annual,METEO_MONITOR_NET,Meteorological monitoring network,PF,French Polynesia,2014,,6,,,,N,units,,,,,N,National,,
DATAFLOW,SPC:DF_CLIMATE_CHANGE(1.0),Climate Change indicators,I,A,Annual,METEO_MONITOR_NET,Meteorological monitoring network,PF,French Polynesia,2015,,6,,,,N,units,,,,,N,National,,
DATAFLOW,SPC:DF_CLIMATE_CHANGE(1.0),Climate Change indicators,I,A,Annual,METEO_MONITOR_NET,Meteorological monitoring network,PF,French Polynesia,2016,,7,,,,N,units,,,,,N,National,,
DATAFLOW,SPC:DF_CLIMATE_CHANGE(1.0),Climate Change indicators,I,A,Annual,METEO_MONITOR_NET,Meteorological monitoring network,PF,French Polynesia,2017,,7,,,,N,units,,,,,N,National,,
DATAFLOW,SPC:DF_CLIMATE_CHANGE(1.0),Climate Change indicators,I,A,Annual,METEO_MONITOR_NET,Meteorological monitoring network,PF,French Polynesia,2018,,7,,,,N,units,,,,,N,National,,
DATAFLOW,SPC:DF_CLIMATE_CHANGE(1.0),Climate Change indicators,I,A,Annual,METEO_MONITOR_NET,Meteorological monitoring network,PF,French Polynesia,2019,,7,,,,N,units,,,,,N,National,,
DATAFLOW,SPC:DF_CLIMATE_CHANGE(1.0),Climate Change indicators,I,A,Annual,METEO_MONITOR_NET,Meteorological monitoring network,PF,French Polynesia,2020,,7,,,,N,units,,,,,N,National,,
DATAFLOW,SPC:DF_CLIMATE_CHANGE(1.0),Climate Change indicators,I,A,Annual,METEO_MONITOR_NET,Meteorological monitoring network,PF,French Polynesia,2021,,7,,,,N,units,,,,,N,National,,
DATAFLOW,SPC:DF_CLIMATE_CHANGE(1.0),Climate Change indicators,I,A,Annual,METEO_MONITOR_NET,Meteorological monitoring network,PF,French Polynesia,2022,,7,,,,N,units,,,,,N,National,,
DATAFLOW,SPC:DF_CLIMATE_CHANGE(1.0),Climate Change indicators,I,A,Annual,METEO_MONITOR_NET,Meteorological monitoring network,PF,French Polynesia,2023,,7,,,,N,units,,,,,N,National,,
DATAFLOW,SPC:DF_CLIMATE_CHANGE(1.0),Climate Change indicators,I,A,Annual,METEO_MONITOR_NET,Meteorological monitoring network,PF,French Polynesia,2024,,7,,,,N,units,,,,,N,National,,
DATAFLOW,SPC:DF_CLIMATE_CHANGE(1.0),Climate Change indicators,I,A,Annual,METEO_MONITOR_NET,Meteorological monitoring network,PF,French Polynesia,2025,,7,,,,N,units,,,,,N,National,,
DATAFLOW,SPC:DF_CLIMATE_CHANGE(1.0),Climate Change indicators,I,A,Annual,METEO_MONITOR_NET,Meteorological monitoring network,PF,French Polynesia,2026,,7,,,,N,units,,,,,N,National,,
DATAFLOW,SPC:DF_CLIMATE_CHANGE(1.0),Climate Change indicators,I,A,Annual,METEO_MONITOR_NET,Meteorological monitoring network,VU,Vanuatu,1953,,1,,,,N,units,,,,,N,National,,
DATAFLOW,SPC:DF_CLIMATE_CHANGE(1.0),Climate Change indicators,I,A,Annual,METEO_MONITOR_NET,Meteorological monitoring network,VU,Vanuatu,1954,,1,,,,N,units,,,,,N,National,,
DATAFLOW,SPC:DF_CLIMATE_CHANGE(1.0),Climate Change indicators,I,A,Annual,METEO_MONITOR_NET,Meteorological monitoring network,VU,Vanuatu,1955,,1,,,,N,units,,,,,N,National,,
DATAFLOW,SPC:DF_CLIMATE_CHANGE(1.0),Climate Change indicators,I,A,Annual,METEO_MONITOR_NET,Meteorological monitoring network,VU,Vanuatu,1956,,1,,,,N,units,,,,,N,National,,
DATAFLOW,SPC:DF_CLIMATE_CHANGE(1.0),Climate Change indicators,I,A,Annual,METEO_MONITOR_NET,Meteorological monitoring network,VU,Vanuatu,1957,,1,,,,N,units,,,,,N,National,,
DATAFLOW,SPC:DF_CLIMATE_CHANGE(1.0),Climate Change indicators,I,A,Annual,METEO_MONITOR_NET,Meteorological monitoring network,VU,Vanuatu,1958,,1,,,,N,units,,,,,N,National,,
DATAFLOW,SPC:DF_CLIMATE_CHANGE(1.0),Climate Change indicators,I,A,Annual,METEO_MONITOR_NET,Meteorological monitoring network,VU,Vanuatu,1959,,1,,,,N,units,,,,,N,National,,
DATAFLOW,SPC:DF_CLIMATE_CHANGE(1.0),Climate Change indicators,I,A,Annual,METEO_MONITOR_NET,Meteorological monitoring network,VU,Vanuatu,1960,,1,,,,N,units,,,,,N,National,,
DATAFLOW,SPC:DF_CLIMATE_CHANGE(1.0),Climate Change indicators,I,A,Annual,METEO_MONITOR_NET,Meteorological monitoring network,VU,Vanuatu,1961,,2,,,,N,units,,,,,N,National,,
DATAFLOW,SPC:DF_CLIMATE_CHANGE(1.0),Climate Change indicators,I,A,Annual,METEO_MONITOR_NET,Meteorological monitoring network,VU,Vanuatu,1962,,2,,,,N,units,,,,,N,National,,
DATAFLOW,SPC:DF_CLIMATE_CHANGE(1.0),Climate Change indicators,I,A,Annual,METEO_MONITOR_NET,Meteorological monitoring network,VU,Vanuatu,1963,,2,,,,N,units,,,,,N,National,,
DATAFLOW,SPC:DF_CLIMATE_CHANGE(1.0),Climate Change indicators,I,A,Annual,METEO_MONITOR_NET,Meteorological monitoring network,VU,Vanuatu,1964,,2,,,,N,units,,,,,N,National,,
DATAFLOW,SPC:DF_CLIMATE_CHANGE(1.0),Climate Change indicators,I,A,Annual,METEO_MONITOR_NET,Meteorological monitoring network,VU,Vanuatu,1965,,2,,,,N,units,,,,,N,National,,
DATAFLOW,SPC:DF_CLIMATE_CHANGE(1.0),Climate Change indicators,I,A,Annual,METEO_MONITOR_NET,Meteorological monitoring network,VU,Vanuatu,1966,,2,,,,N,units,,,,,N,National,,
DATAFLOW,SPC:DF_CLIMATE_CHANGE(1.0),Climate Change indicators,I,A,Annual,METEO_MONITOR_NET,Meteorological monitoring network,VU,Vanuatu,1967,,2,,,,N,units,,,,,N,National,,
DATAFLOW,SPC:DF_CLIMATE_CHANGE(1.0),Climate Change indicators,I,A,Annual,METEO_MONITOR_NET,Meteorological monitoring network,VU,Vanuatu,1968,,2,,,,N,units,,,,,N,National,,
DATAFLOW,SPC:DF_CLIMATE_CHANGE(1.0),Climate Change indicators,I,A,Annual,METEO_MONITOR_NET,Meteorological monitoring network,VU,Vanuatu,1969,,2,,,,N,units,,,,,N,National,,
DATAFLOW,SPC:DF_CLIMATE_CHANGE(1.0),Climate Change indicators,I,A,Annual,METEO_MONITOR_NET,Meteorological monitoring network,VU,Vanuatu,1970,,2,,,,N,units,,,,,N,National,,
DATAFLOW,SPC:DF_CLIMATE_CHANGE(1.0),Climate Change indicators,I,A,Annual,METEO_MONITOR_NET,Meteorological monitoring network,VU,Vanuatu,1971,,2,,,,N,units,,,,,N,National,,
DATAFLOW,SPC:DF_CLIMATE_CHANGE(1.0),Climate Change indicators,I,A,Annual,METEO_MONITOR_NET,Meteorological monitoring network,VU,Vanuatu,1972,,3,,,,N,units,,,,,N,National,,
DATAFLOW,SPC:DF_CLIMATE_CHANGE(1.0),Climate Change indicators,I,A,Annual,METEO_MONITOR_NET,Meteorological monitoring network,VU,Vanuatu,1973,,4,,,,N,units,,,,,N,National,,
DATAFLOW,SPC:DF_CLIMATE_CHANGE(1.0),Climate Change indicators,I,A,Annual,METEO_MONITOR_NET,Meteorological monitoring network,VU,Vanuatu,1974,,4,,,,N,units,,,,,N,National,,
DATAFLOW,SPC:DF_CLIMATE_CHANGE(1.0),Climate Change indicators,I,A,Annual,METEO_MONITOR_NET,Meteorological monitoring network,VU,Vanuatu,1975,,4,,,,N,units,,,,,N,National,,
DATAFLOW,SPC:DF_CLIMATE_CHANGE(1.0),Climate Change indicators,I,A,Annual,METEO_MONITOR_NET,Meteorological monitoring network,VU,Vanuatu,1976,,4,,,,N,units,,,,,N,National,,
DATAFLOW,SPC:DF_CLIMATE_CHANGE(1.0),Climate Change indicators,I,A,Annual,METEO_MONITOR_NET,Meteorological monitoring network,VU,Vanuatu,1977,,4,,,,N,units,,,,,N,National,,
DATAFLOW,SPC:DF_CLIMATE_CHANGE(1.0),Climate Change indicators,I,A,Annual,METEO_MONITOR_NET,Meteorological monitoring network,VU,Vanuatu,1978,,4,,,,N,units,,,,,N,National,,
DATAFLOW,SPC:DF_CLIMATE_CHANGE(1.0),Climate Change indicators,I,A,Annual,METEO_MONITOR_NET,Meteorological monitoring network,VU,Vanuatu,1979,,4,,,,N,units,,,,,N,National,,
DATAFLOW,SPC:DF_CLIMATE_CHANGE(1.0),Climate Change indicators,I,A,Annual,METEO_MONITOR_NET,Meteorological monitoring network,VU,Vanuatu,1980,,4,,,,N,units,,,,,N,National,,
DATAFLOW,SPC:DF_CLIMATE_CHANGE(1.0),Climate Change indicators,I,A,Annual,METEO_MONITOR_NET,Meteorological monitoring network,VU,Vanuatu,1981,,4,,,,N,units,,,,,N,National,,
DATAFLOW,SPC:DF_CLIMATE_CHANGE(1.0),Climate Change indicators,I,A,Annual,METEO_MONITOR_NET,Meteorological monitoring network,VU,Vanuatu,1982,,4,,,,N,units,,,,,N,National,,
DATAFLOW,SPC:DF_CLIMATE_CHANGE(1.0),Climate Change indicators,I,A,Annual,METEO_MONITOR_NET,Meteorological monitoring network,VU,Vanuatu,1983,,4,,,,N,units,,,,,N,National,,
DATAFLOW,SPC:DF_CLIMATE_CHANGE(1.0),Climate Change indicators,I,A,Annual,METEO_MONITOR_NET,Meteorological monitoring network,VU,Vanuatu,1984,,4,,,,N,units,,,,,N,National,,
DATAFLOW,SPC:DF_CLIMATE_CHANGE(1.0),Climate Change indicators,I,A,Annual,METEO_MONITOR_NET,Meteorological monitoring network,VU,Vanuatu,1985,,4,,,,N,units,,,,,N,National,,
DATAFLOW,SPC:DF_CLIMATE_CHANGE(1.0),Climate Change indicators,I,A,Annual,METEO_MONITOR_NET,Meteorological monitoring network,VU,Vanuatu,1986,,4,,,,N,units,,,,,N,National,,
DATAFLOW,SPC:DF_CLIMATE_CHANGE(1.0),Climate Change indicators,I,A,Annual,METEO_MONITOR_NET,Meteorological monitoring network,VU,Vanuatu,1987,,4,,,,N,units,,,,,N,National,,
DATAFLOW,SPC:DF_CLIMATE_CHANGE(1.0),Climate Change indicators,I,A,Annual,METEO_MONITOR_NET,Meteorological monitoring network,VU,Vanuatu,1988,,5,,,,N,units,,,,,N,National,,
DATAFLOW,SPC:DF_CLIMATE_CHANGE(1.0),Climate Change indicators,I,A,Annual,METEO_MONITOR_NET,Meteorological monitoring network,VU,Vanuatu,1989,,5,,,,N,units,,,,,N,National,,
DATAFLOW,SPC:DF_CLIMATE_CHANGE(1.0),Climate Change indicators,I,A,Annual,METEO_MONITOR_NET,Meteorological monitoring network,VU,Vanuatu,1990,,5,,,,N,units,,,,,N,National,,
DATAFLOW,SPC:DF_CLIMATE_CHANGE(1.0),Climate Change indicators,I,A,Annual,METEO_MONITOR_NET,Meteorological monitoring network,VU,Vanuatu,1991,,5,,,,N,units,,,,,N,National,,
DATAFLOW,SPC:DF_CLIMATE_CHANGE(1.0),Climate Change indicators,I,A,Annual,METEO_MONITOR_NET,Meteorological monitoring network,VU,Vanuatu,1992,,5,,,,N,units,,,,,N,National,,
DATAFLOW,SPC:DF_CLIMATE_CHANGE(1.0),Climate Change indicators,I,A,Annual,METEO_MONITOR_NET,Meteorological monitoring network,VU,Vanuatu,1993,,5,,,,N,units,,,,,N,National,,
DATAFLOW,SPC:DF_CLIMATE_CHANGE(1.0),Climate Change indicators,I,A,Annual,METEO_MONITOR_NET,Meteorological monitoring network,VU,Vanuatu,1994,,5,,,,N,units,,,,,N,National,,
DATAFLOW,SPC:DF_CLIMATE_CHANGE(1.0),Climate Change indicators,I,A,Annual,METEO_MONITOR_NET,Meteorological monitoring network,VU,Vanuatu,1995,,5,,,,N,units,,,,,N,National,,
DATAFLOW,SPC:DF_CLIMATE_CHANGE(1.0),Climate Change indicators,I,A,Annual,METEO_MONITOR_NET,Meteorological monitoring network,VU,Vanuatu,1996,,5,,,,N,units,,,,,N,National,,
DATAFLOW,SPC:DF_CLIMATE_CHANGE(1.0),Climate Change indicators,I,A,Annual,METEO_MONITOR_NET,Meteorological monitoring network,VU,Vanuatu,1997,,5,,,,N,units,,,,,N,National,,
DATAFLOW,SPC:DF_CLIMATE_CHANGE(1.0),Climate Change indicators,I,A,Annual,METEO_MONITOR_NET,Meteorological monitoring network,VU,Vanuatu,1998,,5,,,,N,units,,,,,N,National,,
DATAFLOW,SPC:DF_CLIMATE_CHANGE(1.0),Climate Change indicators,I,A,Annual,METEO_MONITOR_NET,Meteorological monitoring network,VU,Vanuatu,1999,,5,,,,N,units,,,,,N,National,,
DATAFLOW,SPC:DF_CLIMATE_CHANGE(1.0),Climate Change indicators,I,A,Annual,METEO_MONITOR_NET,Meteorological monitoring network,VU,Vanuatu,2000,,5,,,,N,units,,,,,N,National,,
DATAFLOW,SPC:DF_CLIMATE_CHANGE(1.0),Climate Change indicators,I,A,Annual,METEO_MONITOR_NET,Meteorological monitoring network,VU,Vanuatu,2001,,5,,,,N,units,,,,,N,National,,
DATAFLOW,SPC:DF_CLIMATE_CHANGE(1.0),Climate Change indicators,I,A,Annual,METEO_MONITOR_NET,Meteorological monitoring network,VU,Vanuatu,2002,,5,,,,N,units,,,,,N,National,,
DATAFLOW,SPC:DF_CLIMATE_CHANGE(1.0),Climate Change indicators,I,A,Annual,METEO_MONITOR_NET,Meteorological monitoring network,VU,Vanuatu,2003,,5,,,,N,units,,,,,N,National,,
DATAFLOW,SPC:DF_CLIMATE_CHANGE(1.0),Climate Change indicators,I,A,Annual,METEO_MONITOR_NET,Meteorological monitoring network,VU,Vanuatu,2004,,5,,,,N,units,,,,,N,National,,
DATAFLOW,SPC:DF_CLIMATE_CHANGE(1.0),Climate Change indicators,I,A,Annual,METEO_MONITOR_NET,Meteorological monitoring network,VU,Vanuatu,2005,,5,,,,N,units,,,,,N,National,,
DATAFLOW,SPC:DF_CLIMATE_CHANGE(1.0),Climate Change indicators,I,A,Annual,METEO_MONITOR_NET,Meteorological monitoring network,VU,Vanuatu,2006,,5,,,,N,units,,,,,N,National,,
DATAFLOW,SPC:DF_CLIMATE_CHANGE(1.0),Climate Change indicators,I,A,Annual,METEO_MONITOR_NET,Meteorological monitoring network,VU,Vanuatu,2007,,6,,,,N,units,,,,,N,National,,
DATAFLOW,SPC:DF_CLIMATE_CHANGE(1.0),Climate Change indicators,I,A,Annual,METEO_MONITOR_NET,Meteorological monitoring network,VU,Vanuatu,2008,,6,,,,N,units,,,,,N,National,,
DATAFLOW,SPC:DF_CLIMATE_CHANGE(1.0),Climate Change indicators,I,A,Annual,METEO_MONITOR_NET,Meteorological monitoring network,VU,Vanuatu,2009,,6,,,,N,units,,,,,N,National,,
DATAFLOW,SPC:DF_CLIMATE_CHANGE(1.0),Climate Change indicators,I,A,Annual,METEO_MONITOR_NET,Meteorological monitoring network,VU,Vanuatu,2010,,6,,,,N,units,,,,,N,National,,
DATAFLOW,SPC:DF_CLIMATE_CHANGE(1.0),Climate Change indicators,I,A,Annual,METEO_MONITOR_NET,Meteorological monitoring network,VU,Vanuatu,2011,,6,,,,N,units,,,,,N,National,,
DATAFLOW,SPC:DF_CLIMATE_CHANGE(1.0),Climate Change indicators,I,A,Annual,METEO_MONITOR_NET,Meteorological monitoring network,VU,Vanuatu,2012,,6,,,,N,units,,,,,N,National,,
DATAFLOW,SPC:DF_CLIMATE_CHANGE(1.0),Climate Change indicators,I,A,Annual,METEO_MONITOR_NET,Meteorological monitoring network,VU,Vanuatu,2013,,6,,,,N,units,,,,,N,National,,
DATAFLOW,SPC:DF_CLIMATE_CHANGE(1.0),Climate Change indicators,I,A,Annual,METEO_MONITOR_NET,Meteorological monitoring network,VU,Vanuatu,2014,,6,,,,N,units,,,,,N,National,,
DATAFLOW,SPC:DF_CLIMATE_CHANGE(1.0),Climate Change indicators,I,A,Annual,METEO_MONITOR_NET,Meteorological monitoring network,VU,Vanuatu,2015,,6,,,,N,units,,,,,N,National,,
DATAFLOW,SPC:DF_CLIMATE_CHANGE(1.0),Climate Change indicators,I,A,Annual,METEO_MONITOR_NET,Meteorological monitoring network,VU,Vanuatu,2016,,6,,,,N,units,,,,,N,National,,
DATAFLOW,SPC:DF_CLIMATE_CHANGE(1.0),Climate Change indicators,I,A,Annual,METEO_MONITOR_NET,Meteorological monitoring network,VU,Vanuatu,2017,,6,,,,N,units,,,,,N,National,,
DATAFLOW,SPC:DF_CLIMATE_CHANGE(1.0),Climate Change indicators,I,A,Annual,METEO_MONITOR_NET,Meteorological monitoring network,VU,Vanuatu,2018,,6,,,,N,units,,,,,N,National,,
DATAFLOW,SPC:DF_CLIMATE_CHANGE(1.0),Climate Change indicators,I,A,Annual,METEO_MONITOR_NET,Meteorological monitoring network,VU,Vanuatu,2019,,6,,,,N,units,,,,,N,National,,
DATAFLOW,SPC:DF_CLIMATE_CHANGE(1.0),Climate Change indicators,I,A,Annual,METEO_MONITOR_NET,Meteorological monitoring network,VU,Vanuatu,2020,,6,,,,N,units,,,,,N,National,,
DATAFLOW,SPC:DF_CLIMATE_CHANGE(1.0),Climate Change indicators,I,A,Annual,METEO_MONITOR_NET,Meteorological monitoring network,VU,Vanuatu,2021,,6,,,,N,units,,,,,N,National,,
DATAFLOW,SPC:DF_CLIMATE_CHANGE(1.0),Climate Change indicators,I,A,Annual,METEO_MONITOR_NET,Meteorological monitoring network,VU,Vanuatu,2022,,6,,,,N,units,,,,,N,National,,
DATAFLOW,SPC:DF_CLIMATE_CHANGE(1.0),Climate Change indicators,I,A,Annual,METEO_MONITOR_NET,Meteorological monitoring network,VU,Vanuatu,2023,,6,,,,N,units,,,,,N,National,,
DATAFLOW,SPC:DF_CLIMATE_CHANGE(1.0),Climate Change indicators,I,A,Annual,METEO_MONITOR_NET,Meteorological monitoring network,VU,Vanuatu,2024,,6,,,,N,units,,,,,N,National,,
DATAFLOW,SPC:DF_CLIMATE_CHANGE(1.0),Climate Change indicators,I,A,Annual,METEO_MONITOR_NET,Meteorological monitoring network,VU,Vanuatu,2025,,6,,,,N,units,,,,,N,National,,
DATAFLOW,SPC:DF_CLIMATE_CHANGE(1.0),Climate Change indicators,I,A,Annual,METEO_MONITOR_NET,Meteorological monitoring network,VU,Vanuatu,2026,,6,,,,N,units,,,,,N,National,,
DATAFLOW,SPC:DF_CLIMATE_CHANGE(1.0),Climate Change indicators,I,A,Annual,METEO_MONITOR_NET,Meteorological monitoring network,PN,Pitcairn,1889,,0,,,,N,units,,,,,N,National,,
DATAFLOW,SPC:DF_CLIMATE_CHANGE(1.0),Climate Change indicators,I,A,Annual,METEO_MONITOR_NET,Meteorological monitoring network,PN,Pitcairn,1890,,0,,,,N,units,,,,,N,National,,
DATAFLOW,SPC:DF_CLIMATE_CHANGE(1.0),Climate Change indicators,I,A,Annual,METEO_MONITOR_NET,Meteorological monitoring network,PN,Pitcairn,1891,,0,,,,N,units,,,,,N,National,,
DATAFLOW,SPC:DF_CLIMATE_CHANGE(1.0),Climate Change indicators,I,A,Annual,METEO_MONITOR_NET,Meteorological monitoring network,PN,Pitcairn,1892,,0,,,,N,units,,,,,N,National,,
DATAFLOW,SPC:DF_CLIMATE_CHANGE(1.0),Climate Change indicators,I,A,Annual,METEO_MONITOR_NET,Meteorological monitoring network,PN,Pitcairn,1893,,0,,,,N,units,,,,,N,National,,
DATAFLOW,SPC:DF_CLIMATE_CHANGE(1.0),Climate Change indicators,I,A,Annual,METEO_MONITOR_NET,Meteorological monitoring network,PN,Pitcairn,1894,,0,,,,N,units,,,,,N,National,,
DATAFLOW,SPC:DF_CLIMATE_CHANGE(1.0),Climate Change indicators,I,A,Annual,METEO_MONITOR_NET,Meteorological monitoring network,PN,Pitcairn,1895,,0,,,,N,units,,,,,N,National,,
DATAFLOW,SPC:DF_CLIMATE_CHANGE(1.0),Climate Change indicators,I,A,Annual,METEO_MONITOR_NET,Meteorological monitoring network,PN,Pitcairn,1896,,0,,,,N,units,,,,,N,National,,
DATAFLOW,SPC:DF_CLIMATE_CHANGE(1.0),Climate Change indicators,I,A,Annual,METEO_MONITOR_NET,Meteorological monitoring network,PN,Pitcairn,1897,,0,,,,N,units,,,,,N,National,,
DATAFLOW,SPC:DF_CLIMATE_CHANGE(1.0),Climate Change indicators,I,A,Annual,METEO_MONITOR_NET,Meteorological monitoring network,PN,Pitcairn,1898,,0,,,,N,units,,,,,N,National,,
DATAFLOW,SPC:DF_CLIMATE_CHANGE(1.0),Climate Change indicators,I,A,Annual,METEO_MONITOR_NET,Meteorological monitoring network,PN,Pitcairn,1899,,0,,,,N,units,,,,,N,National,,
DATAFLOW,SPC:DF_CLIMATE_CHANGE(1.0),Climate Change indicators,I,A,Annual,METEO_MONITOR_NET,Meteorological monitoring network,PN,Pitcairn,1900,,0,,,,N,units,,,,,N,National,,
DATAFLOW,SPC:DF_CLIMATE_CHANGE(1.0),Climate Change indicators,I,A,Annual,METEO_MONITOR_NET,Meteorological monitoring network,PN,Pitcairn,1901,,0,,,,N,units,,,,,N,National,,
DATAFLOW,SPC:DF_CLIMATE_CHANGE(1.0),Climate Change indicators,I,A,Annual,METEO_MONITOR_NET,Meteorological monitoring network,PN,Pitcairn,1902,,0,,,,N,units,,,,,N,National,,
DATAFLOW,SPC:DF_CLIMATE_CHANGE(1.0),Climate Change indicators,I,A,Annual,METEO_MONITOR_NET,Meteorological monitoring network,PN,Pitcairn,1903,,0,,,,N,units,,,,,N,National,,
DATAFLOW,SPC:DF_CLIMATE_CHANGE(1.0),Climate Change indicators,I,A,Annual,METEO_MONITOR_NET,Meteorological monitoring network,PN,Pitcairn,1904,,0,,,,N,units,,,,,N,National,,
DATAFLOW,SPC:DF_CLIMATE_CHANGE(1.0),Climate Change indicators,I,A,Annual,METEO_MONITOR_NET,Meteorological monitoring network,PN,Pitcairn,1905,,0,,,,N,units,,,,,N,National,,
DATAFLOW,SPC:DF_CLIMATE_CHANGE(1.0),Climate Change indicators,I,A,Annual,METEO_MONITOR_NET,Meteorological monitoring network,PN,Pitcairn,1906,,0,,,,N,units,,,,,N,National,,
DATAFLOW,SPC:DF_CLIMATE_CHANGE(1.0),Climate Change indicators,I,A,Annual,METEO_MONITOR_NET,Meteorological monitoring network,PN,Pitcairn,1907,,0,,,,N,units,,,,,N,National,,
DATAFLOW,SPC:DF_CLIMATE_CHANGE(1.0),Climate Change indicators,I,A,Annual,METEO_MONITOR_NET,Meteorological monitoring network,PN,Pitcairn,1908,,0,,,,N,units,,,,,N,National,,
DATAFLOW,SPC:DF_CLIMATE_CHANGE(1.0),Climate Change indicators,I,A,Annual,METEO_MONITOR_NET,Meteorological monitoring network,PN,Pitcairn,1909,,0,,,,N,units,,,,,N,National,,
DATAFLOW,SPC:DF_CLIMATE_CHANGE(1.0),Climate Change indicators,I,A,Annual,METEO_MONITOR_NET,Meteorological monitoring network,PN,Pitcairn,1910,,0,,,,N,units,,,,,N,National,,
DATAFLOW,SPC:DF_CLIMATE_CHANGE(1.0),Climate Change indicators,I,A,Annual,METEO_MONITOR_NET,Meteorological monitoring network,PN,Pitcairn,1911,,0,,,,N,units,,,,,N,National,,
DATAFLOW,SPC:DF_CLIMATE_CHANGE(1.0),Climate Change indicators,I,A,Annual,METEO_MONITOR_NET,Meteorological monitoring network,PN,Pitcairn,1912,,0,,,,N,units,,,,,N,National,,
DATAFLOW,SPC:DF_CLIMATE_CHANGE(1.0),Climate Change indicators,I,A,Annual,METEO_MONITOR_NET,Meteorological monitoring network,PN,Pitcairn,1913,,0,,,,N,units,,,,,N,National,,
DATAFLOW,SPC:DF_CLIMATE_CHANGE(1.0),Climate Change indicators,I,A,Annual,METEO_MONITOR_NET,Meteorological monitoring network,PN,Pitcairn,1914,,0,,,,N,units,,,,,N,National,,
DATAFLOW,SPC:DF_CLIMATE_CHANGE(1.0),Climate Change indicators,I,A,Annual,METEO_MONITOR_NET,Meteorological monitoring network,PN,Pitcairn,1915,,0,,,,N,units,,,,,N,National,,
DATAFLOW,SPC:DF_CLIMATE_CHANGE(1.0),Climate Change indicators,I,A,Annual,METEO_MONITOR_NET,Meteorological monitoring network,PN,Pitcairn,1916,,0,,,,N,units,,,,,N,National,,
DATAFLOW,SPC:DF_CLIMATE_CHANGE(1.0),Climate Change indicators,I,A,Annual,METEO_MONITOR_NET,Meteorological monitoring network,PN,Pitcairn,1917,,0,,,,N,units,,,,,N,National,,
DATAFLOW,SPC:DF_CLIMATE_CHANGE(1.0),Climate Change indicators,I,A,Annual,METEO_MONITOR_NET,Meteorological monitoring network,PN,Pitcairn,1918,,0,,,,N,units,,,,,N,National,,
DATAFLOW,SPC:DF_CLIMATE_CHANGE(1.0),Climate Change indicators,I,A,Annual,METEO_MONITOR_NET,Meteorological monitoring network,PN,Pitcairn,1919,,0,,,,N,units,,,,,N,National,,
DATAFLOW,SPC:DF_CLIMATE_CHANGE(1.0),Climate Change indicators,I,A,Annual,METEO_MONITOR_NET,Meteorological monitoring network,PN,Pitcairn,1920,,0,,,,N,units,,,,,N,National,,
DATAFLOW,SPC:DF_CLIMATE_CHANGE(1.0),Climate Change indicators,I,A,Annual,METEO_MONITOR_NET,Meteorological monitoring network,PN,Pitcairn,1921,,0,,,,N,units,,,,,N,National,,
DATAFLOW,SPC:DF_CLIMATE_CHANGE(1.0),Climate Change indicators,I,A,Annual,METEO_MONITOR_NET,Meteorological monitoring network,PN,Pitcairn,1922,,0,,,,N,units,,,,,N,National,,
DATAFLOW,SPC:DF_CLIMATE_CHANGE(1.0),Climate Change indicators,I,A,Annual,METEO_MONITOR_NET,Meteorological monitoring network,PN,Pitcairn,1923,,0,,,,N,units,,,,,N,National,,
DATAFLOW,SPC:DF_CLIMATE_CHANGE(1.0),Climate Change indicators,I,A,Annual,METEO_MONITOR_NET,Meteorological monitoring network,PN,Pitcairn,1924,,0,,,,N,units,,,,,N,National,,
DATAFLOW,SPC:DF_CLIMATE_CHANGE(1.0),Climate Change indicators,I,A,Annual,METEO_MONITOR_NET,Meteorological monitoring network,PN,Pitcairn,1925,,0,,,,N,units,,,,,N,National,,
DATAFLOW,SPC:DF_CLIMATE_CHANGE(1.0),Climate Change indicators,I,A,Annual,METEO_MONITOR_NET,Meteorological monitoring network,PN,Pitcairn,1926,,0,,,,N,units,,,,,N,National,,
DATAFLOW,SPC:DF_CLIMATE_CHANGE(1.0),Climate Change indicators,I,A,Annual,METEO_MONITOR_NET,Meteorological monitoring network,PN,Pitcairn,1927,,0,,,,N,units,,,,,N,National,,
DATAFLOW,SPC:DF_CLIMATE_CHANGE(1.0),Climate Change indicators,I,A,Annual,METEO_MONITOR_NET,Meteorological monitoring network,PN,Pitcairn,1928,,0,,,,N,units,,,,,N,National,,
DATAFLOW,SPC:DF_CLIMATE_CHANGE(1.0),Climate Change indicators,I,A,Annual,METEO_MONITOR_NET,Meteorological monitoring network,PN,Pitcairn,1929,,0,,,,N,units,,,,,N,National,,
DATAFLOW,SPC:DF_CLIMATE_CHANGE(1.0),Climate Change indicators,I,A,Annual,METEO_MONITOR_NET,Meteorological monitoring network,PN,Pitcairn,1930,,0,,,,N,units,,,,,N,National,,
DATAFLOW,SPC:DF_CLIMATE_CHANGE(1.0),Climate Change indicators,I,A,Annual,METEO_MONITOR_NET,Meteorological monitoring network,PN,Pitcairn,1931,,0,,,,N,units,,,,,N,National,,
DATAFLOW,SPC:DF_CLIMATE_CHANGE(1.0),Climate Change indicators,I,A,Annual,METEO_MONITOR_NET,Meteorological monitoring network,PN,Pitcairn,1932,,0,,,,N,units,,,,,N,National,,
DATAFLOW,SPC:DF_CLIMATE_CHANGE(1.0),Climate Change indicators,I,A,Annual,METEO_MONITOR_NET,Meteorological monitoring network,PN,Pitcairn,1933,,0,,,,N,units,,,,,N,National,,
DATAFLOW,SPC:DF_CLIMATE_CHANGE(1.0),Climate Change indicators,I,A,Annual,METEO_MONITOR_NET,Meteorological monitoring network,PN,Pitcairn,1934,,0,,,,N,units,,,,,N,National,,
DATAFLOW,SPC:DF_CLIMATE_CHANGE(1.0),Climate Change indicators,I,A,Annual,METEO_MONITOR_NET,Meteorological monitoring network,PN,Pitcairn,1935,,0,,,,N,units,,,,,N,National,,
DATAFLOW,SPC:DF_CLIMATE_CHANGE(1.0),Climate Change indicators,I,A,Annual,METEO_MONITOR_NET,Meteorological monitoring network,PN,Pitcairn,1936,,0,,,,N,units,,,,,N,National,,
DATAFLOW,SPC:DF_CLIMATE_CHANGE(1.0),Climate Change indicators,I,A,Annual,METEO_MONITOR_NET,Meteorological monitoring network,PN,Pitcairn,1937,,0,,,,N,units,,,,,N,National,,
DATAFLOW,SPC:DF_CLIMATE_CHANGE(1.0),Climate Change indicators,I,A,Annual,METEO_MONITOR_NET,Meteorological monitoring network,PN,Pitcairn,1938,,0,,,,N,units,,,,,N,National,,
DATAFLOW,SPC:DF_CLIMATE_CHANGE(1.0),Climate Change indicators,I,A,Annual,METEO_MONITOR_NET,Meteorological monitoring network,PN,Pitcairn,1939,,0,,,,N,units,,,,,N,National,,
DATAFLOW,SPC:DF_CLIMATE_CHANGE(1.0),Climate Change indicators,I,A,Annual,METEO_MONITOR_NET,Meteorological monitoring network,PN,Pitcairn,1940,,0,,,,N,units,,,,,N,National,,
DATAFLOW,SPC:DF_CLIMATE_CHANGE(1.0),Climate Change indicators,I,A,Annual,METEO_MONITOR_NET,Meteorological monitoring network,PN,Pitcairn,1941,,0,,,,N,units,,,,,N,National,,
DATAFLOW,SPC:DF_CLIMATE_CHANGE(1.0),Climate Change indicators,I,A,Annual,METEO_MONITOR_NET,Meteorological monitoring network,PN,Pitcairn,1942,,0,,,,N,units,,,,,N,National,,
DATAFLOW,SPC:DF_CLIMATE_CHANGE(1.0),Climate Change indicators,I,A,Annual,METEO_MONITOR_NET,Meteorological monitoring network,PN,Pitcairn,1943,,0,,,,N,units,,,,,N,National,,
DATAFLOW,SPC:DF_CLIMATE_CHANGE(1.0),Climate Change indicators,I,A,Annual,METEO_MONITOR_NET,Meteorological monitoring network,PN,Pitcairn,1944,,0,,,,N,units,,,,,N,National,,
DATAFLOW,SPC:DF_CLIMATE_CHANGE(1.0),Climate Change indicators,I,A,Annual,METEO_MONITOR_NET,Meteorological monitoring network,PN,Pitcairn,1945,,0,,,,N,units,,,,,N,National,,
DATAFLOW,SPC:DF_CLIMATE_CHANGE(1.0),Climate Change indicators,I,A,Annual,METEO_MONITOR_NET,Meteorological monitoring network,PN,Pitcairn,1946,,0,,,,N,units,,,,,N,National,,
DATAFLOW,SPC:DF_CLIMATE_CHANGE(1.0),Climate Change indicators,I,A,Annual,METEO_MONITOR_NET,Meteorological monitoring network,PN,Pitcairn,1947,,0,,,,N,units,,,,,N,National,,
DATAFLOW,SPC:DF_CLIMATE_CHANGE(1.0),Climate Change indicators,I,A,Annual,METEO_MONITOR_NET,Meteorological monitoring network,PN,Pitcairn,1948,,0,,,,N,units,,,,,N,National,,
DATAFLOW,SPC:DF_CLIMATE_CHANGE(1.0),Climate Change indicators,I,A,Annual,METEO_MONITOR_NET,Meteorological monitoring network,PN,Pitcairn,1949,,0,,,,N,units,,,,,N,National,,
DATAFLOW,SPC:DF_CLIMATE_CHANGE(1.0),Climate Change indicators,I,A,Annual,METEO_MONITOR_NET,Meteorological monitoring network,PN,Pitcairn,1950,,0,,,,N,units,,,,,N,National,,
DATAFLOW,SPC:DF_CLIMATE_CHANGE(1.0),Climate Change indicators,I,A,Annual,METEO_MONITOR_NET,Meteorological monitoring network,PN,Pitcairn,1951,,0,,,,N,units,,,,,N,National,,
DATAFLOW,SPC:DF_CLIMATE_CHANGE(1.0),Climate Change indicators,I,A,Annual,METEO_MONITOR_NET,Meteorological monitoring network,PN,Pitcairn,1952,,0,,,,N,units,,,,,N,National,,
DATAFLOW,SPC:DF_CLIMATE_CHANGE(1.0),Climate Change indicators,I,A,Annual,METEO_MONITOR_NET,Meteorological monitoring network,PN,Pitcairn,1953,,0,,,,N,units,,,,,N,National,,
DATAFLOW,SPC:DF_CLIMATE_CHANGE(1.0),Climate Change indicators,I,A,Annual,METEO_MONITOR_NET,Meteorological monitoring network,PN,Pitcairn,1954,,0,,,,N,units,,,,,N,National,,
DATAFLOW,SPC:DF_CLIMATE_CHANGE(1.0),Climate Change indicators,I,A,Annual,METEO_MONITOR_NET,Meteorological monitoring network,PN,Pitcairn,1955,,0,,,,N,units,,,,,N,National,,
DATAFLOW,SPC:DF_CLIMATE_CHANGE(1.0),Climate Change indicators,I,A,Annual,METEO_MONITOR_NET,Meteorological monitoring network,PN,Pitcairn,1956,,0,,,,N,units,,,,,N,National,,
DATAFLOW,SPC:DF_CLIMATE_CHANGE(1.0),Climate Change indicators,I,A,Annual,METEO_MONITOR_NET,Meteorological monitoring network,PN,Pitcairn,1957,,0,,,,N,units,,,,,N,National,,
DATAFLOW,SPC:DF_CLIMATE_CHANGE(1.0),Climate Change indicators,I,A,Annual,METEO_MONITOR_NET,Meteorological monitoring network,PN,Pitcairn,1958,,0,,,,N,units,,,,,N,National,,
DATAFLOW,SPC:DF_CLIMATE_CHANGE(1.0),Climate Change indicators,I,A,Annual,METEO_MONITOR_NET,Meteorological monitoring network,PN,Pitcairn,1959,,0,,,,N,units,,,,,N,National,,
DATAFLOW,SPC:DF_CLIMATE_CHANGE(1.0),Climate Change indicators,I,A,Annual,METEO_MONITOR_NET,Meteorological monitoring network,PN,Pitcairn,1960,,0,,,,N,units,,,,,N,National,,
DATAFLOW,SPC:DF_CLIMATE_CHANGE(1.0),Climate Change indicators,I,A,Annual,METEO_MONITOR_NET,Meteorological monitoring network,PN,Pitcairn,1961,,0,,,,N,units,,,,,N,National,,
DATAFLOW,SPC:DF_CLIMATE_CHANGE(1.0),Climate Change indicators,I,A,Annual,METEO_MONITOR_NET,Meteorological monitoring network,PN,Pitcairn,1962,,0,,,,N,units,,,,,N,National,,
DATAFLOW,SPC:DF_CLIMATE_CHANGE(1.0),Climate Change indicators,I,A,Annual,METEO_MONITOR_NET,Meteorological monitoring network,PN,Pitcairn,1963,,0,,,,N,units,,,,,N,National,,
DATAFLOW,SPC:DF_CLIMATE_CHANGE(1.0),Climate Change indicators,I,A,Annual,METEO_MONITOR_NET,Meteorological monitoring network,PN,Pitcairn,1964,,0,,,,N,units,,,,,N,National,,
DATAFLOW,SPC:DF_CLIMATE_CHANGE(1.0),Climate Change indicators,I,A,Annual,METEO_MONITOR_NET,Meteorological monitoring network,PN,Pitcairn,1965,,0,,,,N,units,,,,,N,National,,
DATAFLOW,SPC:DF_CLIMATE_CHANGE(1.0),Climate Change indicators,I,A,Annual,METEO_MONITOR_NET,Meteorological monitoring network,PN,Pitcairn,1966,,0,,,,N,units,,,,,N,National,,
DATAFLOW,SPC:DF_CLIMATE_CHANGE(1.0),Climate Change indicators,I,A,Annual,METEO_MONITOR_NET,Meteorological monitoring network,PN,Pitcairn,1967,,0,,,,N,units,,,,,N,National,,
DATAFLOW,SPC:DF_CLIMATE_CHANGE(1.0),Climate Change indicators,I,A,Annual,METEO_MONITOR_NET,Meteorological monitoring network,PN,Pitcairn,1968,,0,,,,N,units,,,,,N,National,,
DATAFLOW,SPC:DF_CLIMATE_CHANGE(1.0),Climate Change indicators,I,A,Annual,METEO_MONITOR_NET,Meteorological monitoring network,PN,Pitcairn,1969,,0,,,,N,units,,,,,N,National,,
DATAFLOW,SPC:DF_CLIMATE_CHANGE(1.0),Climate Change indicators,I,A,Annual,METEO_MONITOR_NET,Meteorological monitoring network,PN,Pitcairn,1970,,0,,,,N,units,,,,,N,National,,
DATAFLOW,SPC:DF_CLIMATE_CHANGE(1.0),Climate Change indicators,I,A,Annual,METEO_MONITOR_NET,Meteorological monitoring network,PN,Pitcairn,1971,,0,,,,N,units,,,,,N,National,,
DATAFLOW,SPC:DF_CLIMATE_CHANGE(1.0),Climate Change indicators,I,A,Annual,METEO_MONITOR_NET,Meteorological monitoring network,PN,Pitcairn,1972,,0,,,,N,units,,,,,N,National,,
DATAFLOW,SPC:DF_CLIMATE_CHANGE(1.0),Climate Change indicators,I,A,Annual,METEO_MONITOR_NET,Meteorological monitoring network,PN,Pitcairn,1973,,0,,,,N,units,,,,,N,National,,
DATAFLOW,SPC:DF_CLIMATE_CHANGE(1.0),Climate Change indicators,I,A,Annual,METEO_MONITOR_NET,Meteorological monitoring network,PN,Pitcairn,1974,,0,,,,N,units,,,,,N,National,,
DATAFLOW,SPC:DF_CLIMATE_CHANGE(1.0),Climate Change indicators,I,A,Annual,METEO_MONITOR_NET,Meteorological monitoring network,PN,Pitcairn,1975,,0,,,,N,units,,,,,N,National,,
DATAFLOW,SPC:DF_CLIMATE_CHANGE(1.0),Climate Change indicators,I,A,Annual,METEO_MONITOR_NET,Meteorological monitoring network,PN,Pitcairn,1976,,0,,,,N,units,,,,,N,National,,
DATAFLOW,SPC:DF_CLIMATE_CHANGE(1.0),Climate Change indicators,I,A,Annual,METEO_MONITOR_NET,Meteorological monitoring network,PN,Pitcairn,1977,,0,,,,N,units,,,,,N,National,,
DATAFLOW,SPC:DF_CLIMATE_CHANGE(1.0),Climate Change indicators,I,A,Annual,METEO_MONITOR_NET,Meteorological monitoring network,PN,Pitcairn,1978,,0,,,,N,units,,,,,N,National,,
DATAFLOW,SPC:DF_CLIMATE_CHANGE(1.0),Climate Change indicators,I,A,Annual,METEO_MONITOR_NET,Meteorological monitoring network,PN,Pitcairn,1979,,0,,,,N,units,,,,,N,National,,
DATAFLOW,SPC:DF_CLIMATE_CHANGE(1.0),Climate Change indicators,I,A,Annual,METEO_MONITOR_NET,Meteorological monitoring network,PN,Pitcairn,1980,,0,,,,N,units,,,,,N,National,,
DATAFLOW,SPC:DF_CLIMATE_CHANGE(1.0),Climate Change indicators,I,A,Annual,METEO_MONITOR_NET,Meteorological monitoring network,PN,Pitcairn,1981,,0,,,,N,units,,,,,N,National,,
DATAFLOW,SPC:DF_CLIMATE_CHANGE(1.0),Climate Change indicators,I,A,Annual,METEO_MONITOR_NET,Meteorological monitoring network,PN,Pitcairn,1982,,0,,,,N,units,,,,,N,National,,
DATAFLOW,SPC:DF_CLIMATE_CHANGE(1.0),Climate Change indicators,I,A,Annual,METEO_MONITOR_NET,Meteorological monitoring network,PN,Pitcairn,1983,,0,,,,N,units,,,,,N,National,,
DATAFLOW,SPC:DF_CLIMATE_CHANGE(1.0),Climate Change indicators,I,A,Annual,METEO_MONITOR_NET,Meteorological monitoring network,PN,Pitcairn,1984,,0,,,,N,units,,,,,N,National,,
DATAFLOW,SPC:DF_CLIMATE_CHANGE(1.0),Climate Change indicators,I,A,Annual,METEO_MONITOR_NET,Meteorological monitoring network,PN,Pitcairn,1985,,0,,,,N,units,,,,,N,National,,
DATAFLOW,SPC:DF_CLIMATE_CHANGE(1.0),Climate Change indicators,I,A,Annual,METEO_MONITOR_NET,Meteorological monitoring network,PN,Pitcairn,1986,,0,,,,N,units,,,,,N,National,,
DATAFLOW,SPC:DF_CLIMATE_CHANGE(1.0),Climate Change indicators,I,A,Annual,METEO_MONITOR_NET,Meteorological monitoring network,PN,Pitcairn,1987,,0,,,,N,units,,,,,N,National,,
DATAFLOW,SPC:DF_CLIMATE_CHANGE(1.0),Climate Change indicators,I,A,Annual,METEO_MONITOR_NET,Meteorological monitoring network,PN,Pitcairn,1988,,0,,,,N,units,,,,,N,National,,
DATAFLOW,SPC:DF_CLIMATE_CHANGE(1.0),Climate Change indicators,I,A,Annual,METEO_MONITOR_NET,Meteorological monitoring network,PN,Pitcairn,1989,,0,,,,N,units,,,,,N,National,,
DATAFLOW,SPC:DF_CLIMATE_CHANGE(1.0),Climate Change indicators,I,A,Annual,METEO_MONITOR_NET,Meteorological monitoring network,PN,Pitcairn,1990,,0,,,,N,units,,,,,N,National,,
DATAFLOW,SPC:DF_CLIMATE_CHANGE(1.0),Climate Change indicators,I,A,Annual,METEO_MONITOR_NET,Meteorological monitoring network,PN,Pitcairn,1991,,0,,,,N,units,,,,,N,National,,
DATAFLOW,SPC:DF_CLIMATE_CHANGE(1.0),Climate Change indicators,I,A,Annual,METEO_MONITOR_NET,Meteorological monitoring network,PN,Pitcairn,1992,,0,,,,N,units,,,,,N,National,,
DATAFLOW,SPC:DF_CLIMATE_CHANGE(1.0),Climate Change indicators,I,A,Annual,METEO_MONITOR_NET,Meteorological monitoring network,PN,Pitcairn,1993,,0,,,,N,units,,,,,N,National,,
DATAFLOW,SPC:DF_CLIMATE_CHANGE(1.0),Climate Change indicators,I,A,Annual,METEO_MONITOR_NET,Meteorological monitoring network,PN,Pitcairn,1994,,0,,,,N,units,,,,,N,National,,
DATAFLOW,SPC:DF_CLIMATE_CHANGE(1.0),Climate Change indicators,I,A,Annual,METEO_MONITOR_NET,Meteorological monitoring network,PN,Pitcairn,1995,,0,,,,N,units,,,,,N,National,,
DATAFLOW,SPC:DF_CLIMATE_CHANGE(1.0),Climate Change indicators,I,A,Annual,METEO_MONITOR_NET,Meteorological monitoring network,PN,Pitcairn,1996,,0,,,,N,units,,,,,N,National,,
DATAFLOW,SPC:DF_CLIMATE_CHANGE(1.0),Climate Change indicators,I,A,Annual,METEO_MONITOR_NET,Meteorological monitoring network,PN,Pitcairn,1997,,0,,,,N,units,,,,,N,National,,
DATAFLOW,SPC:DF_CLIMATE_CHANGE(1.0),Climate Change indicators,I,A,Annual,METEO_MONITOR_NET,Meteorological monitoring network,PN,Pitcairn,1998,,0,,,,N,units,,,,,N,National,,
DATAFLOW,SPC:DF_CLIMATE_CHANGE(1.0),Climate Change indicators,I,A,Annual,METEO_MONITOR_NET,Meteorological monitoring network,PN,Pitcairn,1999,,0,,,,N,units,,,,,N,National,,
DATAFLOW,SPC:DF_CLIMATE_CHANGE(1.0),Climate Change indicators,I,A,Annual,METEO_MONITOR_NET,Meteorological monitoring network,PN,Pitcairn,2000,,0,,,,N,units,,,,,N,National,,
DATAFLOW,SPC:DF_CLIMATE_CHANGE(1.0),Climate Change indicators,I,A,Annual,METEO_MONITOR_NET,Meteorological monitoring network,PN,Pitcairn,2001,,0,,,,N,units,,,,,N,National,,
DATAFLOW,SPC:DF_CLIMATE_CHANGE(1.0),Climate Change indicators,I,A,Annual,METEO_MONITOR_NET,Meteorological monitoring network,PN,Pitcairn,2002,,0,,,,N,units,,,,,N,National,,
DATAFLOW,SPC:DF_CLIMATE_CHANGE(1.0),Climate Change indicators,I,A,Annual,METEO_MONITOR_NET,Meteorological monitoring network,PN,Pitcairn,2003,,0,,,,N,units,,,,,N,National,,
DATAFLOW,SPC:DF_CLIMATE_CHANGE(1.0),Climate Change indicators,I,A,Annual,METEO_MONITOR_NET,Meteorological monitoring network,PN,Pitcairn,2004,,0,,,,N,units,,,,,N,National,,
DATAFLOW,SPC:DF_CLIMATE_CHANGE(1.0),Climate Change indicators,I,A,Annual,METEO_MONITOR_NET,Meteorological monitoring network,PN,Pitcairn,2005,,0,,,,N,units,,,,,N,National,,
DATAFLOW,SPC:DF_CLIMATE_CHANGE(1.0),Climate Change indicators,I,A,Annual,METEO_MONITOR_NET,Meteorological monitoring network,PN,Pitcairn,2006,,0,,,,N,units,,,,,N,National,,
DATAFLOW,SPC:DF_CLIMATE_CHANGE(1.0),Climate Change indicators,I,A,Annual,METEO_MONITOR_NET,Meteorological monitoring network,PN,Pitcairn,2007,,0,,,,N,units,,,,,N,National,,
DATAFLOW,SPC:DF_CLIMATE_CHANGE(1.0),Climate Change indicators,I,A,Annual,METEO_MONITOR_NET,Meteorological monitoring network,PN,Pitcairn,2008,,0,,,,N,units,,,,,N,National,,
DATAFLOW,SPC:DF_CLIMATE_CHANGE(1.0),Climate Change indicators,I,A,Annual,METEO_MONITOR_NET,Meteorological monitoring network,PN,Pitcairn,2009,,0,,,,N,units,,,,,N,National,,
DATAFLOW,SPC:DF_CLIMATE_CHANGE(1.0),Climate Change indicators,I,A,Annual,METEO_MONITOR_NET,Meteorological monitoring network,PN,Pitcairn,2010,,0,,,,N,units,,,,,N,National,,
DATAFLOW,SPC:DF_CLIMATE_CHANGE(1.0),Climate Change indicators,I,A,Annual,METEO_MONITOR_NET,Meteorological monitoring network,PN,Pitcairn,2011,,0,,,,N,units,,,,,N,National,,
DATAFLOW,SPC:DF_CLIMATE_CHANGE(1.0),Climate Change indicators,I,A,Annual,METEO_MONITOR_NET,Meteorological monitoring network,PN,Pitcairn,2012,,0,,,,N,units,,,,,N,National,,
DATAFLOW,SPC:DF_CLIMATE_CHANGE(1.0),Climate Change indicators,I,A,Annual,METEO_MONITOR_NET,Meteorological monitoring network,PN,Pitcairn,2013,,0,,,,N,units,,,,,N,National,,
DATAFLOW,SPC:DF_CLIMATE_CHANGE(1.0),Climate Change indicators,I,A,Annual,METEO_MONITOR_NET,Meteorological monitoring network,PN,Pitcairn,2014,,0,,,,N,units,,,,,N,National,,
DATAFLOW,SPC:DF_CLIMATE_CHANGE(1.0),Climate Change indicators,I,A,Annual,METEO_MONITOR_NET,Meteorological monitoring network,PN,Pitcairn,2015,,0,,,,N,units,,,,,N,National,,
DATAFLOW,SPC:DF_CLIMATE_CHANGE(1.0),Climate Change indicators,I,A,Annual,METEO_MONITOR_NET,Meteorological monitoring network,PN,Pitcairn,2016,,0,,,,N,units,,,,,N,National,,
DATAFLOW,SPC:DF_CLIMATE_CHANGE(1.0),Climate Change indicators,I,A,Annual,METEO_MONITOR_NET,Meteorological monitoring network,PN,Pitcairn,2017,,0,,,,N,units,,,,,N,National,,
DATAFLOW,SPC:DF_CLIMATE_CHANGE(1.0),Climate Change indicators,I,A,Annual,METEO_MONITOR_NET,Meteorological monitoring network,PN,Pitcairn,2018,,0,,,,N,units,,,,,N,National,,
DATAFLOW,SPC:DF_CLIMATE_CHANGE(1.0),Climate Change indicators,I,A,Annual,METEO_MONITOR_NET,Meteorological monitoring network,PN,Pitcairn,2019,,0,,,,N,units,,,,,N,National,,
DATAFLOW,SPC:DF_CLIMATE_CHANGE(1.0),Climate Change indicators,I,A,Annual,METEO_MONITOR_NET,Meteorological monitoring network,PN,Pitcairn,2020,,0,,,,N,units,,,,,N,National,,
DATAFLOW,SPC:DF_CLIMATE_CHANGE(1.0),Climate Change indicators,I,A,Annual,METEO_MONITOR_NET,Meteorological monitoring network,PN,Pitcairn,2021,,0,,,,N,units,,,,,N,National,,
DATAFLOW,SPC:DF_CLIMATE_CHANGE(1.0),Climate Change indicators,I,A,Annual,METEO_MONITOR_NET,Meteorological monitoring network,PN,Pitcairn,2022,,0,,,,N,units,,,,,N,National,,
DATAFLOW,SPC:DF_CLIMATE_CHANGE(1.0),Climate Change indicators,I,A,Annual,METEO_MONITOR_NET,Meteorological monitoring network,PN,Pitcairn,2023,,0,,,,N,units,,,,,N,National,,
DATAFLOW,SPC:DF_CLIMATE_CHANGE(1.0),Climate Change indicators,I,A,Annual,METEO_MONITOR_NET,Meteorological monitoring network,PN,Pitcairn,2024,,0,,,,N,units,,,,,N,National,,
DATAFLOW,SPC:DF_CLIMATE_CHANGE(1.0),Climate Change indicators,I,A,Annual,METEO_MONITOR_NET,Meteorological monitoring network,PN,Pitcairn,2025,,0,,,,N,units,,,,,N,National,,
DATAFLOW,SPC:DF_CLIMATE_CHANGE(1.0),Climate Change indicators,I,A,Annual,METEO_MONITOR_NET,Meteorological monitoring network,PN,Pitcairn,2026,,0,,,,N,units,,,,,N,National,,
DATAFLOW,SPC:DF_CLIMATE_CHANGE(1.0),Climate Change indicators,I,A,Annual,METEO_MONITOR_NET,Meteorological monitoring network,NC,New Caledonia,1941,,1,,,,N,units,,,,,N,National,,
DATAFLOW,SPC:DF_CLIMATE_CHANGE(1.0),Climate Change indicators,I,A,Annual,METEO_MONITOR_NET,Meteorological monitoring network,NC,New Caledonia,1942,,1,,,,N,units,,,,,N,National,,
DATAFLOW,SPC:DF_CLIMATE_CHANGE(1.0),Climate Change indicators,I,A,Annual,METEO_MONITOR_NET,Meteorological monitoring network,NC,New Caledonia,1943,,1,,,,N,units,,,,,N,National,,
DATAFLOW,SPC:DF_CLIMATE_CHANGE(1.0),Climate Change indicators,I,A,Annual,METEO_MONITOR_NET,Meteorological monitoring network,NC,New Caledonia,1944,,1,,,,N,units,,,,,N,National,,
DATAFLOW,SPC:DF_CLIMATE_CHANGE(1.0),Climate Change indicators,I,A,Annual,METEO_MONITOR_NET,Meteorological monitoring network,NC,New Caledonia,1945,,1,,,,N,units,,,,,N,National,,
DATAFLOW,SPC:DF_CLIMATE_CHANGE(1.0),Climate Change indicators,I,A,Annual,METEO_MONITOR_NET,Meteorological monitoring network,NC,New Caledonia,1946,,1,,,,N,units,,,,,N,National,,
DATAFLOW,SPC:DF_CLIMATE_CHANGE(1.0),Climate Change indicators,I,A,Annual,METEO_MONITOR_NET,Meteorological monitoring network,NC,New Caledonia,1947,,1,,,,N,units,,,,,N,National,,
DATAFLOW,SPC:DF_CLIMATE_CHANGE(1.0),Climate Change indicators,I,A,Annual,METEO_MONITOR_NET,Meteorological monitoring network,NC,New Caledonia,1948,,1,,,,N,units,,,,,N,National,,
DATAFLOW,SPC:DF_CLIMATE_CHANGE(1.0),Climate Change indicators,I,A,Annual,METEO_MONITOR_NET,Meteorological monitoring network,NC,New Caledonia,1949,,1,,,,N,units,,,,,N,National,,
DATAFLOW,SPC:DF_CLIMATE_CHANGE(1.0),Climate Change indicators,I,A,Annual,METEO_MONITOR_NET,Meteorological monitoring network,NC,New Caledonia,1950,,1,,,,N,units,,,,,N,National,,
DATAFLOW,SPC:DF_CLIMATE_CHANGE(1.0),Climate Change indicators,I,A,Annual,METEO_MONITOR_NET,Meteorological monitoring network,NC,New Caledonia,1951,,1,,,,N,units,,,,,N,National,,
DATAFLOW,SPC:DF_CLIMATE_CHANGE(1.0),Climate Change indicators,I,A,Annual,METEO_MONITOR_NET,Meteorological monitoring network,NC,New Caledonia,1952,,1,,,,N,units,,,,,N,National,,
DATAFLOW,SPC:DF_CLIMATE_CHANGE(1.0),Climate Change indicators,I,A,Annual,METEO_MONITOR_NET,Meteorological monitoring network,NC,New Caledonia,1953,,1,,,,N,units,,,,,N,National,,
DATAFLOW,SPC:DF_CLIMATE_CHANGE(1.0),Climate Change indicators,I,A,Annual,METEO_MONITOR_NET,Meteorological monitoring network,NC,New Caledonia,1954,,1,,,,N,units,,,,,N,National,,
DATAFLOW,SPC:DF_CLIMATE_CHANGE(1.0),Climate Change indicators,I,A,Annual,METEO_MONITOR_NET,Meteorological monitoring network,NC,New Caledonia,1955,,1,,,,N,units,,,,,N,National,,
DATAFLOW,SPC:DF_CLIMATE_CHANGE(1.0),Climate Change indicators,I,A,Annual,METEO_MONITOR_NET,Meteorological monitoring network,NC,New Caledonia,1956,,1,,,,N,units,,,,,N,National,,
DATAFLOW,SPC:DF_CLIMATE_CHANGE(1.0),Climate Change indicators,I,A,Annual,METEO_MONITOR_NET,Meteorological monitoring network,NC,New Caledonia,1957,,1,,,,N,units,,,,,N,National,,
DATAFLOW,SPC:DF_CLIMATE_CHANGE(1.0),Climate Change indicators,I,A,Annual,METEO_MONITOR_NET,Meteorological monitoring network,NC,New Caledonia,1958,,1,,,,N,units,,,,,N,National,,
DATAFLOW,SPC:DF_CLIMATE_CHANGE(1.0),Climate Change indicators,I,A,Annual,METEO_MONITOR_NET,Meteorological monitoring network,NC,New Caledonia,1959,,1,,,,N,units,,,,,N,National,,
DATAFLOW,SPC:DF_CLIMATE_CHANGE(1.0),Climate Change indicators,I,A,Annual,METEO_MONITOR_NET,Meteorological monitoring network,NC,New Caledonia,1960,,1,,,,N,units,,,,,N,National,,
DATAFLOW,SPC:DF_CLIMATE_CHANGE(1.0),Climate Change indicators,I,A,Annual,METEO_MONITOR_NET,Meteorological monitoring network,NC,New Caledonia,1961,,1,,,,N,units,,,,,N,National,,
DATAFLOW,SPC:DF_CLIMATE_CHANGE(1.0),Climate Change indicators,I,A,Annual,METEO_MONITOR_NET,Meteorological monitoring network,NC,New Caledonia,1962,,1,,,,N,units,,,,,N,National,,
DATAFLOW,SPC:DF_CLIMATE_CHANGE(1.0),Climate Change indicators,I,A,Annual,METEO_MONITOR_NET,Meteorological monitoring network,NC,New Caledonia,1963,,2,,,,N,units,,,,,N,National,,
DATAFLOW,SPC:DF_CLIMATE_CHANGE(1.0),Climate Change indicators,I,A,Annual,METEO_MONITOR_NET,Meteorological monitoring network,NC,New Caledonia,1964,,2,,,,N,units,,,,,N,National,,
DATAFLOW,SPC:DF_CLIMATE_CHANGE(1.0),Climate Change indicators,I,A,Annual,METEO_MONITOR_NET,Meteorological monitoring network,NC,New Caledonia,1965,,2,,,,N,units,,,,,N,National,,
DATAFLOW,SPC:DF_CLIMATE_CHANGE(1.0),Climate Change indicators,I,A,Annual,METEO_MONITOR_NET,Meteorological monitoring network,NC,New Caledonia,1966,,2,,,,N,units,,,,,N,National,,
DATAFLOW,SPC:DF_CLIMATE_CHANGE(1.0),Climate Change indicators,I,A,Annual,METEO_MONITOR_NET,Meteorological monitoring network,NC,New Caledonia,1967,,2,,,,N,units,,,,,N,National,,
DATAFLOW,SPC:DF_CLIMATE_CHANGE(1.0),Climate Change indicators,I,A,Annual,METEO_MONITOR_NET,Meteorological monitoring network,NC,New Caledonia,1968,,2,,,,N,units,,,,,N,National,,
DATAFLOW,SPC:DF_CLIMATE_CHANGE(1.0),Climate Change indicators,I,A,Annual,METEO_MONITOR_NET,Meteorological monitoring network,NC,New Caledonia,1969,,2,,,,N,units,,,,,N,National,,
DATAFLOW,SPC:DF_CLIMATE_CHANGE(1.0),Climate Change indicators,I,A,Annual,METEO_MONITOR_NET,Meteorological monitoring network,NC,New Caledonia,1970,,2,,,,N,units,,,,,N,National,,
DATAFLOW,SPC:DF_CLIMATE_CHANGE(1.0),Climate Change indicators,I,A,Annual,METEO_MONITOR_NET,Meteorological monitoring network,NC,New Caledonia,1971,,2,,,,N,units,,,,,N,National,,
DATAFLOW,SPC:DF_CLIMATE_CHANGE(1.0),Climate Change indicators,I,A,Annual,METEO_MONITOR_NET,Meteorological monitoring network,NC,New Caledonia,1972,,2,,,,N,units,,,,,N,National,,
DATAFLOW,SPC:DF_CLIMATE_CHANGE(1.0),Climate Change indicators,I,A,Annual,METEO_MONITOR_NET,Meteorological monitoring network,NC,New Caledonia,1973,,2,,,,N,units,,,,,N,National,,
DATAFLOW,SPC:DF_CLIMATE_CHANGE(1.0),Climate Change indicators,I,A,Annual,METEO_MONITOR_NET,Meteorological monitoring network,NC,New Caledonia,1974,,2,,,,N,units,,,,,N,National,,
DATAFLOW,SPC:DF_CLIMATE_CHANGE(1.0),Climate Change indicators,I,A,Annual,METEO_MONITOR_NET,Meteorological monitoring network,NC,New Caledonia,1975,,2,,,,N,units,,,,,N,National,,
DATAFLOW,SPC:DF_CLIMATE_CHANGE(1.0),Climate Change indicators,I,A,Annual,METEO_MONITOR_NET,Meteorological monitoring network,NC,New Caledonia,1976,,2,,,,N,units,,,,,N,National,,
DATAFLOW,SPC:DF_CLIMATE_CHANGE(1.0),Climate Change indicators,I,A,Annual,METEO_MONITOR_NET,Meteorological monitoring network,NC,New Caledonia,1977,,2,,,,N,units,,,,,N,National,,
DATAFLOW,SPC:DF_CLIMATE_CHANGE(1.0),Climate Change indicators,I,A,Annual,METEO_MONITOR_NET,Meteorological monitoring network,NC,New Caledonia,1978,,2,,,,N,units,,,,,N,National,,
DATAFLOW,SPC:DF_CLIMATE_CHANGE(1.0),Climate Change indicators,I,A,Annual,METEO_MONITOR_NET,Meteorological monitoring network,NC,New Caledonia,1979,,2,,,,N,units,,,,,N,National,,
DATAFLOW,SPC:DF_CLIMATE_CHANGE(1.0),Climate Change indicators,I,A,Annual,METEO_MONITOR_NET,Meteorological monitoring network,NC,New Caledonia,1980,,2,,,,N,units,,,,,N,National,,
DATAFLOW,SPC:DF_CLIMATE_CHANGE(1.0),Climate Change indicators,I,A,Annual,METEO_MONITOR_NET,Meteorological monitoring network,NC,New Caledonia,1981,,2,,,,N,units,,,,,N,National,,
DATAFLOW,SPC:DF_CLIMATE_CHANGE(1.0),Climate Change indicators,I,A,Annual,METEO_MONITOR_NET,Meteorological monitoring network,NC,New Caledonia,1982,,2,,,,N,units,,,,,N,National,,
DATAFLOW,SPC:DF_CLIMATE_CHANGE(1.0),Climate Change indicators,I,A,Annual,METEO_MONITOR_NET,Meteorological monitoring network,NC,New Caledonia,1983,,3,,,,N,units,,,,,N,National,,
DATAFLOW,SPC:DF_CLIMATE_CHANGE(1.0),Climate Change indicators,I,A,Annual,METEO_MONITOR_NET,Meteorological monitoring network,NC,New Caledonia,1984,,3,,,,N,units,,,,,N,National,,
DATAFLOW,SPC:DF_CLIMATE_CHANGE(1.0),Climate Change indicators,I,A,Annual,METEO_MONITOR_NET,Meteorological monitoring network,NC,New Caledonia,1985,,3,,,,N,units,,,,,N,National,,
DATAFLOW,SPC:DF_CLIMATE_CHANGE(1.0),Climate Change indicators,I,A,Annual,METEO_MONITOR_NET,Meteorological monitoring network,NC,New Caledonia,1986,,3,,,,N,units,,,,,N,National,,
DATAFLOW,SPC:DF_CLIMATE_CHANGE(1.0),Climate Change indicators,I,A,Annual,METEO_MONITOR_NET,Meteorological monitoring network,NC,New Caledonia,1987,,3,,,,N,units,,,,,N,National,,
DATAFLOW,SPC:DF_CLIMATE_CHANGE(1.0),Climate Change indicators,I,A,Annual,METEO_MONITOR_NET,Meteorological monitoring network,NC,New Caledonia,1988,,3,,,,N,units,,,,,N,National,,
DATAFLOW,SPC:DF_CLIMATE_CHANGE(1.0),Climate Change indicators,I,A,Annual,METEO_MONITOR_NET,Meteorological monitoring network,NC,New Caledonia,1989,,3,,,,N,units,,,,,N,National,,
DATAFLOW,SPC:DF_CLIMATE_CHANGE(1.0),Climate Change indicators,I,A,Annual,METEO_MONITOR_NET,Meteorological monitoring network,NC,New Caledonia,1990,,3,,,,N,units,,,,,N,National,,
DATAFLOW,SPC:DF_CLIMATE_CHANGE(1.0),Climate Change indicators,I,A,Annual,METEO_MONITOR_NET,Meteorological monitoring network,NC,New Caledonia,1991,,3,,,,N,units,,,,,N,National,,
DATAFLOW,SPC:DF_CLIMATE_CHANGE(1.0),Climate Change indicators,I,A,Annual,METEO_MONITOR_NET,Meteorological monitoring network,NC,New Caledonia,1992,,3,,,,N,units,,,,,N,National,,
DATAFLOW,SPC:DF_CLIMATE_CHANGE(1.0),Climate Change indicators,I,A,Annual,METEO_MONITOR_NET,Meteorological monitoring network,NC,New Caledonia,1993,,3,,,,N,units,,,,,N,National,,
DATAFLOW,SPC:DF_CLIMATE_CHANGE(1.0),Climate Change indicators,I,A,Annual,METEO_MONITOR_NET,Meteorological monitoring network,NC,New Caledonia,1994,,3,,,,N,units,,,,,N,National,,
DATAFLOW,SPC:DF_CLIMATE_CHANGE(1.0),Climate Change indicators,I,A,Annual,METEO_MONITOR_NET,Meteorological monitoring network,NC,New Caledonia,1995,,3,,,,N,units,,,,,N,National,,
DATAFLOW,SPC:DF_CLIMATE_CHANGE(1.0),Climate Change indicators,I,A,Annual,METEO_MONITOR_NET,Meteorological monitoring network,NC,New Caledonia,1996,,3,,,,N,units,,,,,N,National,,
DATAFLOW,SPC:DF_CLIMATE_CHANGE(1.0),Climate Change indicators,I,A,Annual,METEO_MONITOR_NET,Meteorological monitoring network,NC,New Caledonia,1997,,3,,,,N,units,,,,,N,National,,
DATAFLOW,SPC:DF_CLIMATE_CHANGE(1.0),Climate Change indicators,I,A,Annual,METEO_MONITOR_NET,Meteorological monitoring network,NC,New Caledonia,1998,,3,,,,N,units,,,,,N,National,,
DATAFLOW,SPC:DF_CLIMATE_CHANGE(1.0),Climate Change indicators,I,A,Annual,METEO_MONITOR_NET,Meteorological monitoring network,NC,New Caledonia,1999,,3,,,,N,units,,,,,N,National,,
DATAFLOW,SPC:DF_CLIMATE_CHANGE(1.0),Climate Change indicators,I,A,Annual,METEO_MONITOR_NET,Meteorological monitoring network,NC,New Caledonia,2000,,3,,,,N,units,,,,,N,National,,
DATAFLOW,SPC:DF_CLIMATE_CHANGE(1.0),Climate Change indicators,I,A,Annual,METEO_MONITOR_NET,Meteorological monitoring network,NC,New Caledonia,2001,,3,,,,N,units,,,,,N,National,,
DATAFLOW,SPC:DF_CLIMATE_CHANGE(1.0),Climate Change indicators,I,A,Annual,METEO_MONITOR_NET,Meteorological monitoring network,NC,New Caledonia,2002,,3,,,,N,units,,,,,N,National,,
DATAFLOW,SPC:DF_CLIMATE_CHANGE(1.0),Climate Change indicators,I,A,Annual,METEO_MONITOR_NET,Meteorological monitoring network,NC,New Caledonia,2003,,3,,,,N,units,,,,,N,National,,
DATAFLOW,SPC:DF_CLIMATE_CHANGE(1.0),Climate Change indicators,I,A,Annual,METEO_MONITOR_NET,Meteorological monitoring network,NC,New Caledonia,2004,,3,,,,N,units,,,,,N,National,,
DATAFLOW,SPC:DF_CLIMATE_CHANGE(1.0),Climate Change indicators,I,A,Annual,METEO_MONITOR_NET,Meteorological monitoring network,NC,New Caledonia,2005,,3,,,,N,units,,,,,N,National,,
DATAFLOW,SPC:DF_CLIMATE_CHANGE(1.0),Climate Change indicators,I,A,Annual,METEO_MONITOR_NET,Meteorological monitoring network,NC,New Caledonia,2006,,3,,,,N,units,,,,,N,National,,
DATAFLOW,SPC:DF_CLIMATE_CHANGE(1.0),Climate Change indicators,I,A,Annual,METEO_MONITOR_NET,Meteorological monitoring network,NC,New Caledonia,2007,,3,,,,N,units,,,,,N,National,,
DATAFLOW,SPC:DF_CLIMATE_CHANGE(1.0),Climate Change indicators,I,A,Annual,METEO_MONITOR_NET,Meteorological monitoring network,NC,New Caledonia,2008,,3,,,,N,units,,,,,N,National,,
DATAFLOW,SPC:DF_CLIMATE_CHANGE(1.0),Climate Change indicators,I,A,Annual,METEO_MONITOR_NET,Meteorological monitoring network,NC,New Caledonia,2009,,3,,,,N,units,,,,,N,National,,
DATAFLOW,SPC:DF_CLIMATE_CHANGE(1.0),Climate Change indicators,I,A,Annual,METEO_MONITOR_NET,Meteorological monitoring network,NC,New Caledonia,2010,,3,,,,N,units,,,,,N,National,,
DATAFLOW,SPC:DF_CLIMATE_CHANGE(1.0),Climate Change indicators,I,A,Annual,METEO_MONITOR_NET,Meteorological monitoring network,NC,New Caledonia,2011,,3,,,,N,units,,,,,N,National,,
DATAFLOW,SPC:DF_CLIMATE_CHANGE(1.0),Climate Change indicators,I,A,Annual,METEO_MONITOR_NET,Meteorological monitoring network,NC,New Caledonia,2012,,3,,,,N,units,,,,,N,National,,
DATAFLOW,SPC:DF_CLIMATE_CHANGE(1.0),Climate Change indicators,I,A,Annual,METEO_MONITOR_NET,Meteorological monitoring network,NC,New Caledonia,2013,,3,,,,N,units,,,,,N,National,,
DATAFLOW,SPC:DF_CLIMATE_CHANGE(1.0),Climate Change indicators,I,A,Annual,METEO_MONITOR_NET,Meteorological monitoring network,NC,New Caledonia,2014,,3,,,,N,units,,,,,N,National,,
DATAFLOW,SPC:DF_CLIMATE_CHANGE(1.0),Climate Change indicators,I,A,Annual,METEO_MONITOR_NET,Meteorological monitoring network,NC,New Caledonia,2015,,3,,,,N,units,,,,,N,National,,
DATAFLOW,SPC:DF_CLIMATE_CHANGE(1.0),Climate Change indicators,I,A,Annual,METEO_MONITOR_NET,Meteorological monitoring network,NC,New Caledonia,2016,,4,,,,N,units,,,,,N,National,,
DATAFLOW,SPC:DF_CLIMATE_CHANGE(1.0),Climate Change indicators,I,A,Annual,METEO_MONITOR_NET,Meteorological monitoring network,NC,New Caledonia,2017,,4,,,,N,units,,,,,N,National,,
DATAFLOW,SPC:DF_CLIMATE_CHANGE(1.0),Climate Change indicators,I,A,Annual,METEO_MONITOR_NET,Meteorological monitoring network,NC,New Caledonia,2018,,4,,,,N,units,,,,,N,National,,
DATAFLOW,SPC:DF_CLIMATE_CHANGE(1.0),Climate Change indicators,I,A,Annual,METEO_MONITOR_NET,Meteorological monitoring network,NC,New Caledonia,2019,,4,,,,N,units,,,,,N,National,,
DATAFLOW,SPC:DF_CLIMATE_CHANGE(1.0),Climate Change indicators,I,A,Annual,METEO_MONITOR_NET,Meteorological monitoring network,NC,New Caledonia,2020,,4,,,,N,units,,,,,N,National,,
DATAFLOW,SPC:DF_CLIMATE_CHANGE(1.0),Climate Change indicators,I,A,Annual,METEO_MONITOR_NET,Meteorological monitoring network,NC,New Caledonia,2021,,4,,,,N,units,,,,,N,National,,
DATAFLOW,SPC:DF_CLIMATE_CHANGE(1.0),Climate Change indicators,I,A,Annual,METEO_MONITOR_NET,Meteorological monitoring network,NC,New Caledonia,2022,,4,,,,N,units,,,,,N,National,,
DATAFLOW,SPC:DF_CLIMATE_CHANGE(1.0),Climate Change indicators,I,A,Annual,METEO_MONITOR_NET,Meteorological monitoring network,NC,New Caledonia,2023,,4,,,,N,units,,,,,N,National,,
DATAFLOW,SPC:DF_CLIMATE_CHANGE(1.0),Climate Change indicators,I,A,Annual,METEO_MONITOR_NET,Meteorological monitoring network,NC,New Caledonia,2024,,4,,,,N,units,,,,,N,National,,
DATAFLOW,SPC:DF_CLIMATE_CHANGE(1.0),Climate Change indicators,I,A,Annual,METEO_MONITOR_NET,Meteorological monitoring network,NC,New Caledonia,2025,,4,,,,N,units,,,,,N,National,,
DATAFLOW,SPC:DF_CLIMATE_CHANGE(1.0),Climate Change indicators,I,A,Annual,METEO_MONITOR_NET,Meteorological monitoring network,NC,New Caledonia,2026,,4,,,,N,units,,,,,N,National,,
DATAFLOW,SPC:DF_CLIMATE_CHANGE(1.0),Climate Change indicators,I,A,Annual,METEO_MONITOR_NET,Meteorological monitoring network,FM,"Micronesia, Federated State of",1941,,1,,,,N,units,,,,,N,National,,
DATAFLOW,SPC:DF_CLIMATE_CHANGE(1.0),Climate Change indicators,I,A,Annual,METEO_MONITOR_NET,Meteorological monitoring network,FM,"Micronesia, Federated State of",1942,,1,,,,N,units,,,,,N,National,,
DATAFLOW,SPC:DF_CLIMATE_CHANGE(1.0),Climate Change indicators,I,A,Annual,METEO_MONITOR_NET,Meteorological monitoring network,FM,"Micronesia, Federated State of",1943,,1,,,,N,units,,,,,N,National,,
DATAFLOW,SPC:DF_CLIMATE_CHANGE(1.0),Climate Change indicators,I,A,Annual,METEO_MONITOR_NET,Meteorological monitoring network,FM,"Micronesia, Federated State of",1944,,1,,,,N,units,,,,,N,National,,
DATAFLOW,SPC:DF_CLIMATE_CHANGE(1.0),Climate Change indicators,I,A,Annual,METEO_MONITOR_NET,Meteorological monitoring network,FM,"Micronesia, Federated State of",1945,,1,,,,N,units,,,,,N,National,,
DATAFLOW,SPC:DF_CLIMATE_CHANGE(1.0),Climate Change indicators,I,A,Annual,METEO_MONITOR_NET,Meteorological monitoring network,FM,"Micronesia, Federated State of",1946,,1,,,,N,units,,,,,N,National,,
DATAFLOW,SPC:DF_CLIMATE_CHANGE(1.0),Climate Change indicators,I,A,Annual,METEO_MONITOR_NET,Meteorological monitoring network,FM,"Micronesia, Federated State of",1947,,1,,,,N,units,,,,,N,National,,
DATAFLOW,SPC:DF_CLIMATE_CHANGE(1.0),Climate Change indicators,I,A,Annual,METEO_MONITOR_NET,Meteorological monitoring network,FM,"Micronesia, Federated State of",1948,,2,,,,N,units,,,,,N,National,,
DATAFLOW,SPC:DF_CLIMATE_CHANGE(1.0),Climate Change indicators,I,A,Annual,METEO_MONITOR_NET,Meteorological monitoring network,FM,"Micronesia, Federated State of",1949,,2,,,,N,units,,,,,N,National,,
DATAFLOW,SPC:DF_CLIMATE_CHANGE(1.0),Climate Change indicators,I,A,Annual,METEO_MONITOR_NET,Meteorological monitoring network,FM,"Micronesia, Federated State of",1950,,2,,,,N,units,,,,,N,National,,
DATAFLOW,SPC:DF_CLIMATE_CHANGE(1.0),Climate Change indicators,I,A,Annual,METEO_MONITOR_NET,Meteorological monitoring network,FM,"Micronesia, Federated State of",1951,,2,,,,N,units,,,,,N,National,,
DATAFLOW,SPC:DF_CLIMATE_CHANGE(1.0),Climate Change indicators,I,A,Annual,METEO_MONITOR_NET,Meteorological monitoring network,FM,"Micronesia, Federated State of",1952,,3,,,,N,units,,,,,N,National,,
DATAFLOW,SPC:DF_CLIMATE_CHANGE(1.0),Climate Change indicators,I,A,Annual,METEO_MONITOR_NET,Meteorological monitoring network,FM,"Micronesia, Federated State of",1953,,3,,,,N,units,,,,,N,National,,
DATAFLOW,SPC:DF_CLIMATE_CHANGE(1.0),Climate Change indicators,I,A,Annual,METEO_MONITOR_NET,Meteorological monitoring network,FM,"Micronesia, Federated State of",1954,,3,,,,N,units,,,,,N,National,,
DATAFLOW,SPC:DF_CLIMATE_CHANGE(1.0),Climate Change indicators,I,A,Annual,METEO_MONITOR_NET,Meteorological monitoring network,FM,"Micronesia, Federated State of",1955,,3,,,,N,units,,,,,N,National,,
DATAFLOW,SPC:DF_CLIMATE_CHANGE(1.0),Climate Change indicators,I,A,Annual,METEO_MONITOR_NET,Meteorological monitoring network,FM,"Micronesia, Federated State of",1956,,3,,,,N,units,,,,,N,National,,
DATAFLOW,SPC:DF_CLIMATE_CHANGE(1.0),Climate Change indicators,I,A,Annual,METEO_MONITOR_NET,Meteorological monitoring network,FM,"Micronesia, Federated State of",1957,,3,,,,N,units,,,,,N,National,,
DATAFLOW,SPC:DF_CLIMATE_CHANGE(1.0),Climate Change indicators,I,A,Annual,METEO_MONITOR_NET,Meteorological monitoring network,FM,"Micronesia, Federated State of",1958,,3,,,,N,units,,,,,N,National,,
DATAFLOW,SPC:DF_CLIMATE_CHANGE(1.0),Climate Change indicators,I,A,Annual,METEO_MONITOR_NET,Meteorological monitoring network,FM,"Micronesia, Federated State of",1959,,3,,,,N,units,,,,,N,National,,
DATAFLOW,SPC:DF_CLIMATE_CHANGE(1.0),Climate Change indicators,I,A,Annual,METEO_MONITOR_NET,Meteorological monitoring network,FM,"Micronesia, Federated State of",1960,,3,,,,N,units,,,,,N,National,,
DATAFLOW,SPC:DF_CLIMATE_CHANGE(1.0),Climate Change indicators,I,A,Annual,METEO_MONITOR_NET,Meteorological monitoring network,FM,"Micronesia, Federated State of",1961,,3,,,,N,units,,,,,N,National,,
DATAFLOW,SPC:DF_CLIMATE_CHANGE(1.0),Climate Change indicators,I,A,Annual,METEO_MONITOR_NET,Meteorological monitoring network,FM,"Micronesia, Federated State of",1962,,3,,,,N,units,,,,,N,National,,
DATAFLOW,SPC:DF_CLIMATE_CHANGE(1.0),Climate Change indicators,I,A,Annual,METEO_MONITOR_NET,Meteorological monitoring network,FM,"Micronesia, Federated State of",1963,,3,,,,N,units,,,,,N,National,,
DATAFLOW,SPC:DF_CLIMATE_CHANGE(1.0),Climate Change indicators,I,A,Annual,METEO_MONITOR_NET,Meteorological monitoring network,FM,"Micronesia, Federated State of",1964,,3,,,,N,units,,,,,N,National,,
DATAFLOW,SPC:DF_CLIMATE_CHANGE(1.0),Climate Change indicators,I,A,Annual,METEO_MONITOR_NET,Meteorological monitoring network,FM,"Micronesia, Federated State of",1965,,3,,,,N,units,,,,,N,National,,
DATAFLOW,SPC:DF_CLIMATE_CHANGE(1.0),Climate Change indicators,I,A,Annual,METEO_MONITOR_NET,Meteorological monitoring network,FM,"Micronesia, Federated State of",1966,,3,,,,N,units,,,,,N,National,,
DATAFLOW,SPC:DF_CLIMATE_CHANGE(1.0),Climate Change indicators,I,A,Annual,METEO_MONITOR_NET,Meteorological monitoring network,FM,"Micronesia, Federated State of",1967,,3,,,,N,units,,,,,N,National,,
DATAFLOW,SPC:DF_CLIMATE_CHANGE(1.0),Climate Change indicators,I,A,Annual,METEO_MONITOR_NET,Meteorological monitoring network,FM,"Micronesia, Federated State of",1968,,3,,,,N,units,,,,,N,National,,
DATAFLOW,SPC:DF_CLIMATE_CHANGE(1.0),Climate Change indicators,I,A,Annual,METEO_MONITOR_NET,Meteorological monitoring network,FM,"Micronesia, Federated State of",1969,,3,,,,N,units,,,,,N,National,,
DATAFLOW,SPC:DF_CLIMATE_CHANGE(1.0),Climate Change indicators,I,A,Annual,METEO_MONITOR_NET,Meteorological monitoring network,FM,"Micronesia, Federated State of",1970,,3,,,,N,units,,,,,N,National,,
DATAFLOW,SPC:DF_CLIMATE_CHANGE(1.0),Climate Change indicators,I,A,Annual,METEO_MONITOR_NET,Meteorological monitoring network,FM,"Micronesia, Federated State of",1971,,3,,,,N,units,,,,,N,National,,
DATAFLOW,SPC:DF_CLIMATE_CHANGE(1.0),Climate Change indicators,I,A,Annual,METEO_MONITOR_NET,Meteorological monitoring network,FM,"Micronesia, Federated State of",1972,,3,,,,N,units,,,,,N,National,,
DATAFLOW,SPC:DF_CLIMATE_CHANGE(1.0),Climate Change indicators,I,A,Annual,METEO_MONITOR_NET,Meteorological monitoring network,FM,"Micronesia, Federated State of",1973,,3,,,,N,units,,,,,N,National,,
DATAFLOW,SPC:DF_CLIMATE_CHANGE(1.0),Climate Change indicators,I,A,Annual,METEO_MONITOR_NET,Meteorological monitoring network,FM,"Micronesia, Federated State of",1974,,3,,,,N,units,,,,,N,National,,
DATAFLOW,SPC:DF_CLIMATE_CHANGE(1.0),Climate Change indicators,I,A,Annual,METEO_MONITOR_NET,Meteorological monitoring network,FM,"Micronesia, Federated State of",1975,,3,,,,N,units,,,,,N,National,,
DATAFLOW,SPC:DF_CLIMATE_CHANGE(1.0),Climate Change indicators,I,A,Annual,METEO_MONITOR_NET,Meteorological monitoring network,FM,"Micronesia, Federated State of",1976,,3,,,,N,units,,,,,N,National,,
DATAFLOW,SPC:DF_CLIMATE_CHANGE(1.0),Climate Change indicators,I,A,Annual,METEO_MONITOR_NET,Meteorological monitoring network,FM,"Micronesia, Federated State of",1977,,3,,,,N,units,,,,,N,National,,
DATAFLOW,SPC:DF_CLIMATE_CHANGE(1.0),Climate Change indicators,I,A,Annual,METEO_MONITOR_NET,Meteorological monitoring network,FM,"Micronesia, Federated State of",1978,,3,,,,N,units,,,,,N,National,,
DATAFLOW,SPC:DF_CLIMATE_CHANGE(1.0),Climate Change indicators,I,A,Annual,METEO_MONITOR_NET,Meteorological monitoring network,FM,"Micronesia, Federated State of",1979,,3,,,,N,units,,,,,N,National,,
DATAFLOW,SPC:DF_CLIMATE_CHANGE(1.0),Climate Change indicators,I,A,Annual,METEO_MONITOR_NET,Meteorological monitoring network,FM,"Micronesia, Federated State of",1980,,3,,,,N,units,,,,,N,National,,
DATAFLOW,SPC:DF_CLIMATE_CHANGE(1.0),Climate Change indicators,I,A,Annual,METEO_MONITOR_NET,Meteorological monitoring network,FM,"Micronesia, Federated State of",1981,,3,,,,N,units,,,,,N,National,,
DATAFLOW,SPC:DF_CLIMATE_CHANGE(1.0),Climate Change indicators,I,A,Annual,METEO_MONITOR_NET,Meteorological monitoring network,FM,"Micronesia, Federated State of",1982,,3,,,,N,units,,,,,N,National,,
DATAFLOW,SPC:DF_CLIMATE_CHANGE(1.0),Climate Change indicators,I,A,Annual,METEO_MONITOR_NET,Meteorological monitoring network,FM,"Micronesia, Federated State of",1983,,3,,,,N,units,,,,,N,National,,
DATAFLOW,SPC:DF_CLIMATE_CHANGE(1.0),Climate Change indicators,I,A,Annual,METEO_MONITOR_NET,Meteorological monitoring network,FM,"Micronesia, Federated State of",1984,,3,,,,N,units,,,,,N,National,,
DATAFLOW,SPC:DF_CLIMATE_CHANGE(1.0),Climate Change indicators,I,A,Annual,METEO_MONITOR_NET,Meteorological monitoring network,FM,"Micronesia, Federated State of",1985,,3,,,,N,units,,,,,N,National,,
DATAFLOW,SPC:DF_CLIMATE_CHANGE(1.0),Climate Change indicators,I,A,Annual,METEO_MONITOR_NET,Meteorological monitoring network,FM,"Micronesia, Federated State of",1986,,3,,,,N,units,,,,,N,National,,
DATAFLOW,SPC:DF_CLIMATE_CHANGE(1.0),Climate Change indicators,I,A,Annual,METEO_MONITOR_NET,Meteorological monitoring network,FM,"Micronesia, Federated State of",1987,,3,,,,N,units,,,,,N,National,,
DATAFLOW,SPC:DF_CLIMATE_CHANGE(1.0),Climate Change indicators,I,A,Annual,METEO_MONITOR_NET,Meteorological monitoring network,FM,"Micronesia, Federated State of",1988,,3,,,,N,units,,,,,N,National,,
DATAFLOW,SPC:DF_CLIMATE_CHANGE(1.0),Climate Change indicators,I,A,Annual,METEO_MONITOR_NET,Meteorological monitoring network,FM,"Micronesia, Federated State of",1989,,3,,,,N,units,,,,,N,National,,
DATAFLOW,SPC:DF_CLIMATE_CHANGE(1.0),Climate Change indicators,I,A,Annual,METEO_MONITOR_NET,Meteorological monitoring network,FM,"Micronesia, Federated State of",1990,,3,,,,N,units,,,,,N,National,,
DATAFLOW,SPC:DF_CLIMATE_CHANGE(1.0),Climate Change indicators,I,A,Annual,METEO_MONITOR_NET,Meteorological monitoring network,FM,"Micronesia, Federated State of",1991,,3,,,,N,units,,,,,N,National,,
DATAFLOW,SPC:DF_CLIMATE_CHANGE(1.0),Climate Change indicators,I,A,Annual,METEO_MONITOR_NET,Meteorological monitoring network,FM,"Micronesia, Federated State of",1992,,3,,,,N,units,,,,,N,National,,
DATAFLOW,SPC:DF_CLIMATE_CHANGE(1.0),Climate Change indicators,I,A,Annual,METEO_MONITOR_NET,Meteorological monitoring network,FM,"Micronesia, Federated State of",1993,,3,,,,N,units,,,,,N,National,,
DATAFLOW,SPC:DF_CLIMATE_CHANGE(1.0),Climate Change indicators,I,A,Annual,METEO_MONITOR_NET,Meteorological monitoring network,FM,"Micronesia, Federated State of",1994,,3,,,,N,units,,,,,N,National,,
DATAFLOW,SPC:DF_CLIMATE_CHANGE(1.0),Climate Change indicators,I,A,Annual,METEO_MONITOR_NET,Meteorological monitoring network,FM,"Micronesia, Federated State of",1995,,3,,,,N,units,,,,,N,National,,
DATAFLOW,SPC:DF_CLIMATE_CHANGE(1.0),Climate Change indicators,I,A,Annual,METEO_MONITOR_NET,Meteorological monitoring network,FM,"Micronesia, Federated State of",1996,,3,,,,N,units,,,,,N,National,,
DATAFLOW,SPC:DF_CLIMATE_CHANGE(1.0),Climate Change indicators,I,A,Annual,METEO_MONITOR_NET,Meteorological monitoring network,FM,"Micronesia, Federated State of",1997,,3,,,,N,units,,,,,N,National,,
DATAFLOW,SPC:DF_CLIMATE_CHANGE(1.0),Climate Change indicators,I,A,Annual,METEO_MONITOR_NET,Meteorological monitoring network,FM,"Micronesia, Federated State of",1998,,3,,,,N,units,,,,,N,National,,
DATAFLOW,SPC:DF_CLIMATE_CHANGE(1.0),Climate Change indicators,I,A,Annual,METEO_MONITOR_NET,Meteorological monitoring network,FM,"Micronesia, Federated State of",1999,,3,,,,N,units,,,,,N,National,,
DATAFLOW,SPC:DF_CLIMATE_CHANGE(1.0),Climate Change indicators,I,A,Annual,METEO_MONITOR_NET,Meteorological monitoring network,FM,"Micronesia, Federated State of",2000,,3,,,,N,units,,,,,N,National,,
DATAFLOW,SPC:DF_CLIMATE_CHANGE(1.0),Climate Change indicators,I,A,Annual,METEO_MONITOR_NET,Meteorological monitoring network,FM,"Micronesia, Federated State of",2001,,3,,,,N,units,,,,,N,National,,
DATAFLOW,SPC:DF_CLIMATE_CHANGE(1.0),Climate Change indicators,I,A,Annual,METEO_MONITOR_NET,Meteorological monitoring network,FM,"Micronesia, Federated State of",2002,,3,,,,N,units,,,,,N,National,,
DATAFLOW,SPC:DF_CLIMATE_CHANGE(1.0),Climate Change indicators,I,A,Annual,METEO_MONITOR_NET,Meteorological monitoring network,FM,"Micronesia, Federated State of",2003,,3,,,,N,units,,,,,N,National,,
DATAFLOW,SPC:DF_CLIMATE_CHANGE(1.0),Climate Change indicators,I,A,Annual,METEO_MONITOR_NET,Meteorological monitoring network,FM,"Micronesia, Federated State of",2004,,3,,,,N,units,,,,,N,National,,
DATAFLOW,SPC:DF_CLIMATE_CHANGE(1.0),Climate Change indicators,I,A,Annual,METEO_MONITOR_NET,Meteorological monitoring network,FM,"Micronesia, Federated State of",2005,,3,,,,N,units,,,,,N,National,,
DATAFLOW,SPC:DF_CLIMATE_CHANGE(1.0),Climate Change indicators,I,A,Annual,METEO_MONITOR_NET,Meteorological monitoring network,FM,"Micronesia, Federated State of",2006,,3,,,,N,units,,,,,N,National,,
DATAFLOW,SPC:DF_CLIMATE_CHANGE(1.0),Climate Change indicators,I,A,Annual,METEO_MONITOR_NET,Meteorological monitoring network,FM,"Micronesia, Federated State of",2007,,3,,,,N,units,,,,,N,National,,
DATAFLOW,SPC:DF_CLIMATE_CHANGE(1.0),Climate Change indicators,I,A,Annual,METEO_MONITOR_NET,Meteorological monitoring network,FM,"Micronesia, Federated State of",2008,,3,,,,N,units,,,,,N,National,,
DATAFLOW,SPC:DF_CLIMATE_CHANGE(1.0),Climate Change indicators,I,A,Annual,METEO_MONITOR_NET,Meteorological monitoring network,FM,"Micronesia, Federated State of",2009,,3,,,,N,units,,,,,N,National,,
DATAFLOW,SPC:DF_CLIMATE_CHANGE(1.0),Climate Change indicators,I,A,Annual,METEO_MONITOR_NET,Meteorological monitoring network,FM,"Micronesia, Federated State of",2010,,3,,,,N,units,,,,,N,National,,
DATAFLOW,SPC:DF_CLIMATE_CHANGE(1.0),Climate Change indicators,I,A,Annual,METEO_MONITOR_NET,Meteorological monitoring network,FM,"Micronesia, Federated State of",2011,,3,,,,N,units,,,,,N,National,,
DATAFLOW,SPC:DF_CLIMATE_CHANGE(1.0),Climate Change indicators,I,A,Annual,METEO_MONITOR_NET,Meteorological monitoring network,FM,"Micronesia, Federated State of",2012,,3,,,,N,units,,,,,N,National,,
DATAFLOW,SPC:DF_CLIMATE_CHANGE(1.0),Climate Change indicators,I,A,Annual,METEO_MONITOR_NET,Meteorological monitoring network,FM,"Micronesia, Federated State of",2013,,3,,,,N,units,,,,,N,National,,
DATAFLOW,SPC:DF_CLIMATE_CHANGE(1.0),Climate Change indicators,I,A,Annual,METEO_MONITOR_NET,Meteorological monitoring network,FM,"Micronesia, Federated State of",2014,,3,,,,N,units,,,,,N,National,,
DATAFLOW,SPC:DF_CLIMATE_CHANGE(1.0),Climate Change indicators,I,A,Annual,METEO_MONITOR_NET,Meteorological monitoring network,FM,"Micronesia, Federated State of",2015,,3,,,,N,units,,,,,N,National,,
DATAFLOW,SPC:DF_CLIMATE_CHANGE(1.0),Climate Change indicators,I,A,Annual,METEO_MONITOR_NET,Meteorological monitoring network,FM,"Micronesia, Federated State of",2016,,3,,,,N,units,,,,,N,National,,
DATAFLOW,SPC:DF_CLIMATE_CHANGE(1.0),Climate Change indicators,I,A,Annual,METEO_MONITOR_NET,Meteorological monitoring network,FM,"Micronesia, Federated State of",2017,,3,,,,N,units,,,,,N,National,,
DATAFLOW,SPC:DF_CLIMATE_CHANGE(1.0),Climate Change indicators,I,A,Annual,METEO_MONITOR_NET,Meteorological monitoring network,FM,"Micronesia, Federated State of",2018,,3,,,,N,units,,,,,N,National,,
DATAFLOW,SPC:DF_CLIMATE_CHANGE(1.0),Climate Change indicators,I,A,Annual,METEO_MONITOR_NET,Meteorological monitoring network,FM,"Micronesia, Federated State of",2019,,3,,,,N,units,,,,,N,National,,
DATAFLOW,SPC:DF_CLIMATE_CHANGE(1.0),Climate Change indicators,I,A,Annual,METEO_MONITOR_NET,Meteorological monitoring network,FM,"Micronesia, Federated State of",2020,,3,,,,N,units,,,,,N,National,,
DATAFLOW,SPC:DF_CLIMATE_CHANGE(1.0),Climate Change indicators,I,A,Annual,METEO_MONITOR_NET,Meteorological monitoring network,FM,"Micronesia, Federated State of",2021,,3,,,,N,units,,,,,N,National,,
DATAFLOW,SPC:DF_CLIMATE_CHANGE(1.0),Climate Change indicators,I,A,Annual,METEO_MONITOR_NET,Meteorological monitoring network,FM,"Micronesia, Federated State of",2022,,3,,,,N,units,,,,,N,National,,
DATAFLOW,SPC:DF_CLIMATE_CHANGE(1.0),Climate Change indicators,I,A,Annual,METEO_MONITOR_NET,Meteorological monitoring network,FM,"Micronesia, Federated State of",2023,,3,,,,N,units,,,,,N,National,,
DATAFLOW,SPC:DF_CLIMATE_CHANGE(1.0),Climate Change indicators,I,A,Annual,METEO_MONITOR_NET,Meteorological monitoring network,FM,"Micronesia, Federated State of",2024,,3,,,,N,units,,,,,N,National,,
DATAFLOW,SPC:DF_CLIMATE_CHANGE(1.0),Climate Change indicators,I,A,Annual,METEO_MONITOR_NET,Meteorological monitoring network,FM,"Micronesia, Federated State of",2025,,3,,,,N,units,,,,,N,National,,
DATAFLOW,SPC:DF_CLIMATE_CHANGE(1.0),Climate Change indicators,I,A,Annual,METEO_MONITOR_NET,Meteorological monitoring network,FM,"Micronesia, Federated State of",2026,,3,,,,N,units,,,,,N,National,,
DATAFLOW,SPC:DF_CLIMATE_CHANGE(1.0),Climate Change indicators,I,A,Annual,METEO_MONITOR_NET,Meteorological monitoring network,WS,Samoa,1889,,1,,,,N,units,,,,,N,National,,
DATAFLOW,SPC:DF_CLIMATE_CHANGE(1.0),Climate Change indicators,I,A,Annual,METEO_MONITOR_NET,Meteorological monitoring network,WS,Samoa,1890,,1,,,,N,units,,,,,N,National,,
DATAFLOW,SPC:DF_CLIMATE_CHANGE(1.0),Climate Change indicators,I,A,Annual,METEO_MONITOR_NET,Meteorological monitoring network,WS,Samoa,1891,,1,,,,N,units,,,,,N,National,,
DATAFLOW,SPC:DF_CLIMATE_CHANGE(1.0),Climate Change indicators,I,A,Annual,METEO_MONITOR_NET,Meteorological monitoring network,WS,Samoa,1892,,1,,,,N,units,,,,,N,National,,
DATAFLOW,SPC:DF_CLIMATE_CHANGE(1.0),Climate Change indicators,I,A,Annual,METEO_MONITOR_NET,Meteorological monitoring network,WS,Samoa,1893,,1,,,,N,units,,,,,N,National,,
DATAFLOW,SPC:DF_CLIMATE_CHANGE(1.0),Climate Change indicators,I,A,Annual,METEO_MONITOR_NET,Meteorological monitoring network,WS,Samoa,1894,,1,,,,N,units,,,,,N,National,,
DATAFLOW,SPC:DF_CLIMATE_CHANGE(1.0),Climate Change indicators,I,A,Annual,METEO_MONITOR_NET,Meteorological monitoring network,WS,Samoa,1895,,1,,,,N,units,,,,,N,National,,
DATAFLOW,SPC:DF_CLIMATE_CHANGE(1.0),Climate Change indicators,I,A,Annual,METEO_MONITOR_NET,Meteorological monitoring network,WS,Samoa,1896,,1,,,,N,units,,,,,N,National,,
DATAFLOW,SPC:DF_CLIMATE_CHANGE(1.0),Climate Change indicators,I,A,Annual,METEO_MONITOR_NET,Meteorological monitoring network,WS,Samoa,1897,,1,,,,N,units,,,,,N,National,,
DATAFLOW,SPC:DF_CLIMATE_CHANGE(1.0),Climate Change indicators,I,A,Annual,METEO_MONITOR_NET,Meteorological monitoring network,WS,Samoa,1898,,1,,,,N,units,,,,,N,National,,
DATAFLOW,SPC:DF_CLIMATE_CHANGE(1.0),Climate Change indicators,I,A,Annual,METEO_MONITOR_NET,Meteorological monitoring network,WS,Samoa,1899,,1,,,,N,units,,,,,N,National,,
DATAFLOW,SPC:DF_CLIMATE_CHANGE(1.0),Climate Change indicators,I,A,Annual,METEO_MONITOR_NET,Meteorological monitoring network,WS,Samoa,1900,,1,,,,N,units,,,,,N,National,,
DATAFLOW,SPC:DF_CLIMATE_CHANGE(1.0),Climate Change indicators,I,A,Annual,METEO_MONITOR_NET,Meteorological monitoring network,WS,Samoa,1901,,1,,,,N,units,,,,,N,National,,
DATAFLOW,SPC:DF_CLIMATE_CHANGE(1.0),Climate Change indicators,I,A,Annual,METEO_MONITOR_NET,Meteorological monitoring network,WS,Samoa,1902,,1,,,,N,units,,,,,N,National,,
DATAFLOW,SPC:DF_CLIMATE_CHANGE(1.0),Climate Change indicators,I,A,Annual,METEO_MONITOR_NET,Meteorological monitoring network,WS,Samoa,1903,,1,,,,N,units,,,,,N,National,,
DATAFLOW,SPC:DF_CLIMATE_CHANGE(1.0),Climate Change indicators,I,A,Annual,METEO_MONITOR_NET,Meteorological monitoring network,WS,Samoa,1904,,1,,,,N,units,,,,,N,National,,
DATAFLOW,SPC:DF_CLIMATE_CHANGE(1.0),Climate Change indicators,I,A,Annual,METEO_MONITOR_NET,Meteorological monitoring network,WS,Samoa,1905,,1,,,,N,units,,,,,N,National,,
DATAFLOW,SPC:DF_CLIMATE_CHANGE(1.0),Climate Change indicators,I,A,Annual,METEO_MONITOR_NET,Meteorological monitoring network,WS,Samoa,1906,,1,,,,N,units,,,,,N,National,,
DATAFLOW,SPC:DF_CLIMATE_CHANGE(1.0),Climate Change indicators,I,A,Annual,METEO_MONITOR_NET,Meteorological monitoring network,WS,Samoa,1907,,1,,,,N,units,,,,,N,National,,
DATAFLOW,SPC:DF_CLIMATE_CHANGE(1.0),Climate Change indicators,I,A,Annual,METEO_MONITOR_NET,Meteorological monitoring network,WS,Samoa,1908,,1,,,,N,units,,,,,N,National,,
DATAFLOW,SPC:DF_CLIMATE_CHANGE(1.0),Climate Change indicators,I,A,Annual,METEO_MONITOR_NET,Meteorological monitoring network,WS,Samoa,1909,,1,,,,N,units,,,,,N,National,,
DATAFLOW,SPC:DF_CLIMATE_CHANGE(1.0),Climate Change indicators,I,A,Annual,METEO_MONITOR_NET,Meteorological monitoring network,WS,Samoa,1910,,1,,,,N,units,,,,,N,National,,
DATAFLOW,SPC:DF_CLIMATE_CHANGE(1.0),Climate Change indicators,I,A,Annual,METEO_MONITOR_NET,Meteorological monitoring network,WS,Samoa,1911,,1,,,,N,units,,,,,N,National,,
DATAFLOW,SPC:DF_CLIMATE_CHANGE(1.0),Climate Change indicators,I,A,Annual,METEO_MONITOR_NET,Meteorological monitoring network,WS,Samoa,1912,,1,,,,N,units,,,,,N,National,,
DATAFLOW,SPC:DF_CLIMATE_CHANGE(1.0),Climate Change indicators,I,A,Annual,METEO_MONITOR_NET,Meteorological monitoring network,WS,Samoa,1913,,1,,,,N,units,,,,,N,National,,
DATAFLOW,SPC:DF_CLIMATE_CHANGE(1.0),Climate Change indicators,I,A,Annual,METEO_MONITOR_NET,Meteorological monitoring network,WS,Samoa,1914,,1,,,,N,units,,,,,N,National,,
DATAFLOW,SPC:DF_CLIMATE_CHANGE(1.0),Climate Change indicators,I,A,Annual,METEO_MONITOR_NET,Meteorological monitoring network,WS,Samoa,1915,,1,,,,N,units,,,,,N,National,,
DATAFLOW,SPC:DF_CLIMATE_CHANGE(1.0),Climate Change indicators,I,A,Annual,METEO_MONITOR_NET,Meteorological monitoring network,WS,Samoa,1916,,1,,,,N,units,,,,,N,National,,
DATAFLOW,SPC:DF_CLIMATE_CHANGE(1.0),Climate Change indicators,I,A,Annual,METEO_MONITOR_NET,Meteorological monitoring network,WS,Samoa,1917,,1,,,,N,units,,,,,N,National,,
DATAFLOW,SPC:DF_CLIMATE_CHANGE(1.0),Climate Change indicators,I,A,Annual,METEO_MONITOR_NET,Meteorological monitoring network,WS,Samoa,1918,,1,,,,N,units,,,,,N,National,,
DATAFLOW,SPC:DF_CLIMATE_CHANGE(1.0),Climate Change indicators,I,A,Annual,METEO_MONITOR_NET,Meteorological monitoring network,WS,Samoa,1919,,1,,,,N,units,,,,,N,National,,
DATAFLOW,SPC:DF_CLIMATE_CHANGE(1.0),Climate Change indicators,I,A,Annual,METEO_MONITOR_NET,Meteorological monitoring network,WS,Samoa,1920,,1,,,,N,units,,,,,N,National,,
DATAFLOW,SPC:DF_CLIMATE_CHANGE(1.0),Climate Change indicators,I,A,Annual,METEO_MONITOR_NET,Meteorological monitoring network,WS,Samoa,1921,,1,,,,N,units,,,,,N,National,,
DATAFLOW,SPC:DF_CLIMATE_CHANGE(1.0),Climate Change indicators,I,A,Annual,METEO_MONITOR_NET,Meteorological monitoring network,WS,Samoa,1922,,1,,,,N,units,,,,,N,National,,
DATAFLOW,SPC:DF_CLIMATE_CHANGE(1.0),Climate Change indicators,I,A,Annual,METEO_MONITOR_NET,Meteorological monitoring network,WS,Samoa,1923,,1,,,,N,units,,,,,N,National,,
DATAFLOW,SPC:DF_CLIMATE_CHANGE(1.0),Climate Change indicators,I,A,Annual,METEO_MONITOR_NET,Meteorological monitoring network,WS,Samoa,1924,,1,,,,N,units,,,,,N,National,,
DATAFLOW,SPC:DF_CLIMATE_CHANGE(1.0),Climate Change indicators,I,A,Annual,METEO_MONITOR_NET,Meteorological monitoring network,WS,Samoa,1925,,1,,,,N,units,,,,,N,National,,
DATAFLOW,SPC:DF_CLIMATE_CHANGE(1.0),Climate Change indicators,I,A,Annual,METEO_MONITOR_NET,Meteorological monitoring network,WS,Samoa,1926,,1,,,,N,units,,,,,N,National,,
DATAFLOW,SPC:DF_CLIMATE_CHANGE(1.0),Climate Change indicators,I,A,Annual,METEO_MONITOR_NET,Meteorological monitoring network,WS,Samoa,1927,,1,,,,N,units,,,,,N,National,,
DATAFLOW,SPC:DF_CLIMATE_CHANGE(1.0),Climate Change indicators,I,A,Annual,METEO_MONITOR_NET,Meteorological monitoring network,WS,Samoa,1928,,1,,,,N,units,,,,,N,National,,
DATAFLOW,SPC:DF_CLIMATE_CHANGE(1.0),Climate Change indicators,I,A,Annual,METEO_MONITOR_NET,Meteorological monitoring network,WS,Samoa,1929,,1,,,,N,units,,,,,N,National,,
DATAFLOW,SPC:DF_CLIMATE_CHANGE(1.0),Climate Change indicators,I,A,Annual,METEO_MONITOR_NET,Meteorological monitoring network,WS,Samoa,1930,,1,,,,N,units,,,,,N,National,,
DATAFLOW,SPC:DF_CLIMATE_CHANGE(1.0),Climate Change indicators,I,A,Annual,METEO_MONITOR_NET,Meteorological monitoring network,WS,Samoa,1931,,1,,,,N,units,,,,,N,National,,
DATAFLOW,SPC:DF_CLIMATE_CHANGE(1.0),Climate Change indicators,I,A,Annual,METEO_MONITOR_NET,Meteorological monitoring network,WS,Samoa,1932,,1,,,,N,units,,,,,N,National,,
DATAFLOW,SPC:DF_CLIMATE_CHANGE(1.0),Climate Change indicators,I,A,Annual,METEO_MONITOR_NET,Meteorological monitoring network,WS,Samoa,1933,,1,,,,N,units,,,,,N,National,,
DATAFLOW,SPC:DF_CLIMATE_CHANGE(1.0),Climate Change indicators,I,A,Annual,METEO_MONITOR_NET,Meteorological monitoring network,WS,Samoa,1934,,1,,,,N,units,,,,,N,National,,
DATAFLOW,SPC:DF_CLIMATE_CHANGE(1.0),Climate Change indicators,I,A,Annual,METEO_MONITOR_NET,Meteorological monitoring network,WS,Samoa,1935,,1,,,,N,units,,,,,N,National,,
DATAFLOW,SPC:DF_CLIMATE_CHANGE(1.0),Climate Change indicators,I,A,Annual,METEO_MONITOR_NET,Meteorological monitoring network,WS,Samoa,1936,,1,,,,N,units,,,,,N,National,,
DATAFLOW,SPC:DF_CLIMATE_CHANGE(1.0),Climate Change indicators,I,A,Annual,METEO_MONITOR_NET,Meteorological monitoring network,WS,Samoa,1937,,1,,,,N,units,,,,,N,National,,
DATAFLOW,SPC:DF_CLIMATE_CHANGE(1.0),Climate Change indicators,I,A,Annual,METEO_MONITOR_NET,Meteorological monitoring network,WS,Samoa,1938,,1,,,,N,units,,,,,N,National,,
DATAFLOW,SPC:DF_CLIMATE_CHANGE(1.0),Climate Change indicators,I,A,Annual,METEO_MONITOR_NET,Meteorological monitoring network,WS,Samoa,1939,,1,,,,N,units,,,,,N,National,,
DATAFLOW,SPC:DF_CLIMATE_CHANGE(1.0),Climate Change indicators,I,A,Annual,METEO_MONITOR_NET,Meteorological monitoring network,WS,Samoa,1940,,1,,,,N,units,,,,,N,National,,
DATAFLOW,SPC:DF_CLIMATE_CHANGE(1.0),Climate Change indicators,I,A,Annual,METEO_MONITOR_NET,Meteorological monitoring network,WS,Samoa,1941,,1,,,,N,units,,,,,N,National,,
DATAFLOW,SPC:DF_CLIMATE_CHANGE(1.0),Climate Change indicators,I,A,Annual,METEO_MONITOR_NET,Meteorological monitoring network,WS,Samoa,1942,,1,,,,N,units,,,,,N,National,,
DATAFLOW,SPC:DF_CLIMATE_CHANGE(1.0),Climate Change indicators,I,A,Annual,METEO_MONITOR_NET,Meteorological monitoring network,WS,Samoa,1943,,1,,,,N,units,,,,,N,National,,
DATAFLOW,SPC:DF_CLIMATE_CHANGE(1.0),Climate Change indicators,I,A,Annual,METEO_MONITOR_NET,Meteorological monitoring network,WS,Samoa,1944,,1,,,,N,units,,,,,N,National,,
DATAFLOW,SPC:DF_CLIMATE_CHANGE(1.0),Climate Change indicators,I,A,Annual,METEO_MONITOR_NET,Meteorological monitoring network,WS,Samoa,1945,,1,,,,N,units,,,,,N,National,,
DATAFLOW,SPC:DF_CLIMATE_CHANGE(1.0),Climate Change indicators,I,A,Annual,METEO_MONITOR_NET,Meteorological monitoring network,WS,Samoa,1946,,1,,,,N,units,,,,,N,National,,
DATAFLOW,SPC:DF_CLIMATE_CHANGE(1.0),Climate Change indicators,I,A,Annual,METEO_MONITOR_NET,Meteorological monitoring network,WS,Samoa,1947,,1,,,,N,units,,,,,N,National,,
DATAFLOW,SPC:DF_CLIMATE_CHANGE(1.0),Climate Change indicators,I,A,Annual,METEO_MONITOR_NET,Meteorological monitoring network,WS,Samoa,1948,,1,,,,N,units,,,,,N,National,,
DATAFLOW,SPC:DF_CLIMATE_CHANGE(1.0),Climate Change indicators,I,A,Annual,METEO_MONITOR_NET,Meteorological monitoring network,WS,Samoa,1949,,1,,,,N,units,,,,,N,National,,
DATAFLOW,SPC:DF_CLIMATE_CHANGE(1.0),Climate Change indicators,I,A,Annual,METEO_MONITOR_NET,Meteorological monitoring network,WS,Samoa,1950,,1,,,,N,units,,,,,N,National,,
DATAFLOW,SPC:DF_CLIMATE_CHANGE(1.0),Climate Change indicators,I,A,Annual,METEO_MONITOR_NET,Meteorological monitoring network,WS,Samoa,1951,,1,,,,N,units,,,,,N,National,,
DATAFLOW,SPC:DF_CLIMATE_CHANGE(1.0),Climate Change indicators,I,A,Annual,METEO_MONITOR_NET,Meteorological monitoring network,WS,Samoa,1952,,1,,,,N,units,,,,,N,National,,
DATAFLOW,SPC:DF_CLIMATE_CHANGE(1.0),Climate Change indicators,I,A,Annual,METEO_MONITOR_NET,Meteorological monitoring network,WS,Samoa,1953,,1,,,,N,units,,,,,N,National,,
DATAFLOW,SPC:DF_CLIMATE_CHANGE(1.0),Climate Change indicators,I,A,Annual,METEO_MONITOR_NET,Meteorological monitoring network,WS,Samoa,1954,,1,,,,N,units,,,,,N,National,,
DATAFLOW,SPC:DF_CLIMATE_CHANGE(1.0),Climate Change indicators,I,A,Annual,METEO_MONITOR_NET,Meteorological monitoring network,WS,Samoa,1955,,1,,,,N,units,,,,,N,National,,
DATAFLOW,SPC:DF_CLIMATE_CHANGE(1.0),Climate Change indicators,I,A,Annual,METEO_MONITOR_NET,Meteorological monitoring network,WS,Samoa,1956,,1,,,,N,units,,,,,N,National,,
DATAFLOW,SPC:DF_CLIMATE_CHANGE(1.0),Climate Change indicators,I,A,Annual,METEO_MONITOR_NET,Meteorological monitoring network,WS,Samoa,1957,,1,,,,N,units,,,,,N,National,,
DATAFLOW,SPC:DF_CLIMATE_CHANGE(1.0),Climate Change indicators,I,A,Annual,METEO_MONITOR_NET,Meteorological monitoring network,WS,Samoa,1958,,1,,,,N,units,,,,,N,National,,
DATAFLOW,SPC:DF_CLIMATE_CHANGE(1.0),Climate Change indicators,I,A,Annual,METEO_MONITOR_NET,Meteorological monitoring network,WS,Samoa,1959,,1,,,,N,units,,,,,N,National,,
DATAFLOW,SPC:DF_CLIMATE_CHANGE(1.0),Climate Change indicators,I,A,Annual,METEO_MONITOR_NET,Meteorological monitoring network,WS,Samoa,1960,,1,,,,N,units,,,,,N,National,,
DATAFLOW,SPC:DF_CLIMATE_CHANGE(1.0),Climate Change indicators,I,A,Annual,METEO_MONITOR_NET,Meteorological monitoring network,WS,Samoa,1961,,1,,,,N,units,,,,,N,National,,
DATAFLOW,SPC:DF_CLIMATE_CHANGE(1.0),Climate Change indicators,I,A,Annual,METEO_MONITOR_NET,Meteorological monitoring network,WS,Samoa,1962,,1,,,,N,units,,,,,N,National,,
DATAFLOW,SPC:DF_CLIMATE_CHANGE(1.0),Climate Change indicators,I,A,Annual,METEO_MONITOR_NET,Meteorological monitoring network,WS,Samoa,1963,,1,,,,N,units,,,,,N,National,,
DATAFLOW,SPC:DF_CLIMATE_CHANGE(1.0),Climate Change indicators,I,A,Annual,METEO_MONITOR_NET,Meteorological monitoring network,WS,Samoa,1964,,1,,,,N,units,,,,,N,National,,
DATAFLOW,SPC:DF_CLIMATE_CHANGE(1.0),Climate Change indicators,I,A,Annual,METEO_MONITOR_NET,Meteorological monitoring network,WS,Samoa,1965,,1,,,,N,units,,,,,N,National,,
DATAFLOW,SPC:DF_CLIMATE_CHANGE(1.0),Climate Change indicators,I,A,Annual,METEO_MONITOR_NET,Meteorological monitoring network,WS,Samoa,1966,,1,,,,N,units,,,,,N,National,,
DATAFLOW,SPC:DF_CLIMATE_CHANGE(1.0),Climate Change indicators,I,A,Annual,METEO_MONITOR_NET,Meteorological monitoring network,WS,Samoa,1967,,1,,,,N,units,,,,,N,National,,
DATAFLOW,SPC:DF_CLIMATE_CHANGE(1.0),Climate Change indicators,I,A,Annual,METEO_MONITOR_NET,Meteorological monitoring network,WS,Samoa,1968,,1,,,,N,units,,,,,N,National,,
DATAFLOW,SPC:DF_CLIMATE_CHANGE(1.0),Climate Change indicators,I,A,Annual,METEO_MONITOR_NET,Meteorological monitoring network,WS,Samoa,1969,,2,,,,N,units,,,,,N,National,,
DATAFLOW,SPC:DF_CLIMATE_CHANGE(1.0),Climate Change indicators,I,A,Annual,METEO_MONITOR_NET,Meteorological monitoring network,WS,Samoa,1970,,2,,,,N,units,,,,,N,National,,
DATAFLOW,SPC:DF_CLIMATE_CHANGE(1.0),Climate Change indicators,I,A,Annual,METEO_MONITOR_NET,Meteorological monitoring network,WS,Samoa,1971,,2,,,,N,units,,,,,N,National,,
DATAFLOW,SPC:DF_CLIMATE_CHANGE(1.0),Climate Change indicators,I,A,Annual,METEO_MONITOR_NET,Meteorological monitoring network,WS,Samoa,1972,,2,,,,N,units,,,,,N,National,,
DATAFLOW,SPC:DF_CLIMATE_CHANGE(1.0),Climate Change indicators,I,A,Annual,METEO_MONITOR_NET,Meteorological monitoring network,WS,Samoa,1973,,2,,,,N,units,,,,,N,National,,
DATAFLOW,SPC:DF_CLIMATE_CHANGE(1.0),Climate Change indicators,I,A,Annual,METEO_MONITOR_NET,Meteorological monitoring network,WS,Samoa,1974,,2,,,,N,units,,,,,N,National,,
DATAFLOW,SPC:DF_CLIMATE_CHANGE(1.0),Climate Change indicators,I,A,Annual,METEO_MONITOR_NET,Meteorological monitoring network,WS,Samoa,1975,,2,,,,N,units,,,,,N,National,,
DATAFLOW,SPC:DF_CLIMATE_CHANGE(1.0),Climate Change indicators,I,A,Annual,METEO_MONITOR_NET,Meteorological monitoring network,WS,Samoa,1976,,2,,,,N,units,,,,,N,National,,
DATAFLOW,SPC:DF_CLIMATE_CHANGE(1.0),Climate Change indicators,I,A,Annual,METEO_MONITOR_NET,Meteorological monitoring network,WS,Samoa,1977,,2,,,,N,units,,,,,N,National,,
DATAFLOW,SPC:DF_CLIMATE_CHANGE(1.0),Climate Change indicators,I,A,Annual,METEO_MONITOR_NET,Meteorological monitoring network,WS,Samoa,1978,,2,,,,N,units,,,,,N,National,,
DATAFLOW,SPC:DF_CLIMATE_CHANGE(1.0),Climate Change indicators,I,A,Annual,METEO_MONITOR_NET,Meteorological monitoring network,WS,Samoa,1979,,2,,,,N,units,,,,,N,National,,
DATAFLOW,SPC:DF_CLIMATE_CHANGE(1.0),Climate Change indicators,I,A,Annual,METEO_MONITOR_NET,Meteorological monitoring network,WS,Samoa,1980,,2,,,,N,units,,,,,N,National,,
DATAFLOW,SPC:DF_CLIMATE_CHANGE(1.0),Climate Change indicators,I,A,Annual,METEO_MONITOR_NET,Meteorological monitoring network,WS,Samoa,1981,,2,,,,N,units,,,,,N,National,,
DATAFLOW,SPC:DF_CLIMATE_CHANGE(1.0),Climate Change indicators,I,A,Annual,METEO_MONITOR_NET,Meteorological monitoring network,WS,Samoa,1982,,2,,,,N,units,,,,,N,National,,
DATAFLOW,SPC:DF_CLIMATE_CHANGE(1.0),Climate Change indicators,I,A,Annual,METEO_MONITOR_NET,Meteorological monitoring network,WS,Samoa,1983,,2,,,,N,units,,,,,N,National,,
DATAFLOW,SPC:DF_CLIMATE_CHANGE(1.0),Climate Change indicators,I,A,Annual,METEO_MONITOR_NET,Meteorological monitoring network,WS,Samoa,1984,,2,,,,N,units,,,,,N,National,,
DATAFLOW,SPC:DF_CLIMATE_CHANGE(1.0),Climate Change indicators,I,A,Annual,METEO_MONITOR_NET,Meteorological monitoring network,WS,Samoa,1985,,2,,,,N,units,,,,,N,National,,
DATAFLOW,SPC:DF_CLIMATE_CHANGE(1.0),Climate Change indicators,I,A,Annual,METEO_MONITOR_NET,Meteorological monitoring network,WS,Samoa,1986,,2,,,,N,units,,,,,N,National,,
DATAFLOW,SPC:DF_CLIMATE_CHANGE(1.0),Climate Change indicators,I,A,Annual,METEO_MONITOR_NET,Meteorological monitoring network,WS,Samoa,1987,,2,,,,N,units,,,,,N,National,,
DATAFLOW,SPC:DF_CLIMATE_CHANGE(1.0),Climate Change indicators,I,A,Annual,METEO_MONITOR_NET,Meteorological monitoring network,WS,Samoa,1988,,2,,,,N,units,,,,,N,National,,
DATAFLOW,SPC:DF_CLIMATE_CHANGE(1.0),Climate Change indicators,I,A,Annual,METEO_MONITOR_NET,Meteorological monitoring network,WS,Samoa,1989,,2,,,,N,units,,,,,N,National,,
DATAFLOW,SPC:DF_CLIMATE_CHANGE(1.0),Climate Change indicators,I,A,Annual,METEO_MONITOR_NET,Meteorological monitoring network,WS,Samoa,1990,,2,,,,N,units,,,,,N,National,,
DATAFLOW,SPC:DF_CLIMATE_CHANGE(1.0),Climate Change indicators,I,A,Annual,METEO_MONITOR_NET,Meteorological monitoring network,WS,Samoa,1991,,2,,,,N,units,,,,,N,National,,
DATAFLOW,SPC:DF_CLIMATE_CHANGE(1.0),Climate Change indicators,I,A,Annual,METEO_MONITOR_NET,Meteorological monitoring network,WS,Samoa,1992,,2,,,,N,units,,,,,N,National,,
DATAFLOW,SPC:DF_CLIMATE_CHANGE(1.0),Climate Change indicators,I,A,Annual,METEO_MONITOR_NET,Meteorological monitoring network,WS,Samoa,1993,,2,,,,N,units,,,,,N,National,,
DATAFLOW,SPC:DF_CLIMATE_CHANGE(1.0),Climate Change indicators,I,A,Annual,METEO_MONITOR_NET,Meteorological monitoring network,WS,Samoa,1994,,2,,,,N,units,,,,,N,National,,
DATAFLOW,SPC:DF_CLIMATE_CHANGE(1.0),Climate Change indicators,I,A,Annual,METEO_MONITOR_NET,Meteorological monitoring network,WS,Samoa,1995,,2,,,,N,units,,,,,N,National,,
DATAFLOW,SPC:DF_CLIMATE_CHANGE(1.0),Climate Change indicators,I,A,Annual,METEO_MONITOR_NET,Meteorological monitoring network,WS,Samoa,1996,,2,,,,N,units,,,,,N,National,,
DATAFLOW,SPC:DF_CLIMATE_CHANGE(1.0),Climate Change indicators,I,A,Annual,METEO_MONITOR_NET,Meteorological monitoring network,WS,Samoa,1997,,2,,,,N,units,,,,,N,National,,
DATAFLOW,SPC:DF_CLIMATE_CHANGE(1.0),Climate Change indicators,I,A,Annual,METEO_MONITOR_NET,Meteorological monitoring network,WS,Samoa,1998,,2,,,,N,units,,,,,N,National,,
DATAFLOW,SPC:DF_CLIMATE_CHANGE(1.0),Climate Change indicators,I,A,Annual,METEO_MONITOR_NET,Meteorological monitoring network,WS,Samoa,1999,,2,,,,N,units,,,,,N,National,,
DATAFLOW,SPC:DF_CLIMATE_CHANGE(1.0),Climate Change indicators,I,A,Annual,METEO_MONITOR_NET,Meteorological monitoring network,WS,Samoa,2000,,2,,,,N,units,,,,,N,National,,
DATAFLOW,SPC:DF_CLIMATE_CHANGE(1.0),Climate Change indicators,I,A,Annual,METEO_MONITOR_NET,Meteorological monitoring network,WS,Samoa,2001,,2,,,,N,units,,,,,N,National,,
DATAFLOW,SPC:DF_CLIMATE_CHANGE(1.0),Climate Change indicators,I,A,Annual,METEO_MONITOR_NET,Meteorological monitoring network,WS,Samoa,2002,,2,,,,N,units,,,,,N,National,,
DATAFLOW,SPC:DF_CLIMATE_CHANGE(1.0),Climate Change indicators,I,A,Annual,METEO_MONITOR_NET,Meteorological monitoring network,WS,Samoa,2003,,2,,,,N,units,,,,,N,National,,
DATAFLOW,SPC:DF_CLIMATE_CHANGE(1.0),Climate Change indicators,I,A,Annual,METEO_MONITOR_NET,Meteorological monitoring network,WS,Samoa,2004,,2,,,,N,units,,,,,N,National,,
DATAFLOW,SPC:DF_CLIMATE_CHANGE(1.0),Climate Change indicators,I,A,Annual,METEO_MONITOR_NET,Meteorological monitoring network,WS,Samoa,2005,,2,,,,N,units,,,,,N,National,,
DATAFLOW,SPC:DF_CLIMATE_CHANGE(1.0),Climate Change indicators,I,A,Annual,METEO_MONITOR_NET,Meteorological monitoring network,WS,Samoa,2006,,2,,,,N,units,,,,,N,National,,
DATAFLOW,SPC:DF_CLIMATE_CHANGE(1.0),Climate Change indicators,I,A,Annual,METEO_MONITOR_NET,Meteorological monitoring network,WS,Samoa,2007,,2,,,,N,units,,,,,N,National,,
DATAFLOW,SPC:DF_CLIMATE_CHANGE(1.0),Climate Change indicators,I,A,Annual,METEO_MONITOR_NET,Meteorological monitoring network,WS,Samoa,2008,,2,,,,N,units,,,,,N,National,,
DATAFLOW,SPC:DF_CLIMATE_CHANGE(1.0),Climate Change indicators,I,A,Annual,METEO_MONITOR_NET,Meteorological monitoring network,WS,Samoa,2009,,2,,,,N,units,,,,,N,National,,
DATAFLOW,SPC:DF_CLIMATE_CHANGE(1.0),Climate Change indicators,I,A,Annual,METEO_MONITOR_NET,Meteorological monitoring network,WS,Samoa,2010,,2,,,,N,units,,,,,N,National,,
DATAFLOW,SPC:DF_CLIMATE_CHANGE(1.0),Climate Change indicators,I,A,Annual,METEO_MONITOR_NET,Meteorological monitoring network,WS,Samoa,2011,,2,,,,N,units,,,,,N,National,,
DATAFLOW,SPC:DF_CLIMATE_CHANGE(1.0),Climate Change indicators,I,A,Annual,METEO_MONITOR_NET,Meteorological monitoring network,WS,Samoa,2012,,2,,,,N,units,,,,,N,National,,
DATAFLOW,SPC:DF_CLIMATE_CHANGE(1.0),Climate Change indicators,I,A,Annual,METEO_MONITOR_NET,Meteorological monitoring network,WS,Samoa,2013,,2,,,,N,units,,,,,N,National,,
DATAFLOW,SPC:DF_CLIMATE_CHANGE(1.0),Climate Change indicators,I,A,Annual,METEO_MONITOR_NET,Meteorological monitoring network,WS,Samoa,2014,,2,,,,N,units,,,,,N,National,,
DATAFLOW,SPC:DF_CLIMATE_CHANGE(1.0),Climate Change indicators,I,A,Annual,METEO_MONITOR_NET,Meteorological monitoring network,WS,Samoa,2015,,2,,,,N,units,,,,,N,National,,
DATAFLOW,SPC:DF_CLIMATE_CHANGE(1.0),Climate Change indicators,I,A,Annual,METEO_MONITOR_NET,Meteorological monitoring network,WS,Samoa,2016,,2,,,,N,units,,,,,N,National,,
DATAFLOW,SPC:DF_CLIMATE_CHANGE(1.0),Climate Change indicators,I,A,Annual,METEO_MONITOR_NET,Meteorological monitoring network,WS,Samoa,2017,,2,,,,N,units,,,,,N,National,,
DATAFLOW,SPC:DF_CLIMATE_CHANGE(1.0),Climate Change indicators,I,A,Annual,METEO_MONITOR_NET,Meteorological monitoring network,WS,Samoa,2018,,2,,,,N,units,,,,,N,National,,
DATAFLOW,SPC:DF_CLIMATE_CHANGE(1.0),Climate Change indicators,I,A,Annual,METEO_MONITOR_NET,Meteorological monitoring network,WS,Samoa,2019,,2,,,,N,units,,,,,N,National,,
DATAFLOW,SPC:DF_CLIMATE_CHANGE(1.0),Climate Change indicators,I,A,Annual,METEO_MONITOR_NET,Meteorological monitoring network,WS,Samoa,2020,,2,,,,N,units,,,,,N,National,,
DATAFLOW,SPC:DF_CLIMATE_CHANGE(1.0),Climate Change indicators,I,A,Annual,METEO_MONITOR_NET,Meteorological monitoring network,WS,Samoa,2021,,2,,,,N,units,,,,,N,National,,
DATAFLOW,SPC:DF_CLIMATE_CHANGE(1.0),Climate Change indicators,I,A,Annual,METEO_MONITOR_NET,Meteorological monitoring network,WS,Samoa,2022,,2,,,,N,units,,,,,N,National,,
DATAFLOW,SPC:DF_CLIMATE_CHANGE(1.0),Climate Change indicators,I,A,Annual,METEO_MONITOR_NET,Meteorological monitoring network,WS,Samoa,2023,,2,,,,N,units,,,,,N,National,,
DATAFLOW,SPC:DF_CLIMATE_CHANGE(1.0),Climate Change indicators,I,A,Annual,METEO_MONITOR_NET,Meteorological monitoring network,WS,Samoa,2024,,2,,,,N,units,,,,,N,National,,
DATAFLOW,SPC:DF_CLIMATE_CHANGE(1.0),Climate Change indicators,I,A,Annual,METEO_MONITOR_NET,Meteorological monitoring network,WS,Samoa,2025,,2,,,,N,units,,,,,N,National,,
DATAFLOW,SPC:DF_CLIMATE_CHANGE(1.0),Climate Change indicators,I,A,Annual,METEO_MONITOR_NET,Meteorological monitoring network,WS,Samoa,2026,,2,,,,N,units,,,,,N,National,,
DATAFLOW,SPC:DF_CLIMATE_CHANGE(1.0),Climate Change indicators,I,A,Annual,METEO_MONITOR_NET,Meteorological monitoring network,PW,Palau,1948,,1,,,,N,units,,,,,N,National,,
DATAFLOW,SPC:DF_CLIMATE_CHANGE(1.0),Climate Change indicators,I,A,Annual,METEO_MONITOR_NET,Meteorological monitoring network,PW,Palau,1949,,1,,,,N,units,,,,,N,National,,
DATAFLOW,SPC:DF_CLIMATE_CHANGE(1.0),Climate Change indicators,I,A,Annual,METEO_MONITOR_NET,Meteorological monitoring network,PW,Palau,1950,,1,,,,N,units,,,,,N,National,,
DATAFLOW,SPC:DF_CLIMATE_CHANGE(1.0),Climate Change indicators,I,A,Annual,METEO_MONITOR_NET,Meteorological monitoring network,PW,Palau,1951,,1,,,,N,units,,,,,N,National,,
DATAFLOW,SPC:DF_CLIMATE_CHANGE(1.0),Climate Change indicators,I,A,Annual,METEO_MONITOR_NET,Meteorological monitoring network,PW,Palau,1952,,1,,,,N,units,,,,,N,National,,
DATAFLOW,SPC:DF_CLIMATE_CHANGE(1.0),Climate Change indicators,I,A,Annual,METEO_MONITOR_NET,Meteorological monitoring network,PW,Palau,1953,,1,,,,N,units,,,,,N,National,,
DATAFLOW,SPC:DF_CLIMATE_CHANGE(1.0),Climate Change indicators,I,A,Annual,METEO_MONITOR_NET,Meteorological monitoring network,PW,Palau,1954,,1,,,,N,units,,,,,N,National,,
DATAFLOW,SPC:DF_CLIMATE_CHANGE(1.0),Climate Change indicators,I,A,Annual,METEO_MONITOR_NET,Meteorological monitoring network,PW,Palau,1955,,1,,,,N,units,,,,,N,National,,
DATAFLOW,SPC:DF_CLIMATE_CHANGE(1.0),Climate Change indicators,I,A,Annual,METEO_MONITOR_NET,Meteorological monitoring network,PW,Palau,1956,,1,,,,N,units,,,,,N,National,,
DATAFLOW,SPC:DF_CLIMATE_CHANGE(1.0),Climate Change indicators,I,A,Annual,METEO_MONITOR_NET,Meteorological monitoring network,PW,Palau,1957,,1,,,,N,units,,,,,N,National,,
DATAFLOW,SPC:DF_CLIMATE_CHANGE(1.0),Climate Change indicators,I,A,Annual,METEO_MONITOR_NET,Meteorological monitoring network,PW,Palau,1958,,1,,,,N,units,,,,,N,National,,
DATAFLOW,SPC:DF_CLIMATE_CHANGE(1.0),Climate Change indicators,I,A,Annual,METEO_MONITOR_NET,Meteorological monitoring network,PW,Palau,1959,,1,,,,N,units,,,,,N,National,,
DATAFLOW,SPC:DF_CLIMATE_CHANGE(1.0),Climate Change indicators,I,A,Annual,METEO_MONITOR_NET,Meteorological monitoring network,PW,Palau,1960,,1,,,,N,units,,,,,N,National,,
DATAFLOW,SPC:DF_CLIMATE_CHANGE(1.0),Climate Change indicators,I,A,Annual,METEO_MONITOR_NET,Meteorological monitoring network,PW,Palau,1961,,1,,,,N,units,,,,,N,National,,
DATAFLOW,SPC:DF_CLIMATE_CHANGE(1.0),Climate Change indicators,I,A,Annual,METEO_MONITOR_NET,Meteorological monitoring network,PW,Palau,1962,,1,,,,N,units,,,,,N,National,,
DATAFLOW,SPC:DF_CLIMATE_CHANGE(1.0),Climate Change indicators,I,A,Annual,METEO_MONITOR_NET,Meteorological monitoring network,PW,Palau,1963,,1,,,,N,units,,,,,N,National,,
DATAFLOW,SPC:DF_CLIMATE_CHANGE(1.0),Climate Change indicators,I,A,Annual,METEO_MONITOR_NET,Meteorological monitoring network,PW,Palau,1964,,1,,,,N,units,,,,,N,National,,
DATAFLOW,SPC:DF_CLIMATE_CHANGE(1.0),Climate Change indicators,I,A,Annual,METEO_MONITOR_NET,Meteorological monitoring network,PW,Palau,1965,,1,,,,N,units,,,,,N,National,,
DATAFLOW,SPC:DF_CLIMATE_CHANGE(1.0),Climate Change indicators,I,A,Annual,METEO_MONITOR_NET,Meteorological monitoring network,PW,Palau,1966,,1,,,,N,units,,,,,N,National,,
DATAFLOW,SPC:DF_CLIMATE_CHANGE(1.0),Climate Change indicators,I,A,Annual,METEO_MONITOR_NET,Meteorological monitoring network,PW,Palau,1967,,1,,,,N,units,,,,,N,National,,
DATAFLOW,SPC:DF_CLIMATE_CHANGE(1.0),Climate Change indicators,I,A,Annual,METEO_MONITOR_NET,Meteorological monitoring network,PW,Palau,1968,,1,,,,N,units,,,,,N,National,,
DATAFLOW,SPC:DF_CLIMATE_CHANGE(1.0),Climate Change indicators,I,A,Annual,METEO_MONITOR_NET,Meteorological monitoring network,PW,Palau,1969,,1,,,,N,units,,,,,N,National,,
DATAFLOW,SPC:DF_CLIMATE_CHANGE(1.0),Climate Change indicators,I,A,Annual,METEO_MONITOR_NET,Meteorological monitoring network,PW,Palau,1970,,1,,,,N,units,,,,,N,National,,
DATAFLOW,SPC:DF_CLIMATE_CHANGE(1.0),Climate Change indicators,I,A,Annual,METEO_MONITOR_NET,Meteorological monitoring network,PW,Palau,1971,,1,,,,N,units,,,,,N,National,,
DATAFLOW,SPC:DF_CLIMATE_CHANGE(1.0),Climate Change indicators,I,A,Annual,METEO_MONITOR_NET,Meteorological monitoring network,PW,Palau,1972,,1,,,,N,units,,,,,N,National,,
DATAFLOW,SPC:DF_CLIMATE_CHANGE(1.0),Climate Change indicators,I,A,Annual,METEO_MONITOR_NET,Meteorological monitoring network,PW,Palau,1973,,1,,,,N,units,,,,,N,National,,
DATAFLOW,SPC:DF_CLIMATE_CHANGE(1.0),Climate Change indicators,I,A,Annual,METEO_MONITOR_NET,Meteorological monitoring network,PW,Palau,1974,,1,,,,N,units,,,,,N,National,,
DATAFLOW,SPC:DF_CLIMATE_CHANGE(1.0),Climate Change indicators,I,A,Annual,METEO_MONITOR_NET,Meteorological monitoring network,PW,Palau,1975,,1,,,,N,units,,,,,N,National,,
DATAFLOW,SPC:DF_CLIMATE_CHANGE(1.0),Climate Change indicators,I,A,Annual,METEO_MONITOR_NET,Meteorological monitoring network,PW,Palau,1976,,1,,,,N,units,,,,,N,National,,
DATAFLOW,SPC:DF_CLIMATE_CHANGE(1.0),Climate Change indicators,I,A,Annual,METEO_MONITOR_NET,Meteorological monitoring network,PW,Palau,1977,,1,,,,N,units,,,,,N,National,,
DATAFLOW,SPC:DF_CLIMATE_CHANGE(1.0),Climate Change indicators,I,A,Annual,METEO_MONITOR_NET,Meteorological monitoring network,PW,Palau,1978,,1,,,,N,units,,,,,N,National,,
DATAFLOW,SPC:DF_CLIMATE_CHANGE(1.0),Climate Change indicators,I,A,Annual,METEO_MONITOR_NET,Meteorological monitoring network,PW,Palau,1979,,1,,,,N,units,,,,,N,National,,
DATAFLOW,SPC:DF_CLIMATE_CHANGE(1.0),Climate Change indicators,I,A,Annual,METEO_MONITOR_NET,Meteorological monitoring network,PW,Palau,1980,,1,,,,N,units,,,,,N,National,,
DATAFLOW,SPC:DF_CLIMATE_CHANGE(1.0),Climate Change indicators,I,A,Annual,METEO_MONITOR_NET,Meteorological monitoring network,PW,Palau,1981,,1,,,,N,units,,,,,N,National,,
DATAFLOW,SPC:DF_CLIMATE_CHANGE(1.0),Climate Change indicators,I,A,Annual,METEO_MONITOR_NET,Meteorological monitoring network,PW,Palau,1982,,1,,,,N,units,,,,,N,National,,
DATAFLOW,SPC:DF_CLIMATE_CHANGE(1.0),Climate Change indicators,I,A,Annual,METEO_MONITOR_NET,Meteorological monitoring network,PW,Palau,1983,,1,,,,N,units,,,,,N,National,,
DATAFLOW,SPC:DF_CLIMATE_CHANGE(1.0),Climate Change indicators,I,A,Annual,METEO_MONITOR_NET,Meteorological monitoring network,PW,Palau,1984,,1,,,,N,units,,,,,N,National,,
DATAFLOW,SPC:DF_CLIMATE_CHANGE(1.0),Climate Change indicators,I,A,Annual,METEO_MONITOR_NET,Meteorological monitoring network,PW,Palau,1985,,1,,,,N,units,,,,,N,National,,
DATAFLOW,SPC:DF_CLIMATE_CHANGE(1.0),Climate Change indicators,I,A,Annual,METEO_MONITOR_NET,Meteorological monitoring network,PW,Palau,1986,,1,,,,N,units,,,,,N,National,,
DATAFLOW,SPC:DF_CLIMATE_CHANGE(1.0),Climate Change indicators,I,A,Annual,METEO_MONITOR_NET,Meteorological monitoring network,PW,Palau,1987,,1,,,,N,units,,,,,N,National,,
DATAFLOW,SPC:DF_CLIMATE_CHANGE(1.0),Climate Change indicators,I,A,Annual,METEO_MONITOR_NET,Meteorological monitoring network,PW,Palau,1988,,1,,,,N,units,,,,,N,National,,
DATAFLOW,SPC:DF_CLIMATE_CHANGE(1.0),Climate Change indicators,I,A,Annual,METEO_MONITOR_NET,Meteorological monitoring network,PW,Palau,1989,,1,,,,N,units,,,,,N,National,,
DATAFLOW,SPC:DF_CLIMATE_CHANGE(1.0),Climate Change indicators,I,A,Annual,METEO_MONITOR_NET,Meteorological monitoring network,PW,Palau,1990,,1,,,,N,units,,,,,N,National,,
DATAFLOW,SPC:DF_CLIMATE_CHANGE(1.0),Climate Change indicators,I,A,Annual,METEO_MONITOR_NET,Meteorological monitoring network,PW,Palau,1991,,1,,,,N,units,,,,,N,National,,
DATAFLOW,SPC:DF_CLIMATE_CHANGE(1.0),Climate Change indicators,I,A,Annual,METEO_MONITOR_NET,Meteorological monitoring network,PW,Palau,1992,,1,,,,N,units,,,,,N,National,,
DATAFLOW,SPC:DF_CLIMATE_CHANGE(1.0),Climate Change indicators,I,A,Annual,METEO_MONITOR_NET,Meteorological monitoring network,PW,Palau,1993,,1,,,,N,units,,,,,N,National,,
DATAFLOW,SPC:DF_CLIMATE_CHANGE(1.0),Climate Change indicators,I,A,Annual,METEO_MONITOR_NET,Meteorological monitoring network,PW,Palau,1994,,1,,,,N,units,,,,,N,National,,
DATAFLOW,SPC:DF_CLIMATE_CHANGE(1.0),Climate Change indicators,I,A,Annual,METEO_MONITOR_NET,Meteorological monitoring network,PW,Palau,1995,,1,,,,N,units,,,,,N,National,,
DATAFLOW,SPC:DF_CLIMATE_CHANGE(1.0),Climate Change indicators,I,A,Annual,METEO_MONITOR_NET,Meteorological monitoring network,PW,Palau,1996,,1,,,,N,units,,,,,N,National,,
DATAFLOW,SPC:DF_CLIMATE_CHANGE(1.0),Climate Change indicators,I,A,Annual,METEO_MONITOR_NET,Meteorological monitoring network,PW,Palau,1997,,1,,,,N,units,,,,,N,National,,
DATAFLOW,SPC:DF_CLIMATE_CHANGE(1.0),Climate Change indicators,I,A,Annual,METEO_MONITOR_NET,Meteorological monitoring network,PW,Palau,1998,,1,,,,N,units,,,,,N,National,,
DATAFLOW,SPC:DF_CLIMATE_CHANGE(1.0),Climate Change indicators,I,A,Annual,METEO_MONITOR_NET,Meteorological monitoring network,PW,Palau,1999,,1,,,,N,units,,,,,N,National,,
DATAFLOW,SPC:DF_CLIMATE_CHANGE(1.0),Climate Change indicators,I,A,Annual,METEO_MONITOR_NET,Meteorological monitoring network,PW,Palau,2000,,1,,,,N,units,,,,,N,National,,
DATAFLOW,SPC:DF_CLIMATE_CHANGE(1.0),Climate Change indicators,I,A,Annual,METEO_MONITOR_NET,Meteorological monitoring network,PW,Palau,2001,,1,,,,N,units,,,,,N,National,,
DATAFLOW,SPC:DF_CLIMATE_CHANGE(1.0),Climate Change indicators,I,A,Annual,METEO_MONITOR_NET,Meteorological monitoring network,PW,Palau,2002,,1,,,,N,units,,,,,N,National,,
DATAFLOW,SPC:DF_CLIMATE_CHANGE(1.0),Climate Change indicators,I,A,Annual,METEO_MONITOR_NET,Meteorological monitoring network,PW,Palau,2003,,1,,,,N,units,,,,,N,National,,
DATAFLOW,SPC:DF_CLIMATE_CHANGE(1.0),Climate Change indicators,I,A,Annual,METEO_MONITOR_NET,Meteorological monitoring network,PW,Palau,2004,,1,,,,N,units,,,,,N,National,,
DATAFLOW,SPC:DF_CLIMATE_CHANGE(1.0),Climate Change indicators,I,A,Annual,METEO_MONITOR_NET,Meteorological monitoring network,PW,Palau,2005,,1,,,,N,units,,,,,N,National,,
DATAFLOW,SPC:DF_CLIMATE_CHANGE(1.0),Climate Change indicators,I,A,Annual,METEO_MONITOR_NET,Meteorological monitoring network,PW,Palau,2006,,1,,,,N,units,,,,,N,National,,
DATAFLOW,SPC:DF_CLIMATE_CHANGE(1.0),Climate Change indicators,I,A,Annual,METEO_MONITOR_NET,Meteorological monitoring network,PW,Palau,2007,,1,,,,N,units,,,,,N,National,,
DATAFLOW,SPC:DF_CLIMATE_CHANGE(1.0),Climate Change indicators,I,A,Annual,METEO_MONITOR_NET,Meteorological monitoring network,PW,Palau,2008,,1,,,,N,units,,,,,N,National,,
DATAFLOW,SPC:DF_CLIMATE_CHANGE(1.0),Climate Change indicators,I,A,Annual,METEO_MONITOR_NET,Meteorological monitoring network,PW,Palau,2009,,1,,,,N,units,,,,,N,National,,
DATAFLOW,SPC:DF_CLIMATE_CHANGE(1.0),Climate Change indicators,I,A,Annual,METEO_MONITOR_NET,Meteorological monitoring network,PW,Palau,2010,,1,,,,N,units,,,,,N,National,,
DATAFLOW,SPC:DF_CLIMATE_CHANGE(1.0),Climate Change indicators,I,A,Annual,METEO_MONITOR_NET,Meteorological monitoring network,PW,Palau,2011,,1,,,,N,units,,,,,N,National,,
DATAFLOW,SPC:DF_CLIMATE_CHANGE(1.0),Climate Change indicators,I,A,Annual,METEO_MONITOR_NET,Meteorological monitoring network,PW,Palau,2012,,1,,,,N,units,,,,,N,National,,
DATAFLOW,SPC:DF_CLIMATE_CHANGE(1.0),Climate Change indicators,I,A,Annual,METEO_MONITOR_NET,Meteorological monitoring network,PW,Palau,2013,,1,,,,N,units,,,,,N,National,,
DATAFLOW,SPC:DF_CLIMATE_CHANGE(1.0),Climate Change indicators,I,A,Annual,METEO_MONITOR_NET,Meteorological monitoring network,PW,Palau,2014,,1,,,,N,units,,,,,N,National,,
DATAFLOW,SPC:DF_CLIMATE_CHANGE(1.0),Climate Change indicators,I,A,Annual,METEO_MONITOR_NET,Meteorological monitoring network,PW,Palau,2015,,1,,,,N,units,,,,,N,National,,
DATAFLOW,SPC:DF_CLIMATE_CHANGE(1.0),Climate Change indicators,I,A,Annual,METEO_MONITOR_NET,Meteorological monitoring network,PW,Palau,2016,,1,,,,N,units,,,,,N,National,,
DATAFLOW,SPC:DF_CLIMATE_CHANGE(1.0),Climate Change indicators,I,A,Annual,METEO_MONITOR_NET,Meteorological monitoring network,PW,Palau,2017,,1,,,,N,units,,,,,N,National,,
DATAFLOW,SPC:DF_CLIMATE_CHANGE(1.0),Climate Change indicators,I,A,Annual,METEO_MONITOR_NET,Meteorological monitoring network,PW,Palau,2018,,1,,,,N,units,,,,,N,National,,
DATAFLOW,SPC:DF_CLIMATE_CHANGE(1.0),Climate Change indicators,I,A,Annual,METEO_MONITOR_NET,Meteorological monitoring network,PW,Palau,2019,,1,,,,N,units,,,,,N,National,,
DATAFLOW,SPC:DF_CLIMATE_CHANGE(1.0),Climate Change indicators,I,A,Annual,METEO_MONITOR_NET,Meteorological monitoring network,PW,Palau,2020,,1,,,,N,units,,,,,N,National,,
DATAFLOW,SPC:DF_CLIMATE_CHANGE(1.0),Climate Change indicators,I,A,Annual,METEO_MONITOR_NET,Meteorological monitoring network,PW,Palau,2021,,1,,,,N,units,,,,,N,National,,
DATAFLOW,SPC:DF_CLIMATE_CHANGE(1.0),Climate Change indicators,I,A,Annual,METEO_MONITOR_NET,Meteorological monitoring network,PW,Palau,2022,,1,,,,N,units,,,,,N,National,,
DATAFLOW,SPC:DF_CLIMATE_CHANGE(1.0),Climate Change indicators,I,A,Annual,METEO_MONITOR_NET,Meteorological monitoring network,PW,Palau,2023,,1,,,,N,units,,,,,N,National,,
DATAFLOW,SPC:DF_CLIMATE_CHANGE(1.0),Climate Change indicators,I,A,Annual,METEO_MONITOR_NET,Meteorological monitoring network,PW,Palau,2024,,1,,,,N,units,,,,,N,National,,
DATAFLOW,SPC:DF_CLIMATE_CHANGE(1.0),Climate Change indicators,I,A,Annual,METEO_MONITOR_NET,Meteorological monitoring network,PW,Palau,2025,,1,,,,N,units,,,,,N,National,,
DATAFLOW,SPC:DF_CLIMATE_CHANGE(1.0),Climate Change indicators,I,A,Annual,METEO_MONITOR_NET,Meteorological monitoring network,PW,Palau,2026,,1,,,,N,units,,,,,N,National,,
DATAFLOW,SPC:DF_CLIMATE_CHANGE(1.0),Climate Change indicators,I,A,Annual,METEO_MONITOR_NET,Meteorological monitoring network,NU,Niue,1889,,0,,,,N,units,,,,,N,National,,
DATAFLOW,SPC:DF_CLIMATE_CHANGE(1.0),Climate Change indicators,I,A,Annual,METEO_MONITOR_NET,Meteorological monitoring network,NU,Niue,1890,,0,,,,N,units,,,,,N,National,,
DATAFLOW,SPC:DF_CLIMATE_CHANGE(1.0),Climate Change indicators,I,A,Annual,METEO_MONITOR_NET,Meteorological monitoring network,NU,Niue,1891,,0,,,,N,units,,,,,N,National,,
DATAFLOW,SPC:DF_CLIMATE_CHANGE(1.0),Climate Change indicators,I,A,Annual,METEO_MONITOR_NET,Meteorological monitoring network,NU,Niue,1892,,0,,,,N,units,,,,,N,National,,
DATAFLOW,SPC:DF_CLIMATE_CHANGE(1.0),Climate Change indicators,I,A,Annual,METEO_MONITOR_NET,Meteorological monitoring network,NU,Niue,1893,,0,,,,N,units,,,,,N,National,,
DATAFLOW,SPC:DF_CLIMATE_CHANGE(1.0),Climate Change indicators,I,A,Annual,METEO_MONITOR_NET,Meteorological monitoring network,NU,Niue,1894,,0,,,,N,units,,,,,N,National,,
DATAFLOW,SPC:DF_CLIMATE_CHANGE(1.0),Climate Change indicators,I,A,Annual,METEO_MONITOR_NET,Meteorological monitoring network,NU,Niue,1895,,0,,,,N,units,,,,,N,National,,
DATAFLOW,SPC:DF_CLIMATE_CHANGE(1.0),Climate Change indicators,I,A,Annual,METEO_MONITOR_NET,Meteorological monitoring network,NU,Niue,1896,,0,,,,N,units,,,,,N,National,,
DATAFLOW,SPC:DF_CLIMATE_CHANGE(1.0),Climate Change indicators,I,A,Annual,METEO_MONITOR_NET,Meteorological monitoring network,NU,Niue,1897,,0,,,,N,units,,,,,N,National,,
DATAFLOW,SPC:DF_CLIMATE_CHANGE(1.0),Climate Change indicators,I,A,Annual,METEO_MONITOR_NET,Meteorological monitoring network,NU,Niue,1898,,0,,,,N,units,,,,,N,National,,
DATAFLOW,SPC:DF_CLIMATE_CHANGE(1.0),Climate Change indicators,I,A,Annual,METEO_MONITOR_NET,Meteorological monitoring network,NU,Niue,1899,,0,,,,N,units,,,,,N,National,,
DATAFLOW,SPC:DF_CLIMATE_CHANGE(1.0),Climate Change indicators,I,A,Annual,METEO_MONITOR_NET,Meteorological monitoring network,NU,Niue,1900,,0,,,,N,units,,,,,N,National,,
DATAFLOW,SPC:DF_CLIMATE_CHANGE(1.0),Climate Change indicators,I,A,Annual,METEO_MONITOR_NET,Meteorological monitoring network,NU,Niue,1901,,0,,,,N,units,,,,,N,National,,
DATAFLOW,SPC:DF_CLIMATE_CHANGE(1.0),Climate Change indicators,I,A,Annual,METEO_MONITOR_NET,Meteorological monitoring network,NU,Niue,1902,,0,,,,N,units,,,,,N,National,,
DATAFLOW,SPC:DF_CLIMATE_CHANGE(1.0),Climate Change indicators,I,A,Annual,METEO_MONITOR_NET,Meteorological monitoring network,NU,Niue,1903,,0,,,,N,units,,,,,N,National,,
DATAFLOW,SPC:DF_CLIMATE_CHANGE(1.0),Climate Change indicators,I,A,Annual,METEO_MONITOR_NET,Meteorological monitoring network,NU,Niue,1904,,0,,,,N,units,,,,,N,National,,
DATAFLOW,SPC:DF_CLIMATE_CHANGE(1.0),Climate Change indicators,I,A,Annual,METEO_MONITOR_NET,Meteorological monitoring network,NU,Niue,1905,,0,,,,N,units,,,,,N,National,,
DATAFLOW,SPC:DF_CLIMATE_CHANGE(1.0),Climate Change indicators,I,A,Annual,METEO_MONITOR_NET,Meteorological monitoring network,NU,Niue,1906,,0,,,,N,units,,,,,N,National,,
DATAFLOW,SPC:DF_CLIMATE_CHANGE(1.0),Climate Change indicators,I,A,Annual,METEO_MONITOR_NET,Meteorological monitoring network,NU,Niue,1907,,0,,,,N,units,,,,,N,National,,
DATAFLOW,SPC:DF_CLIMATE_CHANGE(1.0),Climate Change indicators,I,A,Annual,METEO_MONITOR_NET,Meteorological monitoring network,NU,Niue,1908,,0,,,,N,units,,,,,N,National,,
DATAFLOW,SPC:DF_CLIMATE_CHANGE(1.0),Climate Change indicators,I,A,Annual,METEO_MONITOR_NET,Meteorological monitoring network,NU,Niue,1909,,0,,,,N,units,,,,,N,National,,
DATAFLOW,SPC:DF_CLIMATE_CHANGE(1.0),Climate Change indicators,I,A,Annual,METEO_MONITOR_NET,Meteorological monitoring network,NU,Niue,1910,,0,,,,N,units,,,,,N,National,,
DATAFLOW,SPC:DF_CLIMATE_CHANGE(1.0),Climate Change indicators,I,A,Annual,METEO_MONITOR_NET,Meteorological monitoring network,NU,Niue,1911,,0,,,,N,units,,,,,N,National,,
DATAFLOW,SPC:DF_CLIMATE_CHANGE(1.0),Climate Change indicators,I,A,Annual,METEO_MONITOR_NET,Meteorological monitoring network,NU,Niue,1912,,0,,,,N,units,,,,,N,National,,
DATAFLOW,SPC:DF_CLIMATE_CHANGE(1.0),Climate Change indicators,I,A,Annual,METEO_MONITOR_NET,Meteorological monitoring network,NU,Niue,1913,,0,,,,N,units,,,,,N,National,,
DATAFLOW,SPC:DF_CLIMATE_CHANGE(1.0),Climate Change indicators,I,A,Annual,METEO_MONITOR_NET,Meteorological monitoring network,NU,Niue,1914,,0,,,,N,units,,,,,N,National,,
DATAFLOW,SPC:DF_CLIMATE_CHANGE(1.0),Climate Change indicators,I,A,Annual,METEO_MONITOR_NET,Meteorological monitoring network,NU,Niue,1915,,0,,,,N,units,,,,,N,National,,
DATAFLOW,SPC:DF_CLIMATE_CHANGE(1.0),Climate Change indicators,I,A,Annual,METEO_MONITOR_NET,Meteorological monitoring network,NU,Niue,1916,,0,,,,N,units,,,,,N,National,,
DATAFLOW,SPC:DF_CLIMATE_CHANGE(1.0),Climate Change indicators,I,A,Annual,METEO_MONITOR_NET,Meteorological monitoring network,NU,Niue,1917,,0,,,,N,units,,,,,N,National,,
DATAFLOW,SPC:DF_CLIMATE_CHANGE(1.0),Climate Change indicators,I,A,Annual,METEO_MONITOR_NET,Meteorological monitoring network,NU,Niue,1918,,0,,,,N,units,,,,,N,National,,
DATAFLOW,SPC:DF_CLIMATE_CHANGE(1.0),Climate Change indicators,I,A,Annual,METEO_MONITOR_NET,Meteorological monitoring network,NU,Niue,1919,,0,,,,N,units,,,,,N,National,,
DATAFLOW,SPC:DF_CLIMATE_CHANGE(1.0),Climate Change indicators,I,A,Annual,METEO_MONITOR_NET,Meteorological monitoring network,NU,Niue,1920,,0,,,,N,units,,,,,N,National,,
DATAFLOW,SPC:DF_CLIMATE_CHANGE(1.0),Climate Change indicators,I,A,Annual,METEO_MONITOR_NET,Meteorological monitoring network,NU,Niue,1921,,0,,,,N,units,,,,,N,National,,
DATAFLOW,SPC:DF_CLIMATE_CHANGE(1.0),Climate Change indicators,I,A,Annual,METEO_MONITOR_NET,Meteorological monitoring network,NU,Niue,1922,,0,,,,N,units,,,,,N,National,,
DATAFLOW,SPC:DF_CLIMATE_CHANGE(1.0),Climate Change indicators,I,A,Annual,METEO_MONITOR_NET,Meteorological monitoring network,NU,Niue,1923,,0,,,,N,units,,,,,N,National,,
DATAFLOW,SPC:DF_CLIMATE_CHANGE(1.0),Climate Change indicators,I,A,Annual,METEO_MONITOR_NET,Meteorological monitoring network,NU,Niue,1924,,0,,,,N,units,,,,,N,National,,
DATAFLOW,SPC:DF_CLIMATE_CHANGE(1.0),Climate Change indicators,I,A,Annual,METEO_MONITOR_NET,Meteorological monitoring network,NU,Niue,1925,,0,,,,N,units,,,,,N,National,,
DATAFLOW,SPC:DF_CLIMATE_CHANGE(1.0),Climate Change indicators,I,A,Annual,METEO_MONITOR_NET,Meteorological monitoring network,NU,Niue,1926,,0,,,,N,units,,,,,N,National,,
DATAFLOW,SPC:DF_CLIMATE_CHANGE(1.0),Climate Change indicators,I,A,Annual,METEO_MONITOR_NET,Meteorological monitoring network,NU,Niue,1927,,0,,,,N,units,,,,,N,National,,
DATAFLOW,SPC:DF_CLIMATE_CHANGE(1.0),Climate Change indicators,I,A,Annual,METEO_MONITOR_NET,Meteorological monitoring network,NU,Niue,1928,,0,,,,N,units,,,,,N,National,,
DATAFLOW,SPC:DF_CLIMATE_CHANGE(1.0),Climate Change indicators,I,A,Annual,METEO_MONITOR_NET,Meteorological monitoring network,NU,Niue,1929,,0,,,,N,units,,,,,N,National,,
DATAFLOW,SPC:DF_CLIMATE_CHANGE(1.0),Climate Change indicators,I,A,Annual,METEO_MONITOR_NET,Meteorological monitoring network,NU,Niue,1930,,0,,,,N,units,,,,,N,National,,
DATAFLOW,SPC:DF_CLIMATE_CHANGE(1.0),Climate Change indicators,I,A,Annual,METEO_MONITOR_NET,Meteorological monitoring network,NU,Niue,1931,,0,,,,N,units,,,,,N,National,,
DATAFLOW,SPC:DF_CLIMATE_CHANGE(1.0),Climate Change indicators,I,A,Annual,METEO_MONITOR_NET,Meteorological monitoring network,NU,Niue,1932,,0,,,,N,units,,,,,N,National,,
DATAFLOW,SPC:DF_CLIMATE_CHANGE(1.0),Climate Change indicators,I,A,Annual,METEO_MONITOR_NET,Meteorological monitoring network,NU,Niue,1933,,0,,,,N,units,,,,,N,National,,
DATAFLOW,SPC:DF_CLIMATE_CHANGE(1.0),Climate Change indicators,I,A,Annual,METEO_MONITOR_NET,Meteorological monitoring network,NU,Niue,1934,,0,,,,N,units,,,,,N,National,,
DATAFLOW,SPC:DF_CLIMATE_CHANGE(1.0),Climate Change indicators,I,A,Annual,METEO_MONITOR_NET,Meteorological monitoring network,NU,Niue,1935,,0,,,,N,units,,,,,N,National,,
DATAFLOW,SPC:DF_CLIMATE_CHANGE(1.0),Climate Change indicators,I,A,Annual,METEO_MONITOR_NET,Meteorological monitoring network,NU,Niue,1936,,0,,,,N,units,,,,,N,National,,
DATAFLOW,SPC:DF_CLIMATE_CHANGE(1.0),Climate Change indicators,I,A,Annual,METEO_MONITOR_NET,Meteorological monitoring network,NU,Niue,1937,,0,,,,N,units,,,,,N,National,,
DATAFLOW,SPC:DF_CLIMATE_CHANGE(1.0),Climate Change indicators,I,A,Annual,METEO_MONITOR_NET,Meteorological monitoring network,NU,Niue,1938,,0,,,,N,units,,,,,N,National,,
DATAFLOW,SPC:DF_CLIMATE_CHANGE(1.0),Climate Change indicators,I,A,Annual,METEO_MONITOR_NET,Meteorological monitoring network,NU,Niue,1939,,0,,,,N,units,,,,,N,National,,
DATAFLOW,SPC:DF_CLIMATE_CHANGE(1.0),Climate Change indicators,I,A,Annual,METEO_MONITOR_NET,Meteorological monitoring network,NU,Niue,1940,,0,,,,N,units,,,,,N,National,,
DATAFLOW,SPC:DF_CLIMATE_CHANGE(1.0),Climate Change indicators,I,A,Annual,METEO_MONITOR_NET,Meteorological monitoring network,NU,Niue,1941,,0,,,,N,units,,,,,N,National,,
DATAFLOW,SPC:DF_CLIMATE_CHANGE(1.0),Climate Change indicators,I,A,Annual,METEO_MONITOR_NET,Meteorological monitoring network,NU,Niue,1942,,0,,,,N,units,,,,,N,National,,
DATAFLOW,SPC:DF_CLIMATE_CHANGE(1.0),Climate Change indicators,I,A,Annual,METEO_MONITOR_NET,Meteorological monitoring network,NU,Niue,1943,,0,,,,N,units,,,,,N,National,,
DATAFLOW,SPC:DF_CLIMATE_CHANGE(1.0),Climate Change indicators,I,A,Annual,METEO_MONITOR_NET,Meteorological monitoring network,NU,Niue,1944,,0,,,,N,units,,,,,N,National,,
DATAFLOW,SPC:DF_CLIMATE_CHANGE(1.0),Climate Change indicators,I,A,Annual,METEO_MONITOR_NET,Meteorological monitoring network,NU,Niue,1945,,0,,,,N,units,,,,,N,National,,
DATAFLOW,SPC:DF_CLIMATE_CHANGE(1.0),Climate Change indicators,I,A,Annual,METEO_MONITOR_NET,Meteorological monitoring network,NU,Niue,1946,,0,,,,N,units,,,,,N,National,,
DATAFLOW,SPC:DF_CLIMATE_CHANGE(1.0),Climate Change indicators,I,A,Annual,METEO_MONITOR_NET,Meteorological monitoring network,NU,Niue,1947,,0,,,,N,units,,,,,N,National,,
DATAFLOW,SPC:DF_CLIMATE_CHANGE(1.0),Climate Change indicators,I,A,Annual,METEO_MONITOR_NET,Meteorological monitoring network,NU,Niue,1948,,0,,,,N,units,,,,,N,National,,
DATAFLOW,SPC:DF_CLIMATE_CHANGE(1.0),Climate Change indicators,I,A,Annual,METEO_MONITOR_NET,Meteorological monitoring network,NU,Niue,1949,,0,,,,N,units,,,,,N,National,,
DATAFLOW,SPC:DF_CLIMATE_CHANGE(1.0),Climate Change indicators,I,A,Annual,METEO_MONITOR_NET,Meteorological monitoring network,NU,Niue,1950,,0,,,,N,units,,,,,N,National,,
DATAFLOW,SPC:DF_CLIMATE_CHANGE(1.0),Climate Change indicators,I,A,Annual,METEO_MONITOR_NET,Meteorological monitoring network,NU,Niue,1951,,0,,,,N,units,,,,,N,National,,
DATAFLOW,SPC:DF_CLIMATE_CHANGE(1.0),Climate Change indicators,I,A,Annual,METEO_MONITOR_NET,Meteorological monitoring network,NU,Niue,1952,,0,,,,N,units,,,,,N,National,,
DATAFLOW,SPC:DF_CLIMATE_CHANGE(1.0),Climate Change indicators,I,A,Annual,METEO_MONITOR_NET,Meteorological monitoring network,NU,Niue,1953,,0,,,,N,units,,,,,N,National,,
DATAFLOW,SPC:DF_CLIMATE_CHANGE(1.0),Climate Change indicators,I,A,Annual,METEO_MONITOR_NET,Meteorological monitoring network,NU,Niue,1954,,0,,,,N,units,,,,,N,National,,
DATAFLOW,SPC:DF_CLIMATE_CHANGE(1.0),Climate Change indicators,I,A,Annual,METEO_MONITOR_NET,Meteorological monitoring network,NU,Niue,1955,,0,,,,N,units,,,,,N,National,,
DATAFLOW,SPC:DF_CLIMATE_CHANGE(1.0),Climate Change indicators,I,A,Annual,METEO_MONITOR_NET,Meteorological monitoring network,NU,Niue,1956,,0,,,,N,units,,,,,N,National,,
DATAFLOW,SPC:DF_CLIMATE_CHANGE(1.0),Climate Change indicators,I,A,Annual,METEO_MONITOR_NET,Meteorological monitoring network,NU,Niue,1957,,0,,,,N,units,,,,,N,National,,
DATAFLOW,SPC:DF_CLIMATE_CHANGE(1.0),Climate Change indicators,I,A,Annual,METEO_MONITOR_NET,Meteorological monitoring network,NU,Niue,1958,,0,,,,N,units,,,,,N,National,,
DATAFLOW,SPC:DF_CLIMATE_CHANGE(1.0),Climate Change indicators,I,A,Annual,METEO_MONITOR_NET,Meteorological monitoring network,NU,Niue,1959,,0,,,,N,units,,,,,N,National,,
DATAFLOW,SPC:DF_CLIMATE_CHANGE(1.0),Climate Change indicators,I,A,Annual,METEO_MONITOR_NET,Meteorological monitoring network,NU,Niue,1960,,0,,,,N,units,,,,,N,National,,
DATAFLOW,SPC:DF_CLIMATE_CHANGE(1.0),Climate Change indicators,I,A,Annual,METEO_MONITOR_NET,Meteorological monitoring network,NU,Niue,1961,,0,,,,N,units,,,,,N,National,,
DATAFLOW,SPC:DF_CLIMATE_CHANGE(1.0),Climate Change indicators,I,A,Annual,METEO_MONITOR_NET,Meteorological monitoring network,NU,Niue,1962,,0,,,,N,units,,,,,N,National,,
DATAFLOW,SPC:DF_CLIMATE_CHANGE(1.0),Climate Change indicators,I,A,Annual,METEO_MONITOR_NET,Meteorological monitoring network,NU,Niue,1963,,0,,,,N,units,,,,,N,National,,
DATAFLOW,SPC:DF_CLIMATE_CHANGE(1.0),Climate Change indicators,I,A,Annual,METEO_MONITOR_NET,Meteorological monitoring network,NU,Niue,1964,,0,,,,N,units,,,,,N,National,,
DATAFLOW,SPC:DF_CLIMATE_CHANGE(1.0),Climate Change indicators,I,A,Annual,METEO_MONITOR_NET,Meteorological monitoring network,NU,Niue,1965,,0,,,,N,units,,,,,N,National,,
DATAFLOW,SPC:DF_CLIMATE_CHANGE(1.0),Climate Change indicators,I,A,Annual,METEO_MONITOR_NET,Meteorological monitoring network,NU,Niue,1966,,0,,,,N,units,,,,,N,National,,
DATAFLOW,SPC:DF_CLIMATE_CHANGE(1.0),Climate Change indicators,I,A,Annual,METEO_MONITOR_NET,Meteorological monitoring network,NU,Niue,1967,,0,,,,N,units,,,,,N,National,,
DATAFLOW,SPC:DF_CLIMATE_CHANGE(1.0),Climate Change indicators,I,A,Annual,METEO_MONITOR_NET,Meteorological monitoring network,NU,Niue,1968,,0,,,,N,units,,,,,N,National,,
DATAFLOW,SPC:DF_CLIMATE_CHANGE(1.0),Climate Change indicators,I,A,Annual,METEO_MONITOR_NET,Meteorological monitoring network,NU,Niue,1969,,0,,,,N,units,,,,,N,National,,
DATAFLOW,SPC:DF_CLIMATE_CHANGE(1.0),Climate Change indicators,I,A,Annual,METEO_MONITOR_NET,Meteorological monitoring network,NU,Niue,1970,,0,,,,N,units,,,,,N,National,,
DATAFLOW,SPC:DF_CLIMATE_CHANGE(1.0),Climate Change indicators,I,A,Annual,METEO_MONITOR_NET,Meteorological monitoring network,NU,Niue,1971,,0,,,,N,units,,,,,N,National,,
DATAFLOW,SPC:DF_CLIMATE_CHANGE(1.0),Climate Change indicators,I,A,Annual,METEO_MONITOR_NET,Meteorological monitoring network,NU,Niue,1972,,0,,,,N,units,,,,,N,National,,
DATAFLOW,SPC:DF_CLIMATE_CHANGE(1.0),Climate Change indicators,I,A,Annual,METEO_MONITOR_NET,Meteorological monitoring network,NU,Niue,1973,,0,,,,N,units,,,,,N,National,,
DATAFLOW,SPC:DF_CLIMATE_CHANGE(1.0),Climate Change indicators,I,A,Annual,METEO_MONITOR_NET,Meteorological monitoring network,NU,Niue,1974,,0,,,,N,units,,,,,N,National,,
DATAFLOW,SPC:DF_CLIMATE_CHANGE(1.0),Climate Change indicators,I,A,Annual,METEO_MONITOR_NET,Meteorological monitoring network,NU,Niue,1975,,0,,,,N,units,,,,,N,National,,
DATAFLOW,SPC:DF_CLIMATE_CHANGE(1.0),Climate Change indicators,I,A,Annual,METEO_MONITOR_NET,Meteorological monitoring network,NU,Niue,1976,,0,,,,N,units,,,,,N,National,,
DATAFLOW,SPC:DF_CLIMATE_CHANGE(1.0),Climate Change indicators,I,A,Annual,METEO_MONITOR_NET,Meteorological monitoring network,NU,Niue,1977,,0,,,,N,units,,,,,N,National,,
DATAFLOW,SPC:DF_CLIMATE_CHANGE(1.0),Climate Change indicators,I,A,Annual,METEO_MONITOR_NET,Meteorological monitoring network,NU,Niue,1978,,0,,,,N,units,,,,,N,National,,
DATAFLOW,SPC:DF_CLIMATE_CHANGE(1.0),Climate Change indicators,I,A,Annual,METEO_MONITOR_NET,Meteorological monitoring network,NU,Niue,1979,,0,,,,N,units,,,,,N,National,,
DATAFLOW,SPC:DF_CLIMATE_CHANGE(1.0),Climate Change indicators,I,A,Annual,METEO_MONITOR_NET,Meteorological monitoring network,NU,Niue,1980,,0,,,,N,units,,,,,N,National,,
DATAFLOW,SPC:DF_CLIMATE_CHANGE(1.0),Climate Change indicators,I,A,Annual,METEO_MONITOR_NET,Meteorological monitoring network,NU,Niue,1981,,0,,,,N,units,,,,,N,National,,
DATAFLOW,SPC:DF_CLIMATE_CHANGE(1.0),Climate Change indicators,I,A,Annual,METEO_MONITOR_NET,Meteorological monitoring network,NU,Niue,1982,,0,,,,N,units,,,,,N,National,,
DATAFLOW,SPC:DF_CLIMATE_CHANGE(1.0),Climate Change indicators,I,A,Annual,METEO_MONITOR_NET,Meteorological monitoring network,NU,Niue,1983,,0,,,,N,units,,,,,N,National,,
DATAFLOW,SPC:DF_CLIMATE_CHANGE(1.0),Climate Change indicators,I,A,Annual,METEO_MONITOR_NET,Meteorological monitoring network,NU,Niue,1984,,0,,,,N,units,,,,,N,National,,
DATAFLOW,SPC:DF_CLIMATE_CHANGE(1.0),Climate Change indicators,I,A,Annual,METEO_MONITOR_NET,Meteorological monitoring network,NU,Niue,1985,,0,,,,N,units,,,,,N,National,,
DATAFLOW,SPC:DF_CLIMATE_CHANGE(1.0),Climate Change indicators,I,A,Annual,METEO_MONITOR_NET,Meteorological monitoring network,NU,Niue,1986,,0,,,,N,units,,,,,N,National,,
DATAFLOW,SPC:DF_CLIMATE_CHANGE(1.0),Climate Change indicators,I,A,Annual,METEO_MONITOR_NET,Meteorological monitoring network,NU,Niue,1987,,0,,,,N,units,,,,,N,National,,
DATAFLOW,SPC:DF_CLIMATE_CHANGE(1.0),Climate Change indicators,I,A,Annual,METEO_MONITOR_NET,Meteorological monitoring network,NU,Niue,1988,,0,,,,N,units,,,,,N,National,,
DATAFLOW,SPC:DF_CLIMATE_CHANGE(1.0),Climate Change indicators,I,A,Annual,METEO_MONITOR_NET,Meteorological monitoring network,NU,Niue,1989,,0,,,,N,units,,,,,N,National,,
DATAFLOW,SPC:DF_CLIMATE_CHANGE(1.0),Climate Change indicators,I,A,Annual,METEO_MONITOR_NET,Meteorological monitoring network,NU,Niue,1990,,0,,,,N,units,,,,,N,National,,
DATAFLOW,SPC:DF_CLIMATE_CHANGE(1.0),Climate Change indicators,I,A,Annual,METEO_MONITOR_NET,Meteorological monitoring network,NU,Niue,1991,,0,,,,N,units,,,,,N,National,,
DATAFLOW,SPC:DF_CLIMATE_CHANGE(1.0),Climate Change indicators,I,A,Annual,METEO_MONITOR_NET,Meteorological monitoring network,NU,Niue,1992,,0,,,,N,units,,,,,N,National,,
DATAFLOW,SPC:DF_CLIMATE_CHANGE(1.0),Climate Change indicators,I,A,Annual,METEO_MONITOR_NET,Meteorological monitoring network,NU,Niue,1993,,0,,,,N,units,,,,,N,National,,
DATAFLOW,SPC:DF_CLIMATE_CHANGE(1.0),Climate Change indicators,I,A,Annual,METEO_MONITOR_NET,Meteorological monitoring network,NU,Niue,1994,,0,,,,N,units,,,,,N,National,,
DATAFLOW,SPC:DF_CLIMATE_CHANGE(1.0),Climate Change indicators,I,A,Annual,METEO_MONITOR_NET,Meteorological monitoring network,NU,Niue,1995,,0,,,,N,units,,,,,N,National,,
DATAFLOW,SPC:DF_CLIMATE_CHANGE(1.0),Climate Change indicators,I,A,Annual,METEO_MONITOR_NET,Meteorological monitoring network,NU,Niue,1996,,0,,,,N,units,,,,,N,National,,
DATAFLOW,SPC:DF_CLIMATE_CHANGE(1.0),Climate Change indicators,I,A,Annual,METEO_MONITOR_NET,Meteorological monitoring network,NU,Niue,1997,,0,,,,N,units,,,,,N,National,,
DATAFLOW,SPC:DF_CLIMATE_CHANGE(1.0),Climate Change indicators,I,A,Annual,METEO_MONITOR_NET,Meteorological monitoring network,NU,Niue,1998,,0,,,,N,units,,,,,N,National,,
DATAFLOW,SPC:DF_CLIMATE_CHANGE(1.0),Climate Change indicators,I,A,Annual,METEO_MONITOR_NET,Meteorological monitoring network,NU,Niue,1999,,0,,,,N,units,,,,,N,National,,
DATAFLOW,SPC:DF_CLIMATE_CHANGE(1.0),Climate Change indicators,I,A,Annual,METEO_MONITOR_NET,Meteorological monitoring network,NU,Niue,2000,,0,,,,N,units,,,,,N,National,,
DATAFLOW,SPC:DF_CLIMATE_CHANGE(1.0),Climate Change indicators,I,A,Annual,METEO_MONITOR_NET,Meteorological monitoring network,NU,Niue,2001,,0,,,,N,units,,,,,N,National,,
DATAFLOW,SPC:DF_CLIMATE_CHANGE(1.0),Climate Change indicators,I,A,Annual,METEO_MONITOR_NET,Meteorological monitoring network,NU,Niue,2002,,0,,,,N,units,,,,,N,National,,
DATAFLOW,SPC:DF_CLIMATE_CHANGE(1.0),Climate Change indicators,I,A,Annual,METEO_MONITOR_NET,Meteorological monitoring network,NU,Niue,2003,,0,,,,N,units,,,,,N,National,,
DATAFLOW,SPC:DF_CLIMATE_CHANGE(1.0),Climate Change indicators,I,A,Annual,METEO_MONITOR_NET,Meteorological monitoring network,NU,Niue,2004,,0,,,,N,units,,,,,N,National,,
DATAFLOW,SPC:DF_CLIMATE_CHANGE(1.0),Climate Change indicators,I,A,Annual,METEO_MONITOR_NET,Meteorological monitoring network,NU,Niue,2005,,0,,,,N,units,,,,,N,National,,
DATAFLOW,SPC:DF_CLIMATE_CHANGE(1.0),Climate Change indicators,I,A,Annual,METEO_MONITOR_NET,Meteorological monitoring network,NU,Niue,2006,,0,,,,N,units,,,,,N,National,,
DATAFLOW,SPC:DF_CLIMATE_CHANGE(1.0),Climate Change indicators,I,A,Annual,METEO_MONITOR_NET,Meteorological monitoring network,NU,Niue,2007,,0,,,,N,units,,,,,N,National,,
DATAFLOW,SPC:DF_CLIMATE_CHANGE(1.0),Climate Change indicators,I,A,Annual,METEO_MONITOR_NET,Meteorological monitoring network,NU,Niue,2008,,0,,,,N,units,,,,,N,National,,
DATAFLOW,SPC:DF_CLIMATE_CHANGE(1.0),Climate Change indicators,I,A,Annual,METEO_MONITOR_NET,Meteorological monitoring network,NU,Niue,2009,,0,,,,N,units,,,,,N,National,,
DATAFLOW,SPC:DF_CLIMATE_CHANGE(1.0),Climate Change indicators,I,A,Annual,METEO_MONITOR_NET,Meteorological monitoring network,NU,Niue,2010,,0,,,,N,units,,,,,N,National,,
DATAFLOW,SPC:DF_CLIMATE_CHANGE(1.0),Climate Change indicators,I,A,Annual,METEO_MONITOR_NET,Meteorological monitoring network,NU,Niue,2011,,0,,,,N,units,,,,,N,National,,
DATAFLOW,SPC:DF_CLIMATE_CHANGE(1.0),Climate Change indicators,I,A,Annual,METEO_MONITOR_NET,Meteorological monitoring network,NU,Niue,2012,,0,,,,N,units,,,,,N,National,,
DATAFLOW,SPC:DF_CLIMATE_CHANGE(1.0),Climate Change indicators,I,A,Annual,METEO_MONITOR_NET,Meteorological monitoring network,NU,Niue,2013,,0,,,,N,units,,,,,N,National,,
DATAFLOW,SPC:DF_CLIMATE_CHANGE(1.0),Climate Change indicators,I,A,Annual,METEO_MONITOR_NET,Meteorological monitoring network,NU,Niue,2014,,0,,,,N,units,,,,,N,National,,
DATAFLOW,SPC:DF_CLIMATE_CHANGE(1.0),Climate Change indicators,I,A,Annual,METEO_MONITOR_NET,Meteorological monitoring network,NU,Niue,2015,,0,,,,N,units,,,,,N,National,,
DATAFLOW,SPC:DF_CLIMATE_CHANGE(1.0),Climate Change indicators,I,A,Annual,METEO_MONITOR_NET,Meteorological monitoring network,NU,Niue,2016,,0,,,,N,units,,,,,N,National,,
DATAFLOW,SPC:DF_CLIMATE_CHANGE(1.0),Climate Change indicators,I,A,Annual,METEO_MONITOR_NET,Meteorological monitoring network,NU,Niue,2017,,0,,,,N,units,,,,,N,National,,
DATAFLOW,SPC:DF_CLIMATE_CHANGE(1.0),Climate Change indicators,I,A,Annual,METEO_MONITOR_NET,Meteorological monitoring network,NU,Niue,2018,,0,,,,N,units,,,,,N,National,,
DATAFLOW,SPC:DF_CLIMATE_CHANGE(1.0),Climate Change indicators,I,A,Annual,METEO_MONITOR_NET,Meteorological monitoring network,NU,Niue,2019,,0,,,,N,units,,,,,N,National,,
DATAFLOW,SPC:DF_CLIMATE_CHANGE(1.0),Climate Change indicators,I,A,Annual,METEO_MONITOR_NET,Meteorological monitoring network,NU,Niue,2020,,0,,,,N,units,,,,,N,National,,
DATAFLOW,SPC:DF_CLIMATE_CHANGE(1.0),Climate Change indicators,I,A,Annual,METEO_MONITOR_NET,Meteorological monitoring network,NU,Niue,2021,,0,,,,N,units,,,,,N,National,,
DATAFLOW,SPC:DF_CLIMATE_CHANGE(1.0),Climate Change indicators,I,A,Annual,METEO_MONITOR_NET,Meteorological monitoring network,NU,Niue,2022,,0,,,,N,units,,,,,N,National,,
DATAFLOW,SPC:DF_CLIMATE_CHANGE(1.0),Climate Change indicators,I,A,Annual,METEO_MONITOR_NET,Meteorological monitoring network,NU,Niue,2023,,0,,,,N,units,,,,,N,National,,
DATAFLOW,SPC:DF_CLIMATE_CHANGE(1.0),Climate Change indicators,I,A,Annual,METEO_MONITOR_NET,Meteorological monitoring network,NU,Niue,2024,,0,,,,N,units,,,,,N,National,,
DATAFLOW,SPC:DF_CLIMATE_CHANGE(1.0),Climate Change indicators,I,A,Annual,METEO_MONITOR_NET,Meteorological monitoring network,NU,Niue,2025,,0,,,,N,units,,,,,N,National,,
DATAFLOW,SPC:DF_CLIMATE_CHANGE(1.0),Climate Change indicators,I,A,Annual,METEO_MONITOR_NET,Meteorological monitoring network,NU,Niue,2026,,0,,,,N,units,,,,,N,National,,
DATAFLOW,SPC:DF_CLIMATE_CHANGE(1.0),Climate Change indicators,I,A,Annual,METEO_MONITOR_NET,Meteorological monitoring network,TV,Tuvalu,1932,,1,,,,N,units,,,,,N,National,,
DATAFLOW,SPC:DF_CLIMATE_CHANGE(1.0),Climate Change indicators,I,A,Annual,METEO_MONITOR_NET,Meteorological monitoring network,TV,Tuvalu,1933,,1,,,,N,units,,,,,N,National,,
DATAFLOW,SPC:DF_CLIMATE_CHANGE(1.0),Climate Change indicators,I,A,Annual,METEO_MONITOR_NET,Meteorological monitoring network,TV,Tuvalu,1934,,1,,,,N,units,,,,,N,National,,
DATAFLOW,SPC:DF_CLIMATE_CHANGE(1.0),Climate Change indicators,I,A,Annual,METEO_MONITOR_NET,Meteorological monitoring network,TV,Tuvalu,1935,,1,,,,N,units,,,,,N,National,,
DATAFLOW,SPC:DF_CLIMATE_CHANGE(1.0),Climate Change indicators,I,A,Annual,METEO_MONITOR_NET,Meteorological monitoring network,TV,Tuvalu,1936,,1,,,,N,units,,,,,N,National,,
DATAFLOW,SPC:DF_CLIMATE_CHANGE(1.0),Climate Change indicators,I,A,Annual,METEO_MONITOR_NET,Meteorological monitoring network,TV,Tuvalu,1937,,1,,,,N,units,,,,,N,National,,
DATAFLOW,SPC:DF_CLIMATE_CHANGE(1.0),Climate Change indicators,I,A,Annual,METEO_MONITOR_NET,Meteorological monitoring network,TV,Tuvalu,1938,,1,,,,N,units,,,,,N,National,,
DATAFLOW,SPC:DF_CLIMATE_CHANGE(1.0),Climate Change indicators,I,A,Annual,METEO_MONITOR_NET,Meteorological monitoring network,TV,Tuvalu,1939,,1,,,,N,units,,,,,N,National,,
DATAFLOW,SPC:DF_CLIMATE_CHANGE(1.0),Climate Change indicators,I,A,Annual,METEO_MONITOR_NET,Meteorological monitoring network,TV,Tuvalu,1940,,1,,,,N,units,,,,,N,National,,
DATAFLOW,SPC:DF_CLIMATE_CHANGE(1.0),Climate Change indicators,I,A,Annual,METEO_MONITOR_NET,Meteorological monitoring network,TV,Tuvalu,1941,,2,,,,N,units,,,,,N,National,,
DATAFLOW,SPC:DF_CLIMATE_CHANGE(1.0),Climate Change indicators,I,A,Annual,METEO_MONITOR_NET,Meteorological monitoring network,TV,Tuvalu,1942,,2,,,,N,units,,,,,N,National,,
DATAFLOW,SPC:DF_CLIMATE_CHANGE(1.0),Climate Change indicators,I,A,Annual,METEO_MONITOR_NET,Meteorological monitoring network,TV,Tuvalu,1943,,2,,,,N,units,,,,,N,National,,
DATAFLOW,SPC:DF_CLIMATE_CHANGE(1.0),Climate Change indicators,I,A,Annual,METEO_MONITOR_NET,Meteorological monitoring network,TV,Tuvalu,1944,,2,,,,N,units,,,,,N,National,,
DATAFLOW,SPC:DF_CLIMATE_CHANGE(1.0),Climate Change indicators,I,A,Annual,METEO_MONITOR_NET,Meteorological monitoring network,TV,Tuvalu,1945,,2,,,,N,units,,,,,N,National,,
DATAFLOW,SPC:DF_CLIMATE_CHANGE(1.0),Climate Change indicators,I,A,Annual,METEO_MONITOR_NET,Meteorological monitoring network,TV,Tuvalu,1946,,2,,,,N,units,,,,,N,National,,
DATAFLOW,SPC:DF_CLIMATE_CHANGE(1.0),Climate Change indicators,I,A,Annual,METEO_MONITOR_NET,Meteorological monitoring network,TV,Tuvalu,1947,,3,,,,N,units,,,,,N,National,,
DATAFLOW,SPC:DF_CLIMATE_CHANGE(1.0),Climate Change indicators,I,A,Annual,METEO_MONITOR_NET,Meteorological monitoring network,TV,Tuvalu,1948,,3,,,,N,units,,,,,N,National,,
DATAFLOW,SPC:DF_CLIMATE_CHANGE(1.0),Climate Change indicators,I,A,Annual,METEO_MONITOR_NET,Meteorological monitoring network,TV,Tuvalu,1949,,3,,,,N,units,,,,,N,National,,
DATAFLOW,SPC:DF_CLIMATE_CHANGE(1.0),Climate Change indicators,I,A,Annual,METEO_MONITOR_NET,Meteorological monitoring network,TV,Tuvalu,1950,,3,,,,N,units,,,,,N,National,,
DATAFLOW,SPC:DF_CLIMATE_CHANGE(1.0),Climate Change indicators,I,A,Annual,METEO_MONITOR_NET,Meteorological monitoring network,TV,Tuvalu,1951,,3,,,,N,units,,,,,N,National,,
DATAFLOW,SPC:DF_CLIMATE_CHANGE(1.0),Climate Change indicators,I,A,Annual,METEO_MONITOR_NET,Meteorological monitoring network,TV,Tuvalu,1952,,3,,,,N,units,,,,,N,National,,
DATAFLOW,SPC:DF_CLIMATE_CHANGE(1.0),Climate Change indicators,I,A,Annual,METEO_MONITOR_NET,Meteorological monitoring network,TV,Tuvalu,1953,,3,,,,N,units,,,,,N,National,,
DATAFLOW,SPC:DF_CLIMATE_CHANGE(1.0),Climate Change indicators,I,A,Annual,METEO_MONITOR_NET,Meteorological monitoring network,TV,Tuvalu,1954,,3,,,,N,units,,,,,N,National,,
DATAFLOW,SPC:DF_CLIMATE_CHANGE(1.0),Climate Change indicators,I,A,Annual,METEO_MONITOR_NET,Meteorological monitoring network,TV,Tuvalu,1955,,3,,,,N,units,,,,,N,National,,
DATAFLOW,SPC:DF_CLIMATE_CHANGE(1.0),Climate Change indicators,I,A,Annual,METEO_MONITOR_NET,Meteorological monitoring network,TV,Tuvalu,1956,,3,,,,N,units,,,,,N,National,,
DATAFLOW,SPC:DF_CLIMATE_CHANGE(1.0),Climate Change indicators,I,A,Annual,METEO_MONITOR_NET,Meteorological monitoring network,TV,Tuvalu,1957,,3,,,,N,units,,,,,N,National,,
DATAFLOW,SPC:DF_CLIMATE_CHANGE(1.0),Climate Change indicators,I,A,Annual,METEO_MONITOR_NET,Meteorological monitoring network,TV,Tuvalu,1958,,3,,,,N,units,,,,,N,National,,
DATAFLOW,SPC:DF_CLIMATE_CHANGE(1.0),Climate Change indicators,I,A,Annual,METEO_MONITOR_NET,Meteorological monitoring network,TV,Tuvalu,1959,,3,,,,N,units,,,,,N,National,,
DATAFLOW,SPC:DF_CLIMATE_CHANGE(1.0),Climate Change indicators,I,A,Annual,METEO_MONITOR_NET,Meteorological monitoring network,TV,Tuvalu,1960,,3,,,,N,units,,,,,N,National,,
DATAFLOW,SPC:DF_CLIMATE_CHANGE(1.0),Climate Change indicators,I,A,Annual,METEO_MONITOR_NET,Meteorological monitoring network,TV,Tuvalu,1961,,3,,,,N,units,,,,,N,National,,
DATAFLOW,SPC:DF_CLIMATE_CHANGE(1.0),Climate Change indicators,I,A,Annual,METEO_MONITOR_NET,Meteorological monitoring network,TV,Tuvalu,1962,,3,,,,N,units,,,,,N,National,,
DATAFLOW,SPC:DF_CLIMATE_CHANGE(1.0),Climate Change indicators,I,A,Annual,METEO_MONITOR_NET,Meteorological monitoring network,TV,Tuvalu,1963,,3,,,,N,units,,,,,N,National,,
DATAFLOW,SPC:DF_CLIMATE_CHANGE(1.0),Climate Change indicators,I,A,Annual,METEO_MONITOR_NET,Meteorological monitoring network,TV,Tuvalu,1964,,3,,,,N,units,,,,,N,National,,
DATAFLOW,SPC:DF_CLIMATE_CHANGE(1.0),Climate Change indicators,I,A,Annual,METEO_MONITOR_NET,Meteorological monitoring network,TV,Tuvalu,1965,,3,,,,N,units,,,,,N,National,,
DATAFLOW,SPC:DF_CLIMATE_CHANGE(1.0),Climate Change indicators,I,A,Annual,METEO_MONITOR_NET,Meteorological monitoring network,TV,Tuvalu,1966,,3,,,,N,units,,,,,N,National,,
DATAFLOW,SPC:DF_CLIMATE_CHANGE(1.0),Climate Change indicators,I,A,Annual,METEO_MONITOR_NET,Meteorological monitoring network,TV,Tuvalu,1967,,3,,,,N,units,,,,,N,National,,
DATAFLOW,SPC:DF_CLIMATE_CHANGE(1.0),Climate Change indicators,I,A,Annual,METEO_MONITOR_NET,Meteorological monitoring network,TV,Tuvalu,1968,,3,,,,N,units,,,,,N,National,,
DATAFLOW,SPC:DF_CLIMATE_CHANGE(1.0),Climate Change indicators,I,A,Annual,METEO_MONITOR_NET,Meteorological monitoring network,TV,Tuvalu,1969,,3,,,,N,units,,,,,N,National,,
DATAFLOW,SPC:DF_CLIMATE_CHANGE(1.0),Climate Change indicators,I,A,Annual,METEO_MONITOR_NET,Meteorological monitoring network,TV,Tuvalu,1970,,3,,,,N,units,,,,,N,National,,
DATAFLOW,SPC:DF_CLIMATE_CHANGE(1.0),Climate Change indicators,I,A,Annual,METEO_MONITOR_NET,Meteorological monitoring network,TV,Tuvalu,1971,,3,,,,N,units,,,,,N,National,,
DATAFLOW,SPC:DF_CLIMATE_CHANGE(1.0),Climate Change indicators,I,A,Annual,METEO_MONITOR_NET,Meteorological monitoring network,TV,Tuvalu,1972,,3,,,,N,units,,,,,N,National,,
DATAFLOW,SPC:DF_CLIMATE_CHANGE(1.0),Climate Change indicators,I,A,Annual,METEO_MONITOR_NET,Meteorological monitoring network,TV,Tuvalu,1973,,3,,,,N,units,,,,,N,National,,
DATAFLOW,SPC:DF_CLIMATE_CHANGE(1.0),Climate Change indicators,I,A,Annual,METEO_MONITOR_NET,Meteorological monitoring network,TV,Tuvalu,1974,,3,,,,N,units,,,,,N,National,,
DATAFLOW,SPC:DF_CLIMATE_CHANGE(1.0),Climate Change indicators,I,A,Annual,METEO_MONITOR_NET,Meteorological monitoring network,TV,Tuvalu,1975,,3,,,,N,units,,,,,N,National,,
DATAFLOW,SPC:DF_CLIMATE_CHANGE(1.0),Climate Change indicators,I,A,Annual,METEO_MONITOR_NET,Meteorological monitoring network,TV,Tuvalu,1976,,3,,,,N,units,,,,,N,National,,
DATAFLOW,SPC:DF_CLIMATE_CHANGE(1.0),Climate Change indicators,I,A,Annual,METEO_MONITOR_NET,Meteorological monitoring network,TV,Tuvalu,1977,,3,,,,N,units,,,,,N,National,,
DATAFLOW,SPC:DF_CLIMATE_CHANGE(1.0),Climate Change indicators,I,A,Annual,METEO_MONITOR_NET,Meteorological monitoring network,TV,Tuvalu,1978,,3,,,,N,units,,,,,N,National,,
DATAFLOW,SPC:DF_CLIMATE_CHANGE(1.0),Climate Change indicators,I,A,Annual,METEO_MONITOR_NET,Meteorological monitoring network,TV,Tuvalu,1979,,3,,,,N,units,,,,,N,National,,
DATAFLOW,SPC:DF_CLIMATE_CHANGE(1.0),Climate Change indicators,I,A,Annual,METEO_MONITOR_NET,Meteorological monitoring network,TV,Tuvalu,1980,,3,,,,N,units,,,,,N,National,,
DATAFLOW,SPC:DF_CLIMATE_CHANGE(1.0),Climate Change indicators,I,A,Annual,METEO_MONITOR_NET,Meteorological monitoring network,TV,Tuvalu,1981,,3,,,,N,units,,,,,N,National,,
DATAFLOW,SPC:DF_CLIMATE_CHANGE(1.0),Climate Change indicators,I,A,Annual,METEO_MONITOR_NET,Meteorological monitoring network,TV,Tuvalu,1982,,3,,,,N,units,,,,,N,National,,
DATAFLOW,SPC:DF_CLIMATE_CHANGE(1.0),Climate Change indicators,I,A,Annual,METEO_MONITOR_NET,Meteorological monitoring network,TV,Tuvalu,1983,,3,,,,N,units,,,,,N,National,,
DATAFLOW,SPC:DF_CLIMATE_CHANGE(1.0),Climate Change indicators,I,A,Annual,METEO_MONITOR_NET,Meteorological monitoring network,TV,Tuvalu,1984,,3,,,,N,units,,,,,N,National,,
DATAFLOW,SPC:DF_CLIMATE_CHANGE(1.0),Climate Change indicators,I,A,Annual,METEO_MONITOR_NET,Meteorological monitoring network,TV,Tuvalu,1985,,3,,,,N,units,,,,,N,National,,
DATAFLOW,SPC:DF_CLIMATE_CHANGE(1.0),Climate Change indicators,I,A,Annual,METEO_MONITOR_NET,Meteorological monitoring network,TV,Tuvalu,1986,,3,,,,N,units,,,,,N,National,,
DATAFLOW,SPC:DF_CLIMATE_CHANGE(1.0),Climate Change indicators,I,A,Annual,METEO_MONITOR_NET,Meteorological monitoring network,TV,Tuvalu,1987,,3,,,,N,units,,,,,N,National,,
DATAFLOW,SPC:DF_CLIMATE_CHANGE(1.0),Climate Change indicators,I,A,Annual,METEO_MONITOR_NET,Meteorological monitoring network,TV,Tuvalu,1988,,3,,,,N,units,,,,,N,National,,
DATAFLOW,SPC:DF_CLIMATE_CHANGE(1.0),Climate Change indicators,I,A,Annual,METEO_MONITOR_NET,Meteorological monitoring network,TV,Tuvalu,1989,,3,,,,N,units,,,,,N,National,,
DATAFLOW,SPC:DF_CLIMATE_CHANGE(1.0),Climate Change indicators,I,A,Annual,METEO_MONITOR_NET,Meteorological monitoring network,TV,Tuvalu,1990,,3,,,,N,units,,,,,N,National,,
DATAFLOW,SPC:DF_CLIMATE_CHANGE(1.0),Climate Change indicators,I,A,Annual,METEO_MONITOR_NET,Meteorological monitoring network,TV,Tuvalu,1991,,3,,,,N,units,,,,,N,National,,
DATAFLOW,SPC:DF_CLIMATE_CHANGE(1.0),Climate Change indicators,I,A,Annual,METEO_MONITOR_NET,Meteorological monitoring network,TV,Tuvalu,1992,,3,,,,N,units,,,,,N,National,,
DATAFLOW,SPC:DF_CLIMATE_CHANGE(1.0),Climate Change indicators,I,A,Annual,METEO_MONITOR_NET,Meteorological monitoring network,TV,Tuvalu,1993,,3,,,,N,units,,,,,N,National,,
DATAFLOW,SPC:DF_CLIMATE_CHANGE(1.0),Climate Change indicators,I,A,Annual,METEO_MONITOR_NET,Meteorological monitoring network,TV,Tuvalu,1994,,3,,,,N,units,,,,,N,National,,
DATAFLOW,SPC:DF_CLIMATE_CHANGE(1.0),Climate Change indicators,I,A,Annual,METEO_MONITOR_NET,Meteorological monitoring network,TV,Tuvalu,1995,,3,,,,N,units,,,,,N,National,,
DATAFLOW,SPC:DF_CLIMATE_CHANGE(1.0),Climate Change indicators,I,A,Annual,METEO_MONITOR_NET,Meteorological monitoring network,TV,Tuvalu,1996,,3,,,,N,units,,,,,N,National,,
DATAFLOW,SPC:DF_CLIMATE_CHANGE(1.0),Climate Change indicators,I,A,Annual,METEO_MONITOR_NET,Meteorological monitoring network,TV,Tuvalu,1997,,3,,,,N,units,,,,,N,National,,
DATAFLOW,SPC:DF_CLIMATE_CHANGE(1.0),Climate Change indicators,I,A,Annual,METEO_MONITOR_NET,Meteorological monitoring network,TV,Tuvalu,1998,,3,,,,N,units,,,,,N,National,,
DATAFLOW,SPC:DF_CLIMATE_CHANGE(1.0),Climate Change indicators,I,A,Annual,METEO_MONITOR_NET,Meteorological monitoring network,TV,Tuvalu,1999,,3,,,,N,units,,,,,N,National,,
DATAFLOW,SPC:DF_CLIMATE_CHANGE(1.0),Climate Change indicators,I,A,Annual,METEO_MONITOR_NET,Meteorological monitoring network,TV,Tuvalu,2000,,3,,,,N,units,,,,,N,National,,
DATAFLOW,SPC:DF_CLIMATE_CHANGE(1.0),Climate Change indicators,I,A,Annual,METEO_MONITOR_NET,Meteorological monitoring network,TV,Tuvalu,2001,,3,,,,N,units,,,,,N,National,,
DATAFLOW,SPC:DF_CLIMATE_CHANGE(1.0),Climate Change indicators,I,A,Annual,METEO_MONITOR_NET,Meteorological monitoring network,TV,Tuvalu,2002,,3,,,,N,units,,,,,N,National,,
DATAFLOW,SPC:DF_CLIMATE_CHANGE(1.0),Climate Change indicators,I,A,Annual,METEO_MONITOR_NET,Meteorological monitoring network,TV,Tuvalu,2003,,3,,,,N,units,,,,,N,National,,
DATAFLOW,SPC:DF_CLIMATE_CHANGE(1.0),Climate Change indicators,I,A,Annual,METEO_MONITOR_NET,Meteorological monitoring network,TV,Tuvalu,2004,,3,,,,N,units,,,,,N,National,,
DATAFLOW,SPC:DF_CLIMATE_CHANGE(1.0),Climate Change indicators,I,A,Annual,METEO_MONITOR_NET,Meteorological monitoring network,TV,Tuvalu,2005,,3,,,,N,units,,,,,N,National,,
DATAFLOW,SPC:DF_CLIMATE_CHANGE(1.0),Climate Change indicators,I,A,Annual,METEO_MONITOR_NET,Meteorological monitoring network,TV,Tuvalu,2006,,3,,,,N,units,,,,,N,National,,
DATAFLOW,SPC:DF_CLIMATE_CHANGE(1.0),Climate Change indicators,I,A,Annual,METEO_MONITOR_NET,Meteorological monitoring network,TV,Tuvalu,2007,,3,,,,N,units,,,,,N,National,,
DATAFLOW,SPC:DF_CLIMATE_CHANGE(1.0),Climate Change indicators,I,A,Annual,METEO_MONITOR_NET,Meteorological monitoring network,TV,Tuvalu,2008,,3,,,,N,units,,,,,N,National,,
DATAFLOW,SPC:DF_CLIMATE_CHANGE(1.0),Climate Change indicators,I,A,Annual,METEO_MONITOR_NET,Meteorological monitoring network,TV,Tuvalu,2009,,3,,,,N,units,,,,,N,National,,
DATAFLOW,SPC:DF_CLIMATE_CHANGE(1.0),Climate Change indicators,I,A,Annual,METEO_MONITOR_NET,Meteorological monitoring network,TV,Tuvalu,2010,,3,,,,N,units,,,,,N,National,,
DATAFLOW,SPC:DF_CLIMATE_CHANGE(1.0),Climate Change indicators,I,A,Annual,METEO_MONITOR_NET,Meteorological monitoring network,TV,Tuvalu,2011,,3,,,,N,units,,,,,N,National,,
DATAFLOW,SPC:DF_CLIMATE_CHANGE(1.0),Climate Change indicators,I,A,Annual,METEO_MONITOR_NET,Meteorological monitoring network,TV,Tuvalu,2012,,3,,,,N,units,,,,,N,National,,
DATAFLOW,SPC:DF_CLIMATE_CHANGE(1.0),Climate Change indicators,I,A,Annual,METEO_MONITOR_NET,Meteorological monitoring network,TV,Tuvalu,2013,,3,,,,N,units,,,,,N,National,,
DATAFLOW,SPC:DF_CLIMATE_CHANGE(1.0),Climate Change indicators,I,A,Annual,METEO_MONITOR_NET,Meteorological monitoring network,TV,Tuvalu,2014,,3,,,,N,units,,,,,N,National,,
DATAFLOW,SPC:DF_CLIMATE_CHANGE(1.0),Climate Change indicators,I,A,Annual,METEO_MONITOR_NET,Meteorological monitoring network,TV,Tuvalu,2015,,3,,,,N,units,,,,,N,National,,
DATAFLOW,SPC:DF_CLIMATE_CHANGE(1.0),Climate Change indicators,I,A,Annual,METEO_MONITOR_NET,Meteorological monitoring network,TV,Tuvalu,2016,,3,,,,N,units,,,,,N,National,,
DATAFLOW,SPC:DF_CLIMATE_CHANGE(1.0),Climate Change indicators,I,A,Annual,METEO_MONITOR_NET,Meteorological monitoring network,TV,Tuvalu,2017,,3,,,,N,units,,,,,N,National,,
DATAFLOW,SPC:DF_CLIMATE_CHANGE(1.0),Climate Change indicators,I,A,Annual,METEO_MONITOR_NET,Meteorological monitoring network,TV,Tuvalu,2018,,3,,,,N,units,,,,,N,National,,
DATAFLOW,SPC:DF_CLIMATE_CHANGE(1.0),Climate Change indicators,I,A,Annual,METEO_MONITOR_NET,Meteorological monitoring network,TV,Tuvalu,2019,,3,,,,N,units,,,,,N,National,,
DATAFLOW,SPC:DF_CLIMATE_CHANGE(1.0),Climate Change indicators,I,A,Annual,METEO_MONITOR_NET,Meteorological monitoring network,TV,Tuvalu,2020,,3,,,,N,units,,,,,N,National,,
DATAFLOW,SPC:DF_CLIMATE_CHANGE(1.0),Climate Change indicators,I,A,Annual,METEO_MONITOR_NET,Meteorological monitoring network,TV,Tuvalu,2021,,3,,,,N,units,,,,,N,National,,
DATAFLOW,SPC:DF_CLIMATE_CHANGE(1.0),Climate Change indicators,I,A,Annual,METEO_MONITOR_NET,Meteorological monitoring network,TV,Tuvalu,2022,,3,,,,N,units,,,,,N,National,,
DATAFLOW,SPC:DF_CLIMATE_CHANGE(1.0),Climate Change indicators,I,A,Annual,METEO_MONITOR_NET,Meteorological monitoring network,TV,Tuvalu,2023,,3,,,,N,units,,,,,N,National,,
DATAFLOW,SPC:DF_CLIMATE_CHANGE(1.0),Climate Change indicators,I,A,Annual,METEO_MONITOR_NET,Meteorological monitoring network,TV,Tuvalu,2024,,3,,,,N,units,,,,,N,National,,
DATAFLOW,SPC:DF_CLIMATE_CHANGE(1.0),Climate Change indicators,I,A,Annual,METEO_MONITOR_NET,Meteorological monitoring network,TV,Tuvalu,2025,,3,,,,N,units,,,,,N,National,,
DATAFLOW,SPC:DF_CLIMATE_CHANGE(1.0),Climate Change indicators,I,A,Annual,METEO_MONITOR_NET,Meteorological monitoring network,TV,Tuvalu,2026,,3,,,,N,units,,,,,N,National,,
DATAFLOW,SPC:DF_CLIMATE_CHANGE(1.0),Climate Change indicators,I,A,Annual,METEO_MONITOR_NET,Meteorological monitoring network,PG,Papua New Guinea,1951,,1,,,,N,units,,,,,N,National,,
DATAFLOW,SPC:DF_CLIMATE_CHANGE(1.0),Climate Change indicators,I,A,Annual,METEO_MONITOR_NET,Meteorological monitoring network,PG,Papua New Guinea,1952,,1,,,,N,units,,,,,N,National,,
DATAFLOW,SPC:DF_CLIMATE_CHANGE(1.0),Climate Change indicators,I,A,Annual,METEO_MONITOR_NET,Meteorological monitoring network,PG,Papua New Guinea,1953,,1,,,,N,units,,,,,N,National,,
DATAFLOW,SPC:DF_CLIMATE_CHANGE(1.0),Climate Change indicators,I,A,Annual,METEO_MONITOR_NET,Meteorological monitoring network,PG,Papua New Guinea,1954,,1,,,,N,units,,,,,N,National,,
DATAFLOW,SPC:DF_CLIMATE_CHANGE(1.0),Climate Change indicators,I,A,Annual,METEO_MONITOR_NET,Meteorological monitoring network,PG,Papua New Guinea,1955,,1,,,,N,units,,,,,N,National,,
DATAFLOW,SPC:DF_CLIMATE_CHANGE(1.0),Climate Change indicators,I,A,Annual,METEO_MONITOR_NET,Meteorological monitoring network,PG,Papua New Guinea,1956,,1,,,,N,units,,,,,N,National,,
DATAFLOW,SPC:DF_CLIMATE_CHANGE(1.0),Climate Change indicators,I,A,Annual,METEO_MONITOR_NET,Meteorological monitoring network,PG,Papua New Guinea,1957,,2,,,,N,units,,,,,N,National,,
DATAFLOW,SPC:DF_CLIMATE_CHANGE(1.0),Climate Change indicators,I,A,Annual,METEO_MONITOR_NET,Meteorological monitoring network,PG,Papua New Guinea,1958,,2,,,,N,units,,,,,N,National,,
DATAFLOW,SPC:DF_CLIMATE_CHANGE(1.0),Climate Change indicators,I,A,Annual,METEO_MONITOR_NET,Meteorological monitoring network,PG,Papua New Guinea,1959,,2,,,,N,units,,,,,N,National,,
DATAFLOW,SPC:DF_CLIMATE_CHANGE(1.0),Climate Change indicators,I,A,Annual,METEO_MONITOR_NET,Meteorological monitoring network,PG,Papua New Guinea,1960,,3,,,,N,units,,,,,N,National,,
DATAFLOW,SPC:DF_CLIMATE_CHANGE(1.0),Climate Change indicators,I,A,Annual,METEO_MONITOR_NET,Meteorological monitoring network,PG,Papua New Guinea,1961,,3,,,,N,units,,,,,N,National,,
DATAFLOW,SPC:DF_CLIMATE_CHANGE(1.0),Climate Change indicators,I,A,Annual,METEO_MONITOR_NET,Meteorological monitoring network,PG,Papua New Guinea,1962,,3,,,,N,units,,,,,N,National,,
DATAFLOW,SPC:DF_CLIMATE_CHANGE(1.0),Climate Change indicators,I,A,Annual,METEO_MONITOR_NET,Meteorological monitoring network,PG,Papua New Guinea,1963,,3,,,,N,units,,,,,N,National,,
DATAFLOW,SPC:DF_CLIMATE_CHANGE(1.0),Climate Change indicators,I,A,Annual,METEO_MONITOR_NET,Meteorological monitoring network,PG,Papua New Guinea,1964,,3,,,,N,units,,,,,N,National,,
DATAFLOW,SPC:DF_CLIMATE_CHANGE(1.0),Climate Change indicators,I,A,Annual,METEO_MONITOR_NET,Meteorological monitoring network,PG,Papua New Guinea,1965,,3,,,,N,units,,,,,N,National,,
DATAFLOW,SPC:DF_CLIMATE_CHANGE(1.0),Climate Change indicators,I,A,Annual,METEO_MONITOR_NET,Meteorological monitoring network,PG,Papua New Guinea,1966,,3,,,,N,units,,,,,N,National,,
DATAFLOW,SPC:DF_CLIMATE_CHANGE(1.0),Climate Change indicators,I,A,Annual,METEO_MONITOR_NET,Meteorological monitoring network,PG,Papua New Guinea,1967,,3,,,,N,units,,,,,N,National,,
DATAFLOW,SPC:DF_CLIMATE_CHANGE(1.0),Climate Change indicators,I,A,Annual,METEO_MONITOR_NET,Meteorological monitoring network,PG,Papua New Guinea,1968,,3,,,,N,units,,,,,N,National,,
DATAFLOW,SPC:DF_CLIMATE_CHANGE(1.0),Climate Change indicators,I,A,Annual,METEO_MONITOR_NET,Meteorological monitoring network,PG,Papua New Guinea,1969,,3,,,,N,units,,,,,N,National,,
DATAFLOW,SPC:DF_CLIMATE_CHANGE(1.0),Climate Change indicators,I,A,Annual,METEO_MONITOR_NET,Meteorological monitoring network,PG,Papua New Guinea,1970,,3,,,,N,units,,,,,N,National,,
DATAFLOW,SPC:DF_CLIMATE_CHANGE(1.0),Climate Change indicators,I,A,Annual,METEO_MONITOR_NET,Meteorological monitoring network,PG,Papua New Guinea,1971,,3,,,,N,units,,,,,N,National,,
DATAFLOW,SPC:DF_CLIMATE_CHANGE(1.0),Climate Change indicators,I,A,Annual,METEO_MONITOR_NET,Meteorological monitoring network,PG,Papua New Guinea,1972,,3,,,,N,units,,,,,N,National,,
DATAFLOW,SPC:DF_CLIMATE_CHANGE(1.0),Climate Change indicators,I,A,Annual,METEO_MONITOR_NET,Meteorological monitoring network,PG,Papua New Guinea,1973,,3,,,,N,units,,,,,N,National,,
DATAFLOW,SPC:DF_CLIMATE_CHANGE(1.0),Climate Change indicators,I,A,Annual,METEO_MONITOR_NET,Meteorological monitoring network,PG,Papua New Guinea,1974,,3,,,,N,units,,,,,N,National,,
DATAFLOW,SPC:DF_CLIMATE_CHANGE(1.0),Climate Change indicators,I,A,Annual,METEO_MONITOR_NET,Meteorological monitoring network,PG,Papua New Guinea,1975,,3,,,,N,units,,,,,N,National,,
DATAFLOW,SPC:DF_CLIMATE_CHANGE(1.0),Climate Change indicators,I,A,Annual,METEO_MONITOR_NET,Meteorological monitoring network,PG,Papua New Guinea,1976,,3,,,,N,units,,,,,N,National,,
DATAFLOW,SPC:DF_CLIMATE_CHANGE(1.0),Climate Change indicators,I,A,Annual,METEO_MONITOR_NET,Meteorological monitoring network,PG,Papua New Guinea,1977,,3,,,,N,units,,,,,N,National,,
DATAFLOW,SPC:DF_CLIMATE_CHANGE(1.0),Climate Change indicators,I,A,Annual,METEO_MONITOR_NET,Meteorological monitoring network,PG,Papua New Guinea,1978,,3,,,,N,units,,,,,N,National,,
DATAFLOW,SPC:DF_CLIMATE_CHANGE(1.0),Climate Change indicators,I,A,Annual,METEO_MONITOR_NET,Meteorological monitoring network,PG,Papua New Guinea,1979,,3,,,,N,units,,,,,N,National,,
DATAFLOW,SPC:DF_CLIMATE_CHANGE(1.0),Climate Change indicators,I,A,Annual,METEO_MONITOR_NET,Meteorological monitoring network,PG,Papua New Guinea,1980,,3,,,,N,units,,,,,N,National,,
DATAFLOW,SPC:DF_CLIMATE_CHANGE(1.0),Climate Change indicators,I,A,Annual,METEO_MONITOR_NET,Meteorological monitoring network,PG,Papua New Guinea,1981,,3,,,,N,units,,,,,N,National,,
DATAFLOW,SPC:DF_CLIMATE_CHANGE(1.0),Climate Change indicators,I,A,Annual,METEO_MONITOR_NET,Meteorological monitoring network,PG,Papua New Guinea,1982,,3,,,,N,units,,,,,N,National,,
DATAFLOW,SPC:DF_CLIMATE_CHANGE(1.0),Climate Change indicators,I,A,Annual,METEO_MONITOR_NET,Meteorological monitoring network,PG,Papua New Guinea,1983,,3,,,,N,units,,,,,N,National,,
DATAFLOW,SPC:DF_CLIMATE_CHANGE(1.0),Climate Change indicators,I,A,Annual,METEO_MONITOR_NET,Meteorological monitoring network,PG,Papua New Guinea,1984,,3,,,,N,units,,,,,N,National,,
DATAFLOW,SPC:DF_CLIMATE_CHANGE(1.0),Climate Change indicators,I,A,Annual,METEO_MONITOR_NET,Meteorological monitoring network,PG,Papua New Guinea,1985,,3,,,,N,units,,,,,N,National,,
DATAFLOW,SPC:DF_CLIMATE_CHANGE(1.0),Climate Change indicators,I,A,Annual,METEO_MONITOR_NET,Meteorological monitoring network,PG,Papua New Guinea,1986,,4,,,,N,units,,,,,N,National,,
DATAFLOW,SPC:DF_CLIMATE_CHANGE(1.0),Climate Change indicators,I,A,Annual,METEO_MONITOR_NET,Meteorological monitoring network,PG,Papua New Guinea,1987,,4,,,,N,units,,,,,N,National,,
DATAFLOW,SPC:DF_CLIMATE_CHANGE(1.0),Climate Change indicators,I,A,Annual,METEO_MONITOR_NET,Meteorological monitoring network,PG,Papua New Guinea,1988,,4,,,,N,units,,,,,N,National,,
DATAFLOW,SPC:DF_CLIMATE_CHANGE(1.0),Climate Change indicators,I,A,Annual,METEO_MONITOR_NET,Meteorological monitoring network,PG,Papua New Guinea,1989,,4,,,,N,units,,,,,N,National,,
DATAFLOW,SPC:DF_CLIMATE_CHANGE(1.0),Climate Change indicators,I,A,Annual,METEO_MONITOR_NET,Meteorological monitoring network,PG,Papua New Guinea,1990,,4,,,,N,units,,,,,N,National,,
DATAFLOW,SPC:DF_CLIMATE_CHANGE(1.0),Climate Change indicators,I,A,Annual,METEO_MONITOR_NET,Meteorological monitoring network,PG,Papua New Guinea,1991,,4,,,,N,units,,,,,N,National,,
DATAFLOW,SPC:DF_CLIMATE_CHANGE(1.0),Climate Change indicators,I,A,Annual,METEO_MONITOR_NET,Meteorological monitoring network,PG,Papua New Guinea,1992,,4,,,,N,units,,,,,N,National,,
DATAFLOW,SPC:DF_CLIMATE_CHANGE(1.0),Climate Change indicators,I,A,Annual,METEO_MONITOR_NET,Meteorological monitoring network,PG,Papua New Guinea,1993,,4,,,,N,units,,,,,N,National,,
DATAFLOW,SPC:DF_CLIMATE_CHANGE(1.0),Climate Change indicators,I,A,Annual,METEO_MONITOR_NET,Meteorological monitoring network,PG,Papua New Guinea,1994,,4,,,,N,units,,,,,N,National,,
DATAFLOW,SPC:DF_CLIMATE_CHANGE(1.0),Climate Change indicators,I,A,Annual,METEO_MONITOR_NET,Meteorological monitoring network,PG,Papua New Guinea,1995,,4,,,,N,units,,,,,N,National,,
DATAFLOW,SPC:DF_CLIMATE_CHANGE(1.0),Climate Change indicators,I,A,Annual,METEO_MONITOR_NET,Meteorological monitoring network,PG,Papua New Guinea,1996,,5,,,,N,units,,,,,N,National,,
DATAFLOW,SPC:DF_CLIMATE_CHANGE(1.0),Climate Change indicators,I,A,Annual,METEO_MONITOR_NET,Meteorological monitoring network,PG,Papua New Guinea,1997,,6,,,,N,units,,,,,N,National,,
DATAFLOW,SPC:DF_CLIMATE_CHANGE(1.0),Climate Change indicators,I,A,Annual,METEO_MONITOR_NET,Meteorological monitoring network,PG,Papua New Guinea,1998,,6,,,,N,units,,,,,N,National,,
DATAFLOW,SPC:DF_CLIMATE_CHANGE(1.0),Climate Change indicators,I,A,Annual,METEO_MONITOR_NET,Meteorological monitoring network,PG,Papua New Guinea,1999,,6,,,,N,units,,,,,N,National,,
DATAFLOW,SPC:DF_CLIMATE_CHANGE(1.0),Climate Change indicators,I,A,Annual,METEO_MONITOR_NET,Meteorological monitoring network,PG,Papua New Guinea,2000,,6,,,,N,units,,,,,N,National,,
DATAFLOW,SPC:DF_CLIMATE_CHANGE(1.0),Climate Change indicators,I,A,Annual,METEO_MONITOR_NET,Meteorological monitoring network,PG,Papua New Guinea,2001,,6,,,,N,units,,,,,N,National,,
DATAFLOW,SPC:DF_CLIMATE_CHANGE(1.0),Climate Change indicators,I,A,Annual,METEO_MONITOR_NET,Meteorological monitoring network,PG,Papua New Guinea,2002,,6,,,,N,units,,,,,N,National,,
DATAFLOW,SPC:DF_CLIMATE_CHANGE(1.0),Climate Change indicators,I,A,Annual,METEO_MONITOR_NET,Meteorological monitoring network,PG,Papua New Guinea,2003,,6,,,,N,units,,,,,N,National,,
DATAFLOW,SPC:DF_CLIMATE_CHANGE(1.0),Climate Change indicators,I,A,Annual,METEO_MONITOR_NET,Meteorological monitoring network,PG,Papua New Guinea,2004,,6,,,,N,units,,,,,N,National,,
DATAFLOW,SPC:DF_CLIMATE_CHANGE(1.0),Climate Change indicators,I,A,Annual,METEO_MONITOR_NET,Meteorological monitoring network,PG,Papua New Guinea,2005,,6,,,,N,units,,,,,N,National,,
DATAFLOW,SPC:DF_CLIMATE_CHANGE(1.0),Climate Change indicators,I,A,Annual,METEO_MONITOR_NET,Meteorological monitoring network,PG,Papua New Guinea,2006,,6,,,,N,units,,,,,N,National,,
DATAFLOW,SPC:DF_CLIMATE_CHANGE(1.0),Climate Change indicators,I,A,Annual,METEO_MONITOR_NET,Meteorological monitoring network,PG,Papua New Guinea,2007,,6,,,,N,units,,,,,N,National,,
DATAFLOW,SPC:DF_CLIMATE_CHANGE(1.0),Climate Change indicators,I,A,Annual,METEO_MONITOR_NET,Meteorological monitoring network,PG,Papua New Guinea,2008,,6,,,,N,units,,,,,N,National,,
DATAFLOW,SPC:DF_CLIMATE_CHANGE(1.0),Climate Change indicators,I,A,Annual,METEO_MONITOR_NET,Meteorological monitoring network,PG,Papua New Guinea,2009,,6,,,,N,units,,,,,N,National,,
DATAFLOW,SPC:DF_CLIMATE_CHANGE(1.0),Climate Change indicators,I,A,Annual,METEO_MONITOR_NET,Meteorological monitoring network,PG,Papua New Guinea,2010,,6,,,,N,units,,,,,N,National,,
DATAFLOW,SPC:DF_CLIMATE_CHANGE(1.0),Climate Change indicators,I,A,Annual,METEO_MONITOR_NET,Meteorological monitoring network,PG,Papua New Guinea,2011,,6,,,,N,units,,,,,N,National,,
DATAFLOW,SPC:DF_CLIMATE_CHANGE(1.0),Climate Change indicators,I,A,Annual,METEO_MONITOR_NET,Meteorological monitoring network,PG,Papua New Guinea,2012,,6,,,,N,units,,,,,N,National,,
DATAFLOW,SPC:DF_CLIMATE_CHANGE(1.0),Climate Change indicators,I,A,Annual,METEO_MONITOR_NET,Meteorological monitoring network,PG,Papua New Guinea,2013,,6,,,,N,units,,,,,N,National,,
DATAFLOW,SPC:DF_CLIMATE_CHANGE(1.0),Climate Change indicators,I,A,Annual,METEO_MONITOR_NET,Meteorological monitoring network,PG,Papua New Guinea,2014,,6,,,,N,units,,,,,N,National,,
DATAFLOW,SPC:DF_CLIMATE_CHANGE(1.0),Climate Change indicators,I,A,Annual,METEO_MONITOR_NET,Meteorological monitoring network,PG,Papua New Guinea,2015,,6,,,,N,units,,,,,N,National,,
DATAFLOW,SPC:DF_CLIMATE_CHANGE(1.0),Climate Change indicators,I,A,Annual,METEO_MONITOR_NET,Meteorological monitoring network,PG,Papua New Guinea,2016,,6,,,,N,units,,,,,N,National,,
DATAFLOW,SPC:DF_CLIMATE_CHANGE(1.0),Climate Change indicators,I,A,Annual,METEO_MONITOR_NET,Meteorological monitoring network,PG,Papua New Guinea,2017,,6,,,,N,units,,,,,N,National,,
DATAFLOW,SPC:DF_CLIMATE_CHANGE(1.0),Climate Change indicators,I,A,Annual,METEO_MONITOR_NET,Meteorological monitoring network,PG,Papua New Guinea,2018,,6,,,,N,units,,,,,N,National,,
DATAFLOW,SPC:DF_CLIMATE_CHANGE(1.0),Climate Change indicators,I,A,Annual,METEO_MONITOR_NET,Meteorological monitoring network,PG,Papua New Guinea,2019,,6,,,,N,units,,,,,N,National,,
DATAFLOW,SPC:DF_CLIMATE_CHANGE(1.0),Climate Change indicators,I,A,Annual,METEO_MONITOR_NET,Meteorological monitoring network,PG,Papua New Guinea,2020,,6,,,,N,units,,,,,N,National,,
DATAFLOW,SPC:DF_CLIMATE_CHANGE(1.0),Climate Change indicators,I,A,Annual,METEO_MONITOR_NET,Meteorological monitoring network,PG,Papua New Guinea,2021,,6,,,,N,units,,,,,N,National,,
DATAFLOW,SPC:DF_CLIMATE_CHANGE(1.0),Climate Change indicators,I,A,Annual,METEO_MONITOR_NET,Meteorological monitoring network,PG,Papua New Guinea,2022,,6,,,,N,units,,,,,N,National,,
DATAFLOW,SPC:DF_CLIMATE_CHANGE(1.0),Climate Change indicators,I,A,Annual,METEO_MONITOR_NET,Meteorological monitoring network,PG,Papua New Guinea,2023,,6,,,,N,units,,,,,N,National,,
DATAFLOW,SPC:DF_CLIMATE_CHANGE(1.0),Climate Change indicators,I,A,Annual,METEO_MONITOR_NET,Meteorological monitoring network,PG,Papua New Guinea,2024,,6,,,,N,units,,,,,N,National,,
DATAFLOW,SPC:DF_CLIMATE_CHANGE(1.0),Climate Change indicators,I,A,Annual,METEO_MONITOR_NET,Meteorological monitoring network,PG,Papua New Guinea,2025,,6,,,,N,units,,,,,N,National,,
DATAFLOW,SPC:DF_CLIMATE_CHANGE(1.0),Climate Change indicators,I,A,Annual,METEO_MONITOR_NET,Meteorological monitoring network,PG,Papua New Guinea,2026,,6,,,,N,units,,,,,N,National,,
DATAFLOW,SPC:DF_CLIMATE_CHANGE(1.0),Climate Change indicators,I,A,Annual,METEO_MONITOR_NET,Meteorological monitoring network,KI,Kiribati,1946,,1,,,,N,units,,,,,N,National,,
DATAFLOW,SPC:DF_CLIMATE_CHANGE(1.0),Climate Change indicators,I,A,Annual,METEO_MONITOR_NET,Meteorological monitoring network,KI,Kiribati,1947,,2,,,,N,units,,,,,N,National,,
DATAFLOW,SPC:DF_CLIMATE_CHANGE(1.0),Climate Change indicators,I,A,Annual,METEO_MONITOR_NET,Meteorological monitoring network,KI,Kiribati,1948,,2,,,,N,units,,,,,N,National,,
DATAFLOW,SPC:DF_CLIMATE_CHANGE(1.0),Climate Change indicators,I,A,Annual,METEO_MONITOR_NET,Meteorological monitoring network,KI,Kiribati,1949,,2,,,,N,units,,,,,N,National,,
DATAFLOW,SPC:DF_CLIMATE_CHANGE(1.0),Climate Change indicators,I,A,Annual,METEO_MONITOR_NET,Meteorological monitoring network,KI,Kiribati,1950,,2,,,,N,units,,,,,N,National,,
DATAFLOW,SPC:DF_CLIMATE_CHANGE(1.0),Climate Change indicators,I,A,Annual,METEO_MONITOR_NET,Meteorological monitoring network,KI,Kiribati,1951,,2,,,,N,units,,,,,N,National,,
DATAFLOW,SPC:DF_CLIMATE_CHANGE(1.0),Climate Change indicators,I,A,Annual,METEO_MONITOR_NET,Meteorological monitoring network,KI,Kiribati,1952,,2,,,,N,units,,,,,N,National,,
DATAFLOW,SPC:DF_CLIMATE_CHANGE(1.0),Climate Change indicators,I,A,Annual,METEO_MONITOR_NET,Meteorological monitoring network,KI,Kiribati,1953,,2,,,,N,units,,,,,N,National,,
DATAFLOW,SPC:DF_CLIMATE_CHANGE(1.0),Climate Change indicators,I,A,Annual,METEO_MONITOR_NET,Meteorological monitoring network,KI,Kiribati,1954,,2,,,,N,units,,,,,N,National,,
DATAFLOW,SPC:DF_CLIMATE_CHANGE(1.0),Climate Change indicators,I,A,Annual,METEO_MONITOR_NET,Meteorological monitoring network,KI,Kiribati,1955,,2,,,,N,units,,,,,N,National,,
DATAFLOW,SPC:DF_CLIMATE_CHANGE(1.0),Climate Change indicators,I,A,Annual,METEO_MONITOR_NET,Meteorological monitoring network,KI,Kiribati,1956,,2,,,,N,units,,,,,N,National,,
DATAFLOW,SPC:DF_CLIMATE_CHANGE(1.0),Climate Change indicators,I,A,Annual,METEO_MONITOR_NET,Meteorological monitoring network,KI,Kiribati,1957,,2,,,,N,units,,,,,N,National,,
DATAFLOW,SPC:DF_CLIMATE_CHANGE(1.0),Climate Change indicators,I,A,Annual,METEO_MONITOR_NET,Meteorological monitoring network,KI,Kiribati,1958,,2,,,,N,units,,,,,N,National,,
DATAFLOW,SPC:DF_CLIMATE_CHANGE(1.0),Climate Change indicators,I,A,Annual,METEO_MONITOR_NET,Meteorological monitoring network,KI,Kiribati,1959,,2,,,,N,units,,,,,N,National,,
DATAFLOW,SPC:DF_CLIMATE_CHANGE(1.0),Climate Change indicators,I,A,Annual,METEO_MONITOR_NET,Meteorological monitoring network,KI,Kiribati,1960,,2,,,,N,units,,,,,N,National,,
DATAFLOW,SPC:DF_CLIMATE_CHANGE(1.0),Climate Change indicators,I,A,Annual,METEO_MONITOR_NET,Meteorological monitoring network,KI,Kiribati,1961,,2,,,,N,units,,,,,N,National,,
DATAFLOW,SPC:DF_CLIMATE_CHANGE(1.0),Climate Change indicators,I,A,Annual,METEO_MONITOR_NET,Meteorological monitoring network,KI,Kiribati,1962,,2,,,,N,units,,,,,N,National,,
DATAFLOW,SPC:DF_CLIMATE_CHANGE(1.0),Climate Change indicators,I,A,Annual,METEO_MONITOR_NET,Meteorological monitoring network,KI,Kiribati,1963,,2,,,,N,units,,,,,N,National,,
DATAFLOW,SPC:DF_CLIMATE_CHANGE(1.0),Climate Change indicators,I,A,Annual,METEO_MONITOR_NET,Meteorological monitoring network,KI,Kiribati,1964,,2,,,,N,units,,,,,N,National,,
DATAFLOW,SPC:DF_CLIMATE_CHANGE(1.0),Climate Change indicators,I,A,Annual,METEO_MONITOR_NET,Meteorological monitoring network,KI,Kiribati,1965,,2,,,,N,units,,,,,N,National,,
DATAFLOW,SPC:DF_CLIMATE_CHANGE(1.0),Climate Change indicators,I,A,Annual,METEO_MONITOR_NET,Meteorological monitoring network,KI,Kiribati,1966,,2,,,,N,units,,,,,N,National,,
DATAFLOW,SPC:DF_CLIMATE_CHANGE(1.0),Climate Change indicators,I,A,Annual,METEO_MONITOR_NET,Meteorological monitoring network,KI,Kiribati,1967,,2,,,,N,units,,,,,N,National,,
DATAFLOW,SPC:DF_CLIMATE_CHANGE(1.0),Climate Change indicators,I,A,Annual,METEO_MONITOR_NET,Meteorological monitoring network,KI,Kiribati,1968,,2,,,,N,units,,,,,N,National,,
DATAFLOW,SPC:DF_CLIMATE_CHANGE(1.0),Climate Change indicators,I,A,Annual,METEO_MONITOR_NET,Meteorological monitoring network,KI,Kiribati,1969,,2,,,,N,units,,,,,N,National,,
DATAFLOW,SPC:DF_CLIMATE_CHANGE(1.0),Climate Change indicators,I,A,Annual,METEO_MONITOR_NET,Meteorological monitoring network,KI,Kiribati,1970,,2,,,,N,units,,,,,N,National,,
DATAFLOW,SPC:DF_CLIMATE_CHANGE(1.0),Climate Change indicators,I,A,Annual,METEO_MONITOR_NET,Meteorological monitoring network,KI,Kiribati,1971,,2,,,,N,units,,,,,N,National,,
DATAFLOW,SPC:DF_CLIMATE_CHANGE(1.0),Climate Change indicators,I,A,Annual,METEO_MONITOR_NET,Meteorological monitoring network,KI,Kiribati,1972,,2,,,,N,units,,,,,N,National,,
DATAFLOW,SPC:DF_CLIMATE_CHANGE(1.0),Climate Change indicators,I,A,Annual,METEO_MONITOR_NET,Meteorological monitoring network,KI,Kiribati,1973,,2,,,,N,units,,,,,N,National,,
DATAFLOW,SPC:DF_CLIMATE_CHANGE(1.0),Climate Change indicators,I,A,Annual,METEO_MONITOR_NET,Meteorological monitoring network,KI,Kiribati,1974,,2,,,,N,units,,,,,N,National,,
DATAFLOW,SPC:DF_CLIMATE_CHANGE(1.0),Climate Change indicators,I,A,Annual,METEO_MONITOR_NET,Meteorological monitoring network,KI,Kiribati,1975,,2,,,,N,units,,,,,N,National,,
DATAFLOW,SPC:DF_CLIMATE_CHANGE(1.0),Climate Change indicators,I,A,Annual,METEO_MONITOR_NET,Meteorological monitoring network,KI,Kiribati,1976,,2,,,,N,units,,,,,N,National,,
DATAFLOW,SPC:DF_CLIMATE_CHANGE(1.0),Climate Change indicators,I,A,Annual,METEO_MONITOR_NET,Meteorological monitoring network,KI,Kiribati,1977,,2,,,,N,units,,,,,N,National,,
DATAFLOW,SPC:DF_CLIMATE_CHANGE(1.0),Climate Change indicators,I,A,Annual,METEO_MONITOR_NET,Meteorological monitoring network,KI,Kiribati,1978,,2,,,,N,units,,,,,N,National,,
DATAFLOW,SPC:DF_CLIMATE_CHANGE(1.0),Climate Change indicators,I,A,Annual,METEO_MONITOR_NET,Meteorological monitoring network,KI,Kiribati,1979,,2,,,,N,units,,,,,N,National,,
DATAFLOW,SPC:DF_CLIMATE_CHANGE(1.0),Climate Change indicators,I,A,Annual,METEO_MONITOR_NET,Meteorological monitoring network,KI,Kiribati,1980,,2,,,,N,units,,,,,N,National,,
DATAFLOW,SPC:DF_CLIMATE_CHANGE(1.0),Climate Change indicators,I,A,Annual,METEO_MONITOR_NET,Meteorological monitoring network,KI,Kiribati,1981,,2,,,,N,units,,,,,N,National,,
DATAFLOW,SPC:DF_CLIMATE_CHANGE(1.0),Climate Change indicators,I,A,Annual,METEO_MONITOR_NET,Meteorological monitoring network,KI,Kiribati,1982,,2,,,,N,units,,,,,N,National,,
DATAFLOW,SPC:DF_CLIMATE_CHANGE(1.0),Climate Change indicators,I,A,Annual,METEO_MONITOR_NET,Meteorological monitoring network,KI,Kiribati,1983,,2,,,,N,units,,,,,N,National,,
DATAFLOW,SPC:DF_CLIMATE_CHANGE(1.0),Climate Change indicators,I,A,Annual,METEO_MONITOR_NET,Meteorological monitoring network,KI,Kiribati,1984,,3,,,,N,units,,,,,N,National,,
DATAFLOW,SPC:DF_CLIMATE_CHANGE(1.0),Climate Change indicators,I,A,Annual,METEO_MONITOR_NET,Meteorological monitoring network,KI,Kiribati,1985,,3,,,,N,units,,,,,N,National,,
DATAFLOW,SPC:DF_CLIMATE_CHANGE(1.0),Climate Change indicators,I,A,Annual,METEO_MONITOR_NET,Meteorological monitoring network,KI,Kiribati,1986,,3,,,,N,units,,,,,N,National,,
DATAFLOW,SPC:DF_CLIMATE_CHANGE(1.0),Climate Change indicators,I,A,Annual,METEO_MONITOR_NET,Meteorological monitoring network,KI,Kiribati,1987,,3,,,,N,units,,,,,N,National,,
DATAFLOW,SPC:DF_CLIMATE_CHANGE(1.0),Climate Change indicators,I,A,Annual,METEO_MONITOR_NET,Meteorological monitoring network,KI,Kiribati,1988,,3,,,,N,units,,,,,N,National,,
DATAFLOW,SPC:DF_CLIMATE_CHANGE(1.0),Climate Change indicators,I,A,Annual,METEO_MONITOR_NET,Meteorological monitoring network,KI,Kiribati,1989,,3,,,,N,units,,,,,N,National,,
DATAFLOW,SPC:DF_CLIMATE_CHANGE(1.0),Climate Change indicators,I,A,Annual,METEO_MONITOR_NET,Meteorological monitoring network,KI,Kiribati,1990,,3,,,,N,units,,,,,N,National,,
DATAFLOW,SPC:DF_CLIMATE_CHANGE(1.0),Climate Change indicators,I,A,Annual,METEO_MONITOR_NET,Meteorological monitoring network,KI,Kiribati,1991,,3,,,,N,units,,,,,N,National,,
DATAFLOW,SPC:DF_CLIMATE_CHANGE(1.0),Climate Change indicators,I,A,Annual,METEO_MONITOR_NET,Meteorological monitoring network,KI,Kiribati,1992,,3,,,,N,units,,,,,N,National,,
DATAFLOW,SPC:DF_CLIMATE_CHANGE(1.0),Climate Change indicators,I,A,Annual,METEO_MONITOR_NET,Meteorological monitoring network,KI,Kiribati,1993,,3,,,,N,units,,,,,N,National,,
DATAFLOW,SPC:DF_CLIMATE_CHANGE(1.0),Climate Change indicators,I,A,Annual,METEO_MONITOR_NET,Meteorological monitoring network,KI,Kiribati,1994,,3,,,,N,units,,,,,N,National,,
DATAFLOW,SPC:DF_CLIMATE_CHANGE(1.0),Climate Change indicators,I,A,Annual,METEO_MONITOR_NET,Meteorological monitoring network,KI,Kiribati,1995,,3,,,,N,units,,,,,N,National,,
DATAFLOW,SPC:DF_CLIMATE_CHANGE(1.0),Climate Change indicators,I,A,Annual,METEO_MONITOR_NET,Meteorological monitoring network,KI,Kiribati,1996,,3,,,,N,units,,,,,N,National,,
DATAFLOW,SPC:DF_CLIMATE_CHANGE(1.0),Climate Change indicators,I,A,Annual,METEO_MONITOR_NET,Meteorological monitoring network,KI,Kiribati,1997,,3,,,,N,units,,,,,N,National,,
DATAFLOW,SPC:DF_CLIMATE_CHANGE(1.0),Climate Change indicators,I,A,Annual,METEO_MONITOR_NET,Meteorological monitoring network,KI,Kiribati,1998,,3,,,,N,units,,,,,N,National,,
DATAFLOW,SPC:DF_CLIMATE_CHANGE(1.0),Climate Change indicators,I,A,Annual,METEO_MONITOR_NET,Meteorological monitoring network,KI,Kiribati,1999,,3,,,,N,units,,,,,N,National,,
DATAFLOW,SPC:DF_CLIMATE_CHANGE(1.0),Climate Change indicators,I,A,Annual,METEO_MONITOR_NET,Meteorological monitoring network,KI,Kiribati,2000,,3,,,,N,units,,,,,N,National,,
DATAFLOW,SPC:DF_CLIMATE_CHANGE(1.0),Climate Change indicators,I,A,Annual,METEO_MONITOR_NET,Meteorological monitoring network,KI,Kiribati,2001,,3,,,,N,units,,,,,N,National,,
DATAFLOW,SPC:DF_CLIMATE_CHANGE(1.0),Climate Change indicators,I,A,Annual,METEO_MONITOR_NET,Meteorological monitoring network,KI,Kiribati,2002,,3,,,,N,units,,,,,N,National,,
DATAFLOW,SPC:DF_CLIMATE_CHANGE(1.0),Climate Change indicators,I,A,Annual,METEO_MONITOR_NET,Meteorological monitoring network,KI,Kiribati,2003,,3,,,,N,units,,,,,N,National,,
DATAFLOW,SPC:DF_CLIMATE_CHANGE(1.0),Climate Change indicators,I,A,Annual,METEO_MONITOR_NET,Meteorological monitoring network,KI,Kiribati,2004,,3,,,,N,units,,,,,N,National,,
DATAFLOW,SPC:DF_CLIMATE_CHANGE(1.0),Climate Change indicators,I,A,Annual,METEO_MONITOR_NET,Meteorological monitoring network,KI,Kiribati,2005,,3,,,,N,units,,,,,N,National,,
DATAFLOW,SPC:DF_CLIMATE_CHANGE(1.0),Climate Change indicators,I,A,Annual,METEO_MONITOR_NET,Meteorological monitoring network,KI,Kiribati,2006,,3,,,,N,units,,,,,N,National,,
DATAFLOW,SPC:DF_CLIMATE_CHANGE(1.0),Climate Change indicators,I,A,Annual,METEO_MONITOR_NET,Meteorological monitoring network,KI,Kiribati,2007,,3,,,,N,units,,,,,N,National,,
DATAFLOW,SPC:DF_CLIMATE_CHANGE(1.0),Climate Change indicators,I,A,Annual,METEO_MONITOR_NET,Meteorological monitoring network,KI,Kiribati,2008,,3,,,,N,units,,,,,N,National,,
DATAFLOW,SPC:DF_CLIMATE_CHANGE(1.0),Climate Change indicators,I,A,Annual,METEO_MONITOR_NET,Meteorological monitoring network,KI,Kiribati,2009,,3,,,,N,units,,,,,N,National,,
DATAFLOW,SPC:DF_CLIMATE_CHANGE(1.0),Climate Change indicators,I,A,Annual,METEO_MONITOR_NET,Meteorological monitoring network,KI,Kiribati,2010,,3,,,,N,units,,,,,N,National,,
DATAFLOW,SPC:DF_CLIMATE_CHANGE(1.0),Climate Change indicators,I,A,Annual,METEO_MONITOR_NET,Meteorological monitoring network,KI,Kiribati,2011,,3,,,,N,units,,,,,N,National,,
DATAFLOW,SPC:DF_CLIMATE_CHANGE(1.0),Climate Change indicators,I,A,Annual,METEO_MONITOR_NET,Meteorological monitoring network,KI,Kiribati,2012,,3,,,,N,units,,,,,N,National,,
DATAFLOW,SPC:DF_CLIMATE_CHANGE(1.0),Climate Change indicators,I,A,Annual,METEO_MONITOR_NET,Meteorological monitoring network,KI,Kiribati,2013,,3,,,,N,units,,,,,N,National,,
DATAFLOW,SPC:DF_CLIMATE_CHANGE(1.0),Climate Change indicators,I,A,Annual,METEO_MONITOR_NET,Meteorological monitoring network,KI,Kiribati,2014,,3,,,,N,units,,,,,N,National,,
DATAFLOW,SPC:DF_CLIMATE_CHANGE(1.0),Climate Change indicators,I,A,Annual,METEO_MONITOR_NET,Meteorological monitoring network,KI,Kiribati,2015,,3,,,,N,units,,,,,N,National,,
DATAFLOW,SPC:DF_CLIMATE_CHANGE(1.0),Climate Change indicators,I,A,Annual,METEO_MONITOR_NET,Meteorological monitoring network,KI,Kiribati,2016,,3,,,,N,units,,,,,N,National,,
DATAFLOW,SPC:DF_CLIMATE_CHANGE(1.0),Climate Change indicators,I,A,Annual,METEO_MONITOR_NET,Meteorological monitoring network,KI,Kiribati,2017,,3,,,,N,units,,,,,N,National,,
DATAFLOW,SPC:DF_CLIMATE_CHANGE(1.0),Climate Change indicators,I,A,Annual,METEO_MONITOR_NET,Meteorological monitoring network,KI,Kiribati,2018,,3,,,,N,units,,,,,N,National,,
DATAFLOW,SPC:DF_CLIMATE_CHANGE(1.0),Climate Change indicators,I,A,Annual,METEO_MONITOR_NET,Meteorological monitoring network,KI,Kiribati,2019,,3,,,,N,units,,,,,N,National,,
DATAFLOW,SPC:DF_CLIMATE_CHANGE(1.0),Climate Change indicators,I,A,Annual,METEO_MONITOR_NET,Meteorological monitoring network,KI,Kiribati,2020,,3,,,,N,units,,,,,N,National,,
DATAFLOW,SPC:DF_CLIMATE_CHANGE(1.0),Climate Change indicators,I,A,Annual,METEO_MONITOR_NET,Meteorological monitoring network,KI,Kiribati,2021,,3,,,,N,units,,,,,N,National,,
DATAFLOW,SPC:DF_CLIMATE_CHANGE(1.0),Climate Change indicators,I,A,Annual,METEO_MONITOR_NET,Meteorological monitoring network,KI,Kiribati,2022,,3,,,,N,units,,,,,N,National,,
DATAFLOW,SPC:DF_CLIMATE_CHANGE(1.0),Climate Change indicators,I,A,Annual,METEO_MONITOR_NET,Meteorological monitoring network,KI,Kiribati,2023,,3,,,,N,units,,,,,N,National,,
DATAFLOW,SPC:DF_CLIMATE_CHANGE(1.0),Climate Change indicators,I,A,Annual,METEO_MONITOR_NET,Meteorological monitoring network,KI,Kiribati,2024,,3,,,,N,units,,,,,N,National,,
DATAFLOW,SPC:DF_CLIMATE_CHANGE(1.0),Climate Change indicators,I,A,Annual,METEO_MONITOR_NET,Meteorological monitoring network,KI,Kiribati,2025,,4,,,,N,units,,,,,N,National,,
DATAFLOW,SPC:DF_CLIMATE_CHANGE(1.0),Climate Change indicators,I,A,Annual,METEO_MONITOR_NET,Meteorological monitoring network,KI,Kiribati,2026,,4,,,,N,units,,,,,N,National,,
DATAFLOW,SPC:DF_CLIMATE_CHANGE(1.0),Climate Change indicators,I,A,Annual,METEO_MONITOR_NET,Meteorological monitoring network,NR,Nauru,1889,,0,,,,N,units,,,,,N,National,,
DATAFLOW,SPC:DF_CLIMATE_CHANGE(1.0),Climate Change indicators,I,A,Annual,METEO_MONITOR_NET,Meteorological monitoring network,NR,Nauru,1890,,0,,,,N,units,,,,,N,National,,
DATAFLOW,SPC:DF_CLIMATE_CHANGE(1.0),Climate Change indicators,I,A,Annual,METEO_MONITOR_NET,Meteorological monitoring network,NR,Nauru,1891,,0,,,,N,units,,,,,N,National,,
DATAFLOW,SPC:DF_CLIMATE_CHANGE(1.0),Climate Change indicators,I,A,Annual,METEO_MONITOR_NET,Meteorological monitoring network,NR,Nauru,1892,,0,,,,N,units,,,,,N,National,,
DATAFLOW,SPC:DF_CLIMATE_CHANGE(1.0),Climate Change indicators,I,A,Annual,METEO_MONITOR_NET,Meteorological monitoring network,NR,Nauru,1893,,0,,,,N,units,,,,,N,National,,
DATAFLOW,SPC:DF_CLIMATE_CHANGE(1.0),Climate Change indicators,I,A,Annual,METEO_MONITOR_NET,Meteorological monitoring network,NR,Nauru,1894,,0,,,,N,units,,,,,N,National,,
DATAFLOW,SPC:DF_CLIMATE_CHANGE(1.0),Climate Change indicators,I,A,Annual,METEO_MONITOR_NET,Meteorological monitoring network,NR,Nauru,1895,,0,,,,N,units,,,,,N,National,,
DATAFLOW,SPC:DF_CLIMATE_CHANGE(1.0),Climate Change indicators,I,A,Annual,METEO_MONITOR_NET,Meteorological monitoring network,NR,Nauru,1896,,0,,,,N,units,,,,,N,National,,
DATAFLOW,SPC:DF_CLIMATE_CHANGE(1.0),Climate Change indicators,I,A,Annual,METEO_MONITOR_NET,Meteorological monitoring network,NR,Nauru,1897,,0,,,,N,units,,,,,N,National,,
DATAFLOW,SPC:DF_CLIMATE_CHANGE(1.0),Climate Change indicators,I,A,Annual,METEO_MONITOR_NET,Meteorological monitoring network,NR,Nauru,1898,,0,,,,N,units,,,,,N,National,,
DATAFLOW,SPC:DF_CLIMATE_CHANGE(1.0),Climate Change indicators,I,A,Annual,METEO_MONITOR_NET,Meteorological monitoring network,NR,Nauru,1899,,0,,,,N,units,,,,,N,National,,
DATAFLOW,SPC:DF_CLIMATE_CHANGE(1.0),Climate Change indicators,I,A,Annual,METEO_MONITOR_NET,Meteorological monitoring network,NR,Nauru,1900,,0,,,,N,units,,,,,N,National,,
DATAFLOW,SPC:DF_CLIMATE_CHANGE(1.0),Climate Change indicators,I,A,Annual,METEO_MONITOR_NET,Meteorological monitoring network,NR,Nauru,1901,,0,,,,N,units,,,,,N,National,,
DATAFLOW,SPC:DF_CLIMATE_CHANGE(1.0),Climate Change indicators,I,A,Annual,METEO_MONITOR_NET,Meteorological monitoring network,NR,Nauru,1902,,0,,,,N,units,,,,,N,National,,
DATAFLOW,SPC:DF_CLIMATE_CHANGE(1.0),Climate Change indicators,I,A,Annual,METEO_MONITOR_NET,Meteorological monitoring network,NR,Nauru,1903,,0,,,,N,units,,,,,N,National,,
DATAFLOW,SPC:DF_CLIMATE_CHANGE(1.0),Climate Change indicators,I,A,Annual,METEO_MONITOR_NET,Meteorological monitoring network,NR,Nauru,1904,,0,,,,N,units,,,,,N,National,,
DATAFLOW,SPC:DF_CLIMATE_CHANGE(1.0),Climate Change indicators,I,A,Annual,METEO_MONITOR_NET,Meteorological monitoring network,NR,Nauru,1905,,0,,,,N,units,,,,,N,National,,
DATAFLOW,SPC:DF_CLIMATE_CHANGE(1.0),Climate Change indicators,I,A,Annual,METEO_MONITOR_NET,Meteorological monitoring network,NR,Nauru,1906,,0,,,,N,units,,,,,N,National,,
DATAFLOW,SPC:DF_CLIMATE_CHANGE(1.0),Climate Change indicators,I,A,Annual,METEO_MONITOR_NET,Meteorological monitoring network,NR,Nauru,1907,,0,,,,N,units,,,,,N,National,,
DATAFLOW,SPC:DF_CLIMATE_CHANGE(1.0),Climate Change indicators,I,A,Annual,METEO_MONITOR_NET,Meteorological monitoring network,NR,Nauru,1908,,0,,,,N,units,,,,,N,National,,
DATAFLOW,SPC:DF_CLIMATE_CHANGE(1.0),Climate Change indicators,I,A,Annual,METEO_MONITOR_NET,Meteorological monitoring network,NR,Nauru,1909,,0,,,,N,units,,,,,N,National,,
DATAFLOW,SPC:DF_CLIMATE_CHANGE(1.0),Climate Change indicators,I,A,Annual,METEO_MONITOR_NET,Meteorological monitoring network,NR,Nauru,1910,,0,,,,N,units,,,,,N,National,,
DATAFLOW,SPC:DF_CLIMATE_CHANGE(1.0),Climate Change indicators,I,A,Annual,METEO_MONITOR_NET,Meteorological monitoring network,NR,Nauru,1911,,0,,,,N,units,,,,,N,National,,
DATAFLOW,SPC:DF_CLIMATE_CHANGE(1.0),Climate Change indicators,I,A,Annual,METEO_MONITOR_NET,Meteorological monitoring network,NR,Nauru,1912,,0,,,,N,units,,,,,N,National,,
DATAFLOW,SPC:DF_CLIMATE_CHANGE(1.0),Climate Change indicators,I,A,Annual,METEO_MONITOR_NET,Meteorological monitoring network,NR,Nauru,1913,,0,,,,N,units,,,,,N,National,,
DATAFLOW,SPC:DF_CLIMATE_CHANGE(1.0),Climate Change indicators,I,A,Annual,METEO_MONITOR_NET,Meteorological monitoring network,NR,Nauru,1914,,0,,,,N,units,,,,,N,National,,
DATAFLOW,SPC:DF_CLIMATE_CHANGE(1.0),Climate Change indicators,I,A,Annual,METEO_MONITOR_NET,Meteorological monitoring network,NR,Nauru,1915,,0,,,,N,units,,,,,N,National,,
DATAFLOW,SPC:DF_CLIMATE_CHANGE(1.0),Climate Change indicators,I,A,Annual,METEO_MONITOR_NET,Meteorological monitoring network,NR,Nauru,1916,,0,,,,N,units,,,,,N,National,,
DATAFLOW,SPC:DF_CLIMATE_CHANGE(1.0),Climate Change indicators,I,A,Annual,METEO_MONITOR_NET,Meteorological monitoring network,NR,Nauru,1917,,0,,,,N,units,,,,,N,National,,
DATAFLOW,SPC:DF_CLIMATE_CHANGE(1.0),Climate Change indicators,I,A,Annual,METEO_MONITOR_NET,Meteorological monitoring network,NR,Nauru,1918,,0,,,,N,units,,,,,N,National,,
DATAFLOW,SPC:DF_CLIMATE_CHANGE(1.0),Climate Change indicators,I,A,Annual,METEO_MONITOR_NET,Meteorological monitoring network,NR,Nauru,1919,,0,,,,N,units,,,,,N,National,,
DATAFLOW,SPC:DF_CLIMATE_CHANGE(1.0),Climate Change indicators,I,A,Annual,METEO_MONITOR_NET,Meteorological monitoring network,NR,Nauru,1920,,0,,,,N,units,,,,,N,National,,
DATAFLOW,SPC:DF_CLIMATE_CHANGE(1.0),Climate Change indicators,I,A,Annual,METEO_MONITOR_NET,Meteorological monitoring network,NR,Nauru,1921,,0,,,,N,units,,,,,N,National,,
DATAFLOW,SPC:DF_CLIMATE_CHANGE(1.0),Climate Change indicators,I,A,Annual,METEO_MONITOR_NET,Meteorological monitoring network,NR,Nauru,1922,,0,,,,N,units,,,,,N,National,,
DATAFLOW,SPC:DF_CLIMATE_CHANGE(1.0),Climate Change indicators,I,A,Annual,METEO_MONITOR_NET,Meteorological monitoring network,NR,Nauru,1923,,0,,,,N,units,,,,,N,National,,
DATAFLOW,SPC:DF_CLIMATE_CHANGE(1.0),Climate Change indicators,I,A,Annual,METEO_MONITOR_NET,Meteorological monitoring network,NR,Nauru,1924,,0,,,,N,units,,,,,N,National,,
DATAFLOW,SPC:DF_CLIMATE_CHANGE(1.0),Climate Change indicators,I,A,Annual,METEO_MONITOR_NET,Meteorological monitoring network,NR,Nauru,1925,,0,,,,N,units,,,,,N,National,,
DATAFLOW,SPC:DF_CLIMATE_CHANGE(1.0),Climate Change indicators,I,A,Annual,METEO_MONITOR_NET,Meteorological monitoring network,NR,Nauru,1926,,0,,,,N,units,,,,,N,National,,
DATAFLOW,SPC:DF_CLIMATE_CHANGE(1.0),Climate Change indicators,I,A,Annual,METEO_MONITOR_NET,Meteorological monitoring network,NR,Nauru,1927,,0,,,,N,units,,,,,N,National,,
DATAFLOW,SPC:DF_CLIMATE_CHANGE(1.0),Climate Change indicators,I,A,Annual,METEO_MONITOR_NET,Meteorological monitoring network,NR,Nauru,1928,,0,,,,N,units,,,,,N,National,,
DATAFLOW,SPC:DF_CLIMATE_CHANGE(1.0),Climate Change indicators,I,A,Annual,METEO_MONITOR_NET,Meteorological monitoring network,NR,Nauru,1929,,0,,,,N,units,,,,,N,National,,
DATAFLOW,SPC:DF_CLIMATE_CHANGE(1.0),Climate Change indicators,I,A,Annual,METEO_MONITOR_NET,Meteorological monitoring network,NR,Nauru,1930,,0,,,,N,units,,,,,N,National,,
DATAFLOW,SPC:DF_CLIMATE_CHANGE(1.0),Climate Change indicators,I,A,Annual,METEO_MONITOR_NET,Meteorological monitoring network,NR,Nauru,1931,,0,,,,N,units,,,,,N,National,,
DATAFLOW,SPC:DF_CLIMATE_CHANGE(1.0),Climate Change indicators,I,A,Annual,METEO_MONITOR_NET,Meteorological monitoring network,NR,Nauru,1932,,0,,,,N,units,,,,,N,National,,
DATAFLOW,SPC:DF_CLIMATE_CHANGE(1.0),Climate Change indicators,I,A,Annual,METEO_MONITOR_NET,Meteorological monitoring network,NR,Nauru,1933,,0,,,,N,units,,,,,N,National,,
DATAFLOW,SPC:DF_CLIMATE_CHANGE(1.0),Climate Change indicators,I,A,Annual,METEO_MONITOR_NET,Meteorological monitoring network,NR,Nauru,1934,,0,,,,N,units,,,,,N,National,,
DATAFLOW,SPC:DF_CLIMATE_CHANGE(1.0),Climate Change indicators,I,A,Annual,METEO_MONITOR_NET,Meteorological monitoring network,NR,Nauru,1935,,0,,,,N,units,,,,,N,National,,
DATAFLOW,SPC:DF_CLIMATE_CHANGE(1.0),Climate Change indicators,I,A,Annual,METEO_MONITOR_NET,Meteorological monitoring network,NR,Nauru,1936,,0,,,,N,units,,,,,N,National,,
DATAFLOW,SPC:DF_CLIMATE_CHANGE(1.0),Climate Change indicators,I,A,Annual,METEO_MONITOR_NET,Meteorological monitoring network,NR,Nauru,1937,,0,,,,N,units,,,,,N,National,,
DATAFLOW,SPC:DF_CLIMATE_CHANGE(1.0),Climate Change indicators,I,A,Annual,METEO_MONITOR_NET,Meteorological monitoring network,NR,Nauru,1938,,0,,,,N,units,,,,,N,National,,
DATAFLOW,SPC:DF_CLIMATE_CHANGE(1.0),Climate Change indicators,I,A,Annual,METEO_MONITOR_NET,Meteorological monitoring network,NR,Nauru,1939,,0,,,,N,units,,,,,N,National,,
DATAFLOW,SPC:DF_CLIMATE_CHANGE(1.0),Climate Change indicators,I,A,Annual,METEO_MONITOR_NET,Meteorological monitoring network,NR,Nauru,1940,,0,,,,N,units,,,,,N,National,,
DATAFLOW,SPC:DF_CLIMATE_CHANGE(1.0),Climate Change indicators,I,A,Annual,METEO_MONITOR_NET,Meteorological monitoring network,NR,Nauru,1941,,0,,,,N,units,,,,,N,National,,
DATAFLOW,SPC:DF_CLIMATE_CHANGE(1.0),Climate Change indicators,I,A,Annual,METEO_MONITOR_NET,Meteorological monitoring network,NR,Nauru,1942,,0,,,,N,units,,,,,N,National,,
DATAFLOW,SPC:DF_CLIMATE_CHANGE(1.0),Climate Change indicators,I,A,Annual,METEO_MONITOR_NET,Meteorological monitoring network,NR,Nauru,1943,,0,,,,N,units,,,,,N,National,,
DATAFLOW,SPC:DF_CLIMATE_CHANGE(1.0),Climate Change indicators,I,A,Annual,METEO_MONITOR_NET,Meteorological monitoring network,NR,Nauru,1944,,0,,,,N,units,,,,,N,National,,
DATAFLOW,SPC:DF_CLIMATE_CHANGE(1.0),Climate Change indicators,I,A,Annual,METEO_MONITOR_NET,Meteorological monitoring network,NR,Nauru,1945,,0,,,,N,units,,,,,N,National,,
DATAFLOW,SPC:DF_CLIMATE_CHANGE(1.0),Climate Change indicators,I,A,Annual,METEO_MONITOR_NET,Meteorological monitoring network,NR,Nauru,1946,,0,,,,N,units,,,,,N,National,,
DATAFLOW,SPC:DF_CLIMATE_CHANGE(1.0),Climate Change indicators,I,A,Annual,METEO_MONITOR_NET,Meteorological monitoring network,NR,Nauru,1947,,0,,,,N,units,,,,,N,National,,
DATAFLOW,SPC:DF_CLIMATE_CHANGE(1.0),Climate Change indicators,I,A,Annual,METEO_MONITOR_NET,Meteorological monitoring network,NR,Nauru,1948,,0,,,,N,units,,,,,N,National,,
DATAFLOW,SPC:DF_CLIMATE_CHANGE(1.0),Climate Change indicators,I,A,Annual,METEO_MONITOR_NET,Meteorological monitoring network,NR,Nauru,1949,,0,,,,N,units,,,,,N,National,,
DATAFLOW,SPC:DF_CLIMATE_CHANGE(1.0),Climate Change indicators,I,A,Annual,METEO_MONITOR_NET,Meteorological monitoring network,NR,Nauru,1950,,0,,,,N,units,,,,,N,National,,
DATAFLOW,SPC:DF_CLIMATE_CHANGE(1.0),Climate Change indicators,I,A,Annual,METEO_MONITOR_NET,Meteorological monitoring network,NR,Nauru,1951,,0,,,,N,units,,,,,N,National,,
DATAFLOW,SPC:DF_CLIMATE_CHANGE(1.0),Climate Change indicators,I,A,Annual,METEO_MONITOR_NET,Meteorological monitoring network,NR,Nauru,1952,,0,,,,N,units,,,,,N,National,,
DATAFLOW,SPC:DF_CLIMATE_CHANGE(1.0),Climate Change indicators,I,A,Annual,METEO_MONITOR_NET,Meteorological monitoring network,NR,Nauru,1953,,0,,,,N,units,,,,,N,National,,
DATAFLOW,SPC:DF_CLIMATE_CHANGE(1.0),Climate Change indicators,I,A,Annual,METEO_MONITOR_NET,Meteorological monitoring network,NR,Nauru,1954,,0,,,,N,units,,,,,N,National,,
DATAFLOW,SPC:DF_CLIMATE_CHANGE(1.0),Climate Change indicators,I,A,Annual,METEO_MONITOR_NET,Meteorological monitoring network,NR,Nauru,1955,,0,,,,N,units,,,,,N,National,,
DATAFLOW,SPC:DF_CLIMATE_CHANGE(1.0),Climate Change indicators,I,A,Annual,METEO_MONITOR_NET,Meteorological monitoring network,NR,Nauru,1956,,0,,,,N,units,,,,,N,National,,
DATAFLOW,SPC:DF_CLIMATE_CHANGE(1.0),Climate Change indicators,I,A,Annual,METEO_MONITOR_NET,Meteorological monitoring network,NR,Nauru,1957,,0,,,,N,units,,,,,N,National,,
DATAFLOW,SPC:DF_CLIMATE_CHANGE(1.0),Climate Change indicators,I,A,Annual,METEO_MONITOR_NET,Meteorological monitoring network,NR,Nauru,1958,,0,,,,N,units,,,,,N,National,,
DATAFLOW,SPC:DF_CLIMATE_CHANGE(1.0),Climate Change indicators,I,A,Annual,METEO_MONITOR_NET,Meteorological monitoring network,NR,Nauru,1959,,0,,,,N,units,,,,,N,National,,
DATAFLOW,SPC:DF_CLIMATE_CHANGE(1.0),Climate Change indicators,I,A,Annual,METEO_MONITOR_NET,Meteorological monitoring network,NR,Nauru,1960,,0,,,,N,units,,,,,N,National,,
DATAFLOW,SPC:DF_CLIMATE_CHANGE(1.0),Climate Change indicators,I,A,Annual,METEO_MONITOR_NET,Meteorological monitoring network,NR,Nauru,1961,,0,,,,N,units,,,,,N,National,,
DATAFLOW,SPC:DF_CLIMATE_CHANGE(1.0),Climate Change indicators,I,A,Annual,METEO_MONITOR_NET,Meteorological monitoring network,NR,Nauru,1962,,0,,,,N,units,,,,,N,National,,
DATAFLOW,SPC:DF_CLIMATE_CHANGE(1.0),Climate Change indicators,I,A,Annual,METEO_MONITOR_NET,Meteorological monitoring network,NR,Nauru,1963,,0,,,,N,units,,,,,N,National,,
DATAFLOW,SPC:DF_CLIMATE_CHANGE(1.0),Climate Change indicators,I,A,Annual,METEO_MONITOR_NET,Meteorological monitoring network,NR,Nauru,1964,,0,,,,N,units,,,,,N,National,,
DATAFLOW,SPC:DF_CLIMATE_CHANGE(1.0),Climate Change indicators,I,A,Annual,METEO_MONITOR_NET,Meteorological monitoring network,NR,Nauru,1965,,0,,,,N,units,,,,,N,National,,
DATAFLOW,SPC:DF_CLIMATE_CHANGE(1.0),Climate Change indicators,I,A,Annual,METEO_MONITOR_NET,Meteorological monitoring network,NR,Nauru,1966,,0,,,,N,units,,,,,N,National,,
DATAFLOW,SPC:DF_CLIMATE_CHANGE(1.0),Climate Change indicators,I,A,Annual,METEO_MONITOR_NET,Meteorological monitoring network,NR,Nauru,1967,,0,,,,N,units,,,,,N,National,,
DATAFLOW,SPC:DF_CLIMATE_CHANGE(1.0),Climate Change indicators,I,A,Annual,METEO_MONITOR_NET,Meteorological monitoring network,NR,Nauru,1968,,0,,,,N,units,,,,,N,National,,
DATAFLOW,SPC:DF_CLIMATE_CHANGE(1.0),Climate Change indicators,I,A,Annual,METEO_MONITOR_NET,Meteorological monitoring network,NR,Nauru,1969,,0,,,,N,units,,,,,N,National,,
DATAFLOW,SPC:DF_CLIMATE_CHANGE(1.0),Climate Change indicators,I,A,Annual,METEO_MONITOR_NET,Meteorological monitoring network,NR,Nauru,1970,,0,,,,N,units,,,,,N,National,,
DATAFLOW,SPC:DF_CLIMATE_CHANGE(1.0),Climate Change indicators,I,A,Annual,METEO_MONITOR_NET,Meteorological monitoring network,NR,Nauru,1971,,0,,,,N,units,,,,,N,National,,
DATAFLOW,SPC:DF_CLIMATE_CHANGE(1.0),Climate Change indicators,I,A,Annual,METEO_MONITOR_NET,Meteorological monitoring network,NR,Nauru,1972,,0,,,,N,units,,,,,N,National,,
DATAFLOW,SPC:DF_CLIMATE_CHANGE(1.0),Climate Change indicators,I,A,Annual,METEO_MONITOR_NET,Meteorological monitoring network,NR,Nauru,1973,,0,,,,N,units,,,,,N,National,,
DATAFLOW,SPC:DF_CLIMATE_CHANGE(1.0),Climate Change indicators,I,A,Annual,METEO_MONITOR_NET,Meteorological monitoring network,NR,Nauru,1974,,0,,,,N,units,,,,,N,National,,
DATAFLOW,SPC:DF_CLIMATE_CHANGE(1.0),Climate Change indicators,I,A,Annual,METEO_MONITOR_NET,Meteorological monitoring network,NR,Nauru,1975,,0,,,,N,units,,,,,N,National,,
DATAFLOW,SPC:DF_CLIMATE_CHANGE(1.0),Climate Change indicators,I,A,Annual,METEO_MONITOR_NET,Meteorological monitoring network,NR,Nauru,1976,,0,,,,N,units,,,,,N,National,,
DATAFLOW,SPC:DF_CLIMATE_CHANGE(1.0),Climate Change indicators,I,A,Annual,METEO_MONITOR_NET,Meteorological monitoring network,NR,Nauru,1977,,0,,,,N,units,,,,,N,National,,
DATAFLOW,SPC:DF_CLIMATE_CHANGE(1.0),Climate Change indicators,I,A,Annual,METEO_MONITOR_NET,Meteorological monitoring network,NR,Nauru,1978,,0,,,,N,units,,,,,N,National,,
DATAFLOW,SPC:DF_CLIMATE_CHANGE(1.0),Climate Change indicators,I,A,Annual,METEO_MONITOR_NET,Meteorological monitoring network,NR,Nauru,1979,,0,,,,N,units,,,,,N,National,,
DATAFLOW,SPC:DF_CLIMATE_CHANGE(1.0),Climate Change indicators,I,A,Annual,METEO_MONITOR_NET,Meteorological monitoring network,NR,Nauru,1980,,0,,,,N,units,,,,,N,National,,
DATAFLOW,SPC:DF_CLIMATE_CHANGE(1.0),Climate Change indicators,I,A,Annual,METEO_MONITOR_NET,Meteorological monitoring network,NR,Nauru,1981,,0,,,,N,units,,,,,N,National,,
DATAFLOW,SPC:DF_CLIMATE_CHANGE(1.0),Climate Change indicators,I,A,Annual,METEO_MONITOR_NET,Meteorological monitoring network,NR,Nauru,1982,,0,,,,N,units,,,,,N,National,,
DATAFLOW,SPC:DF_CLIMATE_CHANGE(1.0),Climate Change indicators,I,A,Annual,METEO_MONITOR_NET,Meteorological monitoring network,NR,Nauru,1983,,0,,,,N,units,,,,,N,National,,
DATAFLOW,SPC:DF_CLIMATE_CHANGE(1.0),Climate Change indicators,I,A,Annual,METEO_MONITOR_NET,Meteorological monitoring network,NR,Nauru,1984,,0,,,,N,units,,,,,N,National,,
DATAFLOW,SPC:DF_CLIMATE_CHANGE(1.0),Climate Change indicators,I,A,Annual,METEO_MONITOR_NET,Meteorological monitoring network,NR,Nauru,1985,,0,,,,N,units,,,,,N,National,,
DATAFLOW,SPC:DF_CLIMATE_CHANGE(1.0),Climate Change indicators,I,A,Annual,METEO_MONITOR_NET,Meteorological monitoring network,NR,Nauru,1986,,0,,,,N,units,,,,,N,National,,
DATAFLOW,SPC:DF_CLIMATE_CHANGE(1.0),Climate Change indicators,I,A,Annual,METEO_MONITOR_NET,Meteorological monitoring network,NR,Nauru,1987,,0,,,,N,units,,,,,N,National,,
DATAFLOW,SPC:DF_CLIMATE_CHANGE(1.0),Climate Change indicators,I,A,Annual,METEO_MONITOR_NET,Meteorological monitoring network,NR,Nauru,1988,,0,,,,N,units,,,,,N,National,,
DATAFLOW,SPC:DF_CLIMATE_CHANGE(1.0),Climate Change indicators,I,A,Annual,METEO_MONITOR_NET,Meteorological monitoring network,NR,Nauru,1989,,0,,,,N,units,,,,,N,National,,
DATAFLOW,SPC:DF_CLIMATE_CHANGE(1.0),Climate Change indicators,I,A,Annual,METEO_MONITOR_NET,Meteorological monitoring network,NR,Nauru,1990,,0,,,,N,units,,,,,N,National,,
DATAFLOW,SPC:DF_CLIMATE_CHANGE(1.0),Climate Change indicators,I,A,Annual,METEO_MONITOR_NET,Meteorological monitoring network,NR,Nauru,1991,,0,,,,N,units,,,,,N,National,,
DATAFLOW,SPC:DF_CLIMATE_CHANGE(1.0),Climate Change indicators,I,A,Annual,METEO_MONITOR_NET,Meteorological monitoring network,NR,Nauru,1992,,0,,,,N,units,,,,,N,National,,
DATAFLOW,SPC:DF_CLIMATE_CHANGE(1.0),Climate Change indicators,I,A,Annual,METEO_MONITOR_NET,Meteorological monitoring network,NR,Nauru,1993,,0,,,,N,units,,,,,N,National,,
DATAFLOW,SPC:DF_CLIMATE_CHANGE(1.0),Climate Change indicators,I,A,Annual,METEO_MONITOR_NET,Meteorological monitoring network,NR,Nauru,1994,,0,,,,N,units,,,,,N,National,,
DATAFLOW,SPC:DF_CLIMATE_CHANGE(1.0),Climate Change indicators,I,A,Annual,METEO_MONITOR_NET,Meteorological monitoring network,NR,Nauru,1995,,0,,,,N,units,,,,,N,National,,
DATAFLOW,SPC:DF_CLIMATE_CHANGE(1.0),Climate Change indicators,I,A,Annual,METEO_MONITOR_NET,Meteorological monitoring network,NR,Nauru,1996,,0,,,,N,units,,,,,N,National,,
DATAFLOW,SPC:DF_CLIMATE_CHANGE(1.0),Climate Change indicators,I,A,Annual,METEO_MONITOR_NET,Meteorological monitoring network,NR,Nauru,1997,,0,,,,N,units,,,,,N,National,,
DATAFLOW,SPC:DF_CLIMATE_CHANGE(1.0),Climate Change indicators,I,A,Annual,METEO_MONITOR_NET,Meteorological monitoring network,NR,Nauru,1998,,0,,,,N,units,,,,,N,National,,
DATAFLOW,SPC:DF_CLIMATE_CHANGE(1.0),Climate Change indicators,I,A,Annual,METEO_MONITOR_NET,Meteorological monitoring network,NR,Nauru,1999,,0,,,,N,units,,,,,N,National,,
DATAFLOW,SPC:DF_CLIMATE_CHANGE(1.0),Climate Change indicators,I,A,Annual,METEO_MONITOR_NET,Meteorological monitoring network,NR,Nauru,2000,,0,,,,N,units,,,,,N,National,,
DATAFLOW,SPC:DF_CLIMATE_CHANGE(1.0),Climate Change indicators,I,A,Annual,METEO_MONITOR_NET,Meteorological monitoring network,NR,Nauru,2001,,0,,,,N,units,,,,,N,National,,
DATAFLOW,SPC:DF_CLIMATE_CHANGE(1.0),Climate Change indicators,I,A,Annual,METEO_MONITOR_NET,Meteorological monitoring network,NR,Nauru,2002,,0,,,,N,units,,,,,N,National,,
DATAFLOW,SPC:DF_CLIMATE_CHANGE(1.0),Climate Change indicators,I,A,Annual,METEO_MONITOR_NET,Meteorological monitoring network,NR,Nauru,2003,,0,,,,N,units,,,,,N,National,,
DATAFLOW,SPC:DF_CLIMATE_CHANGE(1.0),Climate Change indicators,I,A,Annual,METEO_MONITOR_NET,Meteorological monitoring network,NR,Nauru,2004,,0,,,,N,units,,,,,N,National,,
DATAFLOW,SPC:DF_CLIMATE_CHANGE(1.0),Climate Change indicators,I,A,Annual,METEO_MONITOR_NET,Meteorological monitoring network,NR,Nauru,2005,,0,,,,N,units,,,,,N,National,,
DATAFLOW,SPC:DF_CLIMATE_CHANGE(1.0),Climate Change indicators,I,A,Annual,METEO_MONITOR_NET,Meteorological monitoring network,NR,Nauru,2006,,0,,,,N,units,,,,,N,National,,
DATAFLOW,SPC:DF_CLIMATE_CHANGE(1.0),Climate Change indicators,I,A,Annual,METEO_MONITOR_NET,Meteorological monitoring network,NR,Nauru,2007,,0,,,,N,units,,,,,N,National,,
DATAFLOW,SPC:DF_CLIMATE_CHANGE(1.0),Climate Change indicators,I,A,Annual,METEO_MONITOR_NET,Meteorological monitoring network,NR,Nauru,2008,,0,,,,N,units,,,,,N,National,,
DATAFLOW,SPC:DF_CLIMATE_CHANGE(1.0),Climate Change indicators,I,A,Annual,METEO_MONITOR_NET,Meteorological monitoring network,NR,Nauru,2009,,0,,,,N,units,,,,,N,National,,
DATAFLOW,SPC:DF_CLIMATE_CHANGE(1.0),Climate Change indicators,I,A,Annual,METEO_MONITOR_NET,Meteorological monitoring network,NR,Nauru,2010,,0,,,,N,units,,,,,N,National,,
DATAFLOW,SPC:DF_CLIMATE_CHANGE(1.0),Climate Change indicators,I,A,Annual,METEO_MONITOR_NET,Meteorological monitoring network,NR,Nauru,2011,,0,,,,N,units,,,,,N,National,,
DATAFLOW,SPC:DF_CLIMATE_CHANGE(1.0),Climate Change indicators,I,A,Annual,METEO_MONITOR_NET,Meteorological monitoring network,NR,Nauru,2012,,0,,,,N,units,,,,,N,National,,
DATAFLOW,SPC:DF_CLIMATE_CHANGE(1.0),Climate Change indicators,I,A,Annual,METEO_MONITOR_NET,Meteorological monitoring network,NR,Nauru,2013,,0,,,,N,units,,,,,N,National,,
DATAFLOW,SPC:DF_CLIMATE_CHANGE(1.0),Climate Change indicators,I,A,Annual,METEO_MONITOR_NET,Meteorological monitoring network,NR,Nauru,2014,,0,,,,N,units,,,,,N,National,,
DATAFLOW,SPC:DF_CLIMATE_CHANGE(1.0),Climate Change indicators,I,A,Annual,METEO_MONITOR_NET,Meteorological monitoring network,NR,Nauru,2015,,0,,,,N,units,,,,,N,National,,
DATAFLOW,SPC:DF_CLIMATE_CHANGE(1.0),Climate Change indicators,I,A,Annual,METEO_MONITOR_NET,Meteorological monitoring network,NR,Nauru,2016,,0,,,,N,units,,,,,N,National,,
DATAFLOW,SPC:DF_CLIMATE_CHANGE(1.0),Climate Change indicators,I,A,Annual,METEO_MONITOR_NET,Meteorological monitoring network,NR,Nauru,2017,,0,,,,N,units,,,,,N,National,,
DATAFLOW,SPC:DF_CLIMATE_CHANGE(1.0),Climate Change indicators,I,A,Annual,METEO_MONITOR_NET,Meteorological monitoring network,NR,Nauru,2018,,0,,,,N,units,,,,,N,National,,
DATAFLOW,SPC:DF_CLIMATE_CHANGE(1.0),Climate Change indicators,I,A,Annual,METEO_MONITOR_NET,Meteorological monitoring network,NR,Nauru,2019,,0,,,,N,units,,,,,N,National,,
DATAFLOW,SPC:DF_CLIMATE_CHANGE(1.0),Climate Change indicators,I,A,Annual,METEO_MONITOR_NET,Meteorological monitoring network,NR,Nauru,2020,,0,,,,N,units,,,,,N,National,,
DATAFLOW,SPC:DF_CLIMATE_CHANGE(1.0),Climate Change indicators,I,A,Annual,METEO_MONITOR_NET,Meteorological monitoring network,NR,Nauru,2021,,0,,,,N,units,,,,,N,National,,
DATAFLOW,SPC:DF_CLIMATE_CHANGE(1.0),Climate Change indicators,I,A,Annual,METEO_MONITOR_NET,Meteorological monitoring network,NR,Nauru,2022,,0,,,,N,units,,,,,N,National,,
DATAFLOW,SPC:DF_CLIMATE_CHANGE(1.0),Climate Change indicators,I,A,Annual,METEO_MONITOR_NET,Meteorological monitoring network,NR,Nauru,2023,,0,,,,N,units,,,,,N,National,,
DATAFLOW,SPC:DF_CLIMATE_CHANGE(1.0),Climate Change indicators,I,A,Annual,METEO_MONITOR_NET,Meteorological monitoring network,NR,Nauru,2024,,0,,,,N,units,,,,,N,National,,
DATAFLOW,SPC:DF_CLIMATE_CHANGE(1.0),Climate Change indicators,I,A,Annual,METEO_MONITOR_NET,Meteorological monitoring network,NR,Nauru,2025,,0,,,,N,units,,,,,N,National,,
DATAFLOW,SPC:DF_CLIMATE_CHANGE(1.0),Climate Change indicators,I,A,Annual,METEO_MONITOR_NET,Meteorological monitoring network,NR,Nauru,2026,,0,,,,N,units,,,,,N,National,,
DATAFLOW,SPC:DF_CLIMATE_CHANGE(1.0),Climate Change indicators,I,A,Annual,METEO_MONITOR_NET,Meteorological monitoring network,CK,Cook Islands,1948,,1,,,,N,units,,,,,N,National,,
DATAFLOW,SPC:DF_CLIMATE_CHANGE(1.0),Climate Change indicators,I,A,Annual,METEO_MONITOR_NET,Meteorological monitoring network,CK,Cook Islands,1949,,1,,,,N,units,,,,,N,National,,
DATAFLOW,SPC:DF_CLIMATE_CHANGE(1.0),Climate Change indicators,I,A,Annual,METEO_MONITOR_NET,Meteorological monitoring network,CK,Cook Islands,1950,,1,,,,N,units,,,,,N,National,,
DATAFLOW,SPC:DF_CLIMATE_CHANGE(1.0),Climate Change indicators,I,A,Annual,METEO_MONITOR_NET,Meteorological monitoring network,CK,Cook Islands,1951,,1,,,,N,units,,,,,N,National,,
DATAFLOW,SPC:DF_CLIMATE_CHANGE(1.0),Climate Change indicators,I,A,Annual,METEO_MONITOR_NET,Meteorological monitoring network,CK,Cook Islands,1952,,1,,,,N,units,,,,,N,National,,
DATAFLOW,SPC:DF_CLIMATE_CHANGE(1.0),Climate Change indicators,I,A,Annual,METEO_MONITOR_NET,Meteorological monitoring network,CK,Cook Islands,1953,,1,,,,N,units,,,,,N,National,,
DATAFLOW,SPC:DF_CLIMATE_CHANGE(1.0),Climate Change indicators,I,A,Annual,METEO_MONITOR_NET,Meteorological monitoring network,CK,Cook Islands,1954,,1,,,,N,units,,,,,N,National,,
DATAFLOW,SPC:DF_CLIMATE_CHANGE(1.0),Climate Change indicators,I,A,Annual,METEO_MONITOR_NET,Meteorological monitoring network,CK,Cook Islands,1955,,1,,,,N,units,,,,,N,National,,
DATAFLOW,SPC:DF_CLIMATE_CHANGE(1.0),Climate Change indicators,I,A,Annual,METEO_MONITOR_NET,Meteorological monitoring network,CK,Cook Islands,1956,,1,,,,N,units,,,,,N,National,,
DATAFLOW,SPC:DF_CLIMATE_CHANGE(1.0),Climate Change indicators,I,A,Annual,METEO_MONITOR_NET,Meteorological monitoring network,CK,Cook Islands,1957,,1,,,,N,units,,,,,N,National,,
DATAFLOW,SPC:DF_CLIMATE_CHANGE(1.0),Climate Change indicators,I,A,Annual,METEO_MONITOR_NET,Meteorological monitoring network,CK,Cook Islands,1958,,1,,,,N,units,,,,,N,National,,
DATAFLOW,SPC:DF_CLIMATE_CHANGE(1.0),Climate Change indicators,I,A,Annual,METEO_MONITOR_NET,Meteorological monitoring network,CK,Cook Islands,1959,,1,,,,N,units,,,,,N,National,,
DATAFLOW,SPC:DF_CLIMATE_CHANGE(1.0),Climate Change indicators,I,A,Annual,METEO_MONITOR_NET,Meteorological monitoring network,CK,Cook Islands,1960,,1,,,,N,units,,,,,N,National,,
DATAFLOW,SPC:DF_CLIMATE_CHANGE(1.0),Climate Change indicators,I,A,Annual,METEO_MONITOR_NET,Meteorological monitoring network,CK,Cook Islands,1961,,1,,,,N,units,,,,,N,National,,
DATAFLOW,SPC:DF_CLIMATE_CHANGE(1.0),Climate Change indicators,I,A,Annual,METEO_MONITOR_NET,Meteorological monitoring network,CK,Cook Islands,1962,,1,,,,N,units,,,,,N,National,,
DATAFLOW,SPC:DF_CLIMATE_CHANGE(1.0),Climate Change indicators,I,A,Annual,METEO_MONITOR_NET,Meteorological monitoring network,CK,Cook Islands,1963,,1,,,,N,units,,,,,N,National,,
DATAFLOW,SPC:DF_CLIMATE_CHANGE(1.0),Climate Change indicators,I,A,Annual,METEO_MONITOR_NET,Meteorological monitoring network,CK,Cook Islands,1964,,1,,,,N,units,,,,,N,National,,
DATAFLOW,SPC:DF_CLIMATE_CHANGE(1.0),Climate Change indicators,I,A,Annual,METEO_MONITOR_NET,Meteorological monitoring network,CK,Cook Islands,1965,,1,,,,N,units,,,,,N,National,,
DATAFLOW,SPC:DF_CLIMATE_CHANGE(1.0),Climate Change indicators,I,A,Annual,METEO_MONITOR_NET,Meteorological monitoring network,CK,Cook Islands,1966,,1,,,,N,units,,,,,N,National,,
DATAFLOW,SPC:DF_CLIMATE_CHANGE(1.0),Climate Change indicators,I,A,Annual,METEO_MONITOR_NET,Meteorological monitoring network,CK,Cook Islands,1967,,1,,,,N,units,,,,,N,National,,
DATAFLOW,SPC:DF_CLIMATE_CHANGE(1.0),Climate Change indicators,I,A,Annual,METEO_MONITOR_NET,Meteorological monitoring network,CK,Cook Islands,1968,,1,,,,N,units,,,,,N,National,,
DATAFLOW,SPC:DF_CLIMATE_CHANGE(1.0),Climate Change indicators,I,A,Annual,METEO_MONITOR_NET,Meteorological monitoring network,CK,Cook Islands,1969,,1,,,,N,units,,,,,N,National,,
DATAFLOW,SPC:DF_CLIMATE_CHANGE(1.0),Climate Change indicators,I,A,Annual,METEO_MONITOR_NET,Meteorological monitoring network,CK,Cook Islands,1970,,1,,,,N,units,,,,,N,National,,
DATAFLOW,SPC:DF_CLIMATE_CHANGE(1.0),Climate Change indicators,I,A,Annual,METEO_MONITOR_NET,Meteorological monitoring network,CK,Cook Islands,1971,,1,,,,N,units,,,,,N,National,,
DATAFLOW,SPC:DF_CLIMATE_CHANGE(1.0),Climate Change indicators,I,A,Annual,METEO_MONITOR_NET,Meteorological monitoring network,CK,Cook Islands,1972,,1,,,,N,units,,,,,N,National,,
DATAFLOW,SPC:DF_CLIMATE_CHANGE(1.0),Climate Change indicators,I,A,Annual,METEO_MONITOR_NET,Meteorological monitoring network,CK,Cook Islands,1973,,1,,,,N,units,,,,,N,National,,
DATAFLOW,SPC:DF_CLIMATE_CHANGE(1.0),Climate Change indicators,I,A,Annual,METEO_MONITOR_NET,Meteorological monitoring network,CK,Cook Islands,1974,,1,,,,N,units,,,,,N,National,,
DATAFLOW,SPC:DF_CLIMATE_CHANGE(1.0),Climate Change indicators,I,A,Annual,METEO_MONITOR_NET,Meteorological monitoring network,CK,Cook Islands,1975,,1,,,,N,units,,,,,N,National,,
DATAFLOW,SPC:DF_CLIMATE_CHANGE(1.0),Climate Change indicators,I,A,Annual,METEO_MONITOR_NET,Meteorological monitoring network,CK,Cook Islands,1976,,1,,,,N,units,,,,,N,National,,
DATAFLOW,SPC:DF_CLIMATE_CHANGE(1.0),Climate Change indicators,I,A,Annual,METEO_MONITOR_NET,Meteorological monitoring network,CK,Cook Islands,1977,,1,,,,N,units,,,,,N,National,,
DATAFLOW,SPC:DF_CLIMATE_CHANGE(1.0),Climate Change indicators,I,A,Annual,METEO_MONITOR_NET,Meteorological monitoring network,CK,Cook Islands,1978,,1,,,,N,units,,,,,N,National,,
DATAFLOW,SPC:DF_CLIMATE_CHANGE(1.0),Climate Change indicators,I,A,Annual,METEO_MONITOR_NET,Meteorological monitoring network,CK,Cook Islands,1979,,1,,,,N,units,,,,,N,National,,
DATAFLOW,SPC:DF_CLIMATE_CHANGE(1.0),Climate Change indicators,I,A,Annual,METEO_MONITOR_NET,Meteorological monitoring network,CK,Cook Islands,1980,,1,,,,N,units,,,,,N,National,,
DATAFLOW,SPC:DF_CLIMATE_CHANGE(1.0),Climate Change indicators,I,A,Annual,METEO_MONITOR_NET,Meteorological monitoring network,CK,Cook Islands,1981,,1,,,,N,units,,,,,N,National,,
DATAFLOW,SPC:DF_CLIMATE_CHANGE(1.0),Climate Change indicators,I,A,Annual,METEO_MONITOR_NET,Meteorological monitoring network,CK,Cook Islands,1982,,1,,,,N,units,,,,,N,National,,
DATAFLOW,SPC:DF_CLIMATE_CHANGE(1.0),Climate Change indicators,I,A,Annual,METEO_MONITOR_NET,Meteorological monitoring network,CK,Cook Islands,1983,,1,,,,N,units,,,,,N,National,,
DATAFLOW,SPC:DF_CLIMATE_CHANGE(1.0),Climate Change indicators,I,A,Annual,METEO_MONITOR_NET,Meteorological monitoring network,CK,Cook Islands,1984,,1,,,,N,units,,,,,N,National,,
DATAFLOW,SPC:DF_CLIMATE_CHANGE(1.0),Climate Change indicators,I,A,Annual,METEO_MONITOR_NET,Meteorological monitoring network,CK,Cook Islands,1985,,1,,,,N,units,,,,,N,National,,
DATAFLOW,SPC:DF_CLIMATE_CHANGE(1.0),Climate Change indicators,I,A,Annual,METEO_MONITOR_NET,Meteorological monitoring network,CK,Cook Islands,1986,,1,,,,N,units,,,,,N,National,,
DATAFLOW,SPC:DF_CLIMATE_CHANGE(1.0),Climate Change indicators,I,A,Annual,METEO_MONITOR_NET,Meteorological monitoring network,CK,Cook Islands,1987,,1,,,,N,units,,,,,N,National,,
DATAFLOW,SPC:DF_CLIMATE_CHANGE(1.0),Climate Change indicators,I,A,Annual,METEO_MONITOR_NET,Meteorological monitoring network,CK,Cook Islands,1988,,1,,,,N,units,,,,,N,National,,
DATAFLOW,SPC:DF_CLIMATE_CHANGE(1.0),Climate Change indicators,I,A,Annual,METEO_MONITOR_NET,Meteorological monitoring network,CK,Cook Islands,1989,,1,,,,N,units,,,,,N,National,,
DATAFLOW,SPC:DF_CLIMATE_CHANGE(1.0),Climate Change indicators,I,A,Annual,METEO_MONITOR_NET,Meteorological monitoring network,CK,Cook Islands,1990,,1,,,,N,units,,,,,N,National,,
DATAFLOW,SPC:DF_CLIMATE_CHANGE(1.0),Climate Change indicators,I,A,Annual,METEO_MONITOR_NET,Meteorological monitoring network,CK,Cook Islands,1991,,1,,,,N,units,,,,,N,National,,
DATAFLOW,SPC:DF_CLIMATE_CHANGE(1.0),Climate Change indicators,I,A,Annual,METEO_MONITOR_NET,Meteorological monitoring network,CK,Cook Islands,1992,,1,,,,N,units,,,,,N,National,,
DATAFLOW,SPC:DF_CLIMATE_CHANGE(1.0),Climate Change indicators,I,A,Annual,METEO_MONITOR_NET,Meteorological monitoring network,CK,Cook Islands,1993,,1,,,,N,units,,,,,N,National,,
DATAFLOW,SPC:DF_CLIMATE_CHANGE(1.0),Climate Change indicators,I,A,Annual,METEO_MONITOR_NET,Meteorological monitoring network,CK,Cook Islands,1994,,1,,,,N,units,,,,,N,National,,
DATAFLOW,SPC:DF_CLIMATE_CHANGE(1.0),Climate Change indicators,I,A,Annual,METEO_MONITOR_NET,Meteorological monitoring network,CK,Cook Islands,1995,,1,,,,N,units,,,,,N,National,,
DATAFLOW,SPC:DF_CLIMATE_CHANGE(1.0),Climate Change indicators,I,A,Annual,METEO_MONITOR_NET,Meteorological monitoring network,CK,Cook Islands,1996,,1,,,,N,units,,,,,N,National,,
DATAFLOW,SPC:DF_CLIMATE_CHANGE(1.0),Climate Change indicators,I,A,Annual,METEO_MONITOR_NET,Meteorological monitoring network,CK,Cook Islands,1997,,1,,,,N,units,,,,,N,National,,
DATAFLOW,SPC:DF_CLIMATE_CHANGE(1.0),Climate Change indicators,I,A,Annual,METEO_MONITOR_NET,Meteorological monitoring network,CK,Cook Islands,1998,,1,,,,N,units,,,,,N,National,,
DATAFLOW,SPC:DF_CLIMATE_CHANGE(1.0),Climate Change indicators,I,A,Annual,METEO_MONITOR_NET,Meteorological monitoring network,CK,Cook Islands,1999,,1,,,,N,units,,,,,N,National,,
DATAFLOW,SPC:DF_CLIMATE_CHANGE(1.0),Climate Change indicators,I,A,Annual,METEO_MONITOR_NET,Meteorological monitoring network,CK,Cook Islands,2000,,1,,,,N,units,,,,,N,National,,
DATAFLOW,SPC:DF_CLIMATE_CHANGE(1.0),Climate Change indicators,I,A,Annual,METEO_MONITOR_NET,Meteorological monitoring network,CK,Cook Islands,2001,,1,,,,N,units,,,,,N,National,,
DATAFLOW,SPC:DF_CLIMATE_CHANGE(1.0),Climate Change indicators,I,A,Annual,METEO_MONITOR_NET,Meteorological monitoring network,CK,Cook Islands,2002,,1,,,,N,units,,,,,N,National,,
DATAFLOW,SPC:DF_CLIMATE_CHANGE(1.0),Climate Change indicators,I,A,Annual,METEO_MONITOR_NET,Meteorological monitoring network,CK,Cook Islands,2003,,1,,,,N,units,,,,,N,National,,
DATAFLOW,SPC:DF_CLIMATE_CHANGE(1.0),Climate Change indicators,I,A,Annual,METEO_MONITOR_NET,Meteorological monitoring network,CK,Cook Islands,2004,,1,,,,N,units,,,,,N,National,,
DATAFLOW,SPC:DF_CLIMATE_CHANGE(1.0),Climate Change indicators,I,A,Annual,METEO_MONITOR_NET,Meteorological monitoring network,CK,Cook Islands,2005,,1,,,,N,units,,,,,N,National,,
DATAFLOW,SPC:DF_CLIMATE_CHANGE(1.0),Climate Change indicators,I,A,Annual,METEO_MONITOR_NET,Meteorological monitoring network,CK,Cook Islands,2006,,1,,,,N,units,,,,,N,National,,
DATAFLOW,SPC:DF_CLIMATE_CHANGE(1.0),Climate Change indicators,I,A,Annual,METEO_MONITOR_NET,Meteorological monitoring network,CK,Cook Islands,2007,,1,,,,N,units,,,,,N,National,,
DATAFLOW,SPC:DF_CLIMATE_CHANGE(1.0),Climate Change indicators,I,A,Annual,METEO_MONITOR_NET,Meteorological monitoring network,CK,Cook Islands,2008,,1,,,,N,units,,,,,N,National,,
DATAFLOW,SPC:DF_CLIMATE_CHANGE(1.0),Climate Change indicators,I,A,Annual,METEO_MONITOR_NET,Meteorological monitoring network,CK,Cook Islands,2009,,1,,,,N,units,,,,,N,National,,
DATAFLOW,SPC:DF_CLIMATE_CHANGE(1.0),Climate Change indicators,I,A,Annual,METEO_MONITOR_NET,Meteorological monitoring network,CK,Cook Islands,2010,,1,,,,N,units,,,,,N,National,,
DATAFLOW,SPC:DF_CLIMATE_CHANGE(1.0),Climate Change indicators,I,A,Annual,METEO_MONITOR_NET,Meteorological monitoring network,CK,Cook Islands,2011,,1,,,,N,units,,,,,N,National,,
DATAFLOW,SPC:DF_CLIMATE_CHANGE(1.0),Climate Change indicators,I,A,Annual,METEO_MONITOR_NET,Meteorological monitoring network,CK,Cook Islands,2012,,1,,,,N,units,,,,,N,National,,
DATAFLOW,SPC:DF_CLIMATE_CHANGE(1.0),Climate Change indicators,I,A,Annual,METEO_MONITOR_NET,Meteorological monitoring network,CK,Cook Islands,2013,,1,,,,N,units,,,,,N,National,,
DATAFLOW,SPC:DF_CLIMATE_CHANGE(1.0),Climate Change indicators,I,A,Annual,METEO_MONITOR_NET,Meteorological monitoring network,CK,Cook Islands,2014,,1,,,,N,units,,,,,N,National,,
DATAFLOW,SPC:DF_CLIMATE_CHANGE(1.0),Climate Change indicators,I,A,Annual,METEO_MONITOR_NET,Meteorological monitoring network,CK,Cook Islands,2015,,1,,,,N,units,,,,,N,National,,
DATAFLOW,SPC:DF_CLIMATE_CHANGE(1.0),Climate Change indicators,I,A,Annual,METEO_MONITOR_NET,Meteorological monitoring network,CK,Cook Islands,2016,,2,,,,N,units,,,,,N,National,,
DATAFLOW,SPC:DF_CLIMATE_CHANGE(1.0),Climate Change indicators,I,A,Annual,METEO_MONITOR_NET,Meteorological monitoring network,CK,Cook Islands,2017,,2,,,,N,units,,,,,N,National,,
DATAFLOW,SPC:DF_CLIMATE_CHANGE(1.0),Climate Change indicators,I,A,Annual,METEO_MONITOR_NET,Meteorological monitoring network,CK,Cook Islands,2018,,2,,,,N,units,,,,,N,National,,
DATAFLOW,SPC:DF_CLIMATE_CHANGE(1.0),Climate Change indicators,I,A,Annual,METEO_MONITOR_NET,Meteorological monitoring network,CK,Cook Islands,2019,,2,,,,N,units,,,,,N,National,,
DATAFLOW,SPC:DF_CLIMATE_CHANGE(1.0),Climate Change indicators,I,A,Annual,METEO_MONITOR_NET,Meteorological monitoring network,CK,Cook Islands,2020,,2,,,,N,units,,,,,N,National,,
DATAFLOW,SPC:DF_CLIMATE_CHANGE(1.0),Climate Change indicators,I,A,Annual,METEO_MONITOR_NET,Meteorological monitoring network,CK,Cook Islands,2021,,2,,,,N,units,,,,,N,National,,
DATAFLOW,SPC:DF_CLIMATE_CHANGE(1.0),Climate Change indicators,I,A,Annual,METEO_MONITOR_NET,Meteorological monitoring network,CK,Cook Islands,2022,,2,,,,N,units,,,,,N,National,,
DATAFLOW,SPC:DF_CLIMATE_CHANGE(1.0),Climate Change indicators,I,A,Annual,METEO_MONITOR_NET,Meteorological monitoring network,CK,Cook Islands,2023,,2,,,,N,units,,,,,N,National,,
DATAFLOW,SPC:DF_CLIMATE_CHANGE(1.0),Climate Change indicators,I,A,Annual,METEO_MONITOR_NET,Meteorological monitoring network,CK,Cook Islands,2024,,2,,,,N,units,,,,,N,National,,
DATAFLOW,SPC:DF_CLIMATE_CHANGE(1.0),Climate Change indicators,I,A,Annual,METEO_MONITOR_NET,Meteorological monitoring network,CK,Cook Islands,2025,,2,,,,N,units,,,,,N,National,,
DATAFLOW,SPC:DF_CLIMATE_CHANGE(1.0),Climate Change indicators,I,A,Annual,METEO_MONITOR_NET,Meteorological monitoring network,CK,Cook Islands,2026,,2,,,,N,units,,,,,N,National,,
DATAFLOW,SPC:DF_CLIMATE_CHANGE(1.0),Climate Change indicators,I,A,Annual,METEO_MONITOR_NET,Meteorological monitoring network,FJ,Fiji,1933,,1,,,,N,units,,,,,N,National,,
DATAFLOW,SPC:DF_CLIMATE_CHANGE(1.0),Climate Change indicators,I,A,Annual,METEO_MONITOR_NET,Meteorological monitoring network,FJ,Fiji,1934,,1,,,,N,units,,,,,N,National,,
DATAFLOW,SPC:DF_CLIMATE_CHANGE(1.0),Climate Change indicators,I,A,Annual,METEO_MONITOR_NET,Meteorological monitoring network,FJ,Fiji,1935,,1,,,,N,units,,,,,N,National,,
DATAFLOW,SPC:DF_CLIMATE_CHANGE(1.0),Climate Change indicators,I,A,Annual,METEO_MONITOR_NET,Meteorological monitoring network,FJ,Fiji,1936,,1,,,,N,units,,,,,N,National,,
DATAFLOW,SPC:DF_CLIMATE_CHANGE(1.0),Climate Change indicators,I,A,Annual,METEO_MONITOR_NET,Meteorological monitoring network,FJ,Fiji,1937,,1,,,,N,units,,,,,N,National,,
DATAFLOW,SPC:DF_CLIMATE_CHANGE(1.0),Climate Change indicators,I,A,Annual,METEO_MONITOR_NET,Meteorological monitoring network,FJ,Fiji,1938,,1,,,,N,units,,,,,N,National,,
DATAFLOW,SPC:DF_CLIMATE_CHANGE(1.0),Climate Change indicators,I,A,Annual,METEO_MONITOR_NET,Meteorological monitoring network,FJ,Fiji,1939,,1,,,,N,units,,,,,N,National,,
DATAFLOW,SPC:DF_CLIMATE_CHANGE(1.0),Climate Change indicators,I,A,Annual,METEO_MONITOR_NET,Meteorological monitoring network,FJ,Fiji,1940,,1,,,,N,units,,,,,N,National,,
DATAFLOW,SPC:DF_CLIMATE_CHANGE(1.0),Climate Change indicators,I,A,Annual,METEO_MONITOR_NET,Meteorological monitoring network,FJ,Fiji,1941,,1,,,,N,units,,,,,N,National,,
DATAFLOW,SPC:DF_CLIMATE_CHANGE(1.0),Climate Change indicators,I,A,Annual,METEO_MONITOR_NET,Meteorological monitoring network,FJ,Fiji,1942,,2,,,,N,units,,,,,N,National,,
DATAFLOW,SPC:DF_CLIMATE_CHANGE(1.0),Climate Change indicators,I,A,Annual,METEO_MONITOR_NET,Meteorological monitoring network,FJ,Fiji,1943,,2,,,,N,units,,,,,N,National,,
DATAFLOW,SPC:DF_CLIMATE_CHANGE(1.0),Climate Change indicators,I,A,Annual,METEO_MONITOR_NET,Meteorological monitoring network,FJ,Fiji,1944,,2,,,,N,units,,,,,N,National,,
DATAFLOW,SPC:DF_CLIMATE_CHANGE(1.0),Climate Change indicators,I,A,Annual,METEO_MONITOR_NET,Meteorological monitoring network,FJ,Fiji,1945,,2,,,,N,units,,,,,N,National,,
DATAFLOW,SPC:DF_CLIMATE_CHANGE(1.0),Climate Change indicators,I,A,Annual,METEO_MONITOR_NET,Meteorological monitoring network,FJ,Fiji,1946,,2,,,,N,units,,,,,N,National,,
DATAFLOW,SPC:DF_CLIMATE_CHANGE(1.0),Climate Change indicators,I,A,Annual,METEO_MONITOR_NET,Meteorological monitoring network,FJ,Fiji,1947,,2,,,,N,units,,,,,N,National,,
DATAFLOW,SPC:DF_CLIMATE_CHANGE(1.0),Climate Change indicators,I,A,Annual,METEO_MONITOR_NET,Meteorological monitoring network,FJ,Fiji,1948,,2,,,,N,units,,,,,N,National,,
DATAFLOW,SPC:DF_CLIMATE_CHANGE(1.0),Climate Change indicators,I,A,Annual,METEO_MONITOR_NET,Meteorological monitoring network,FJ,Fiji,1949,,2,,,,N,units,,,,,N,National,,
DATAFLOW,SPC:DF_CLIMATE_CHANGE(1.0),Climate Change indicators,I,A,Annual,METEO_MONITOR_NET,Meteorological monitoring network,FJ,Fiji,1950,,2,,,,N,units,,,,,N,National,,
DATAFLOW,SPC:DF_CLIMATE_CHANGE(1.0),Climate Change indicators,I,A,Annual,METEO_MONITOR_NET,Meteorological monitoring network,FJ,Fiji,1951,,3,,,,N,units,,,,,N,National,,
DATAFLOW,SPC:DF_CLIMATE_CHANGE(1.0),Climate Change indicators,I,A,Annual,METEO_MONITOR_NET,Meteorological monitoring network,FJ,Fiji,1952,,3,,,,N,units,,,,,N,National,,
DATAFLOW,SPC:DF_CLIMATE_CHANGE(1.0),Climate Change indicators,I,A,Annual,METEO_MONITOR_NET,Meteorological monitoring network,FJ,Fiji,1953,,4,,,,N,units,,,,,N,National,,
DATAFLOW,SPC:DF_CLIMATE_CHANGE(1.0),Climate Change indicators,I,A,Annual,METEO_MONITOR_NET,Meteorological monitoring network,FJ,Fiji,1954,,4,,,,N,units,,,,,N,National,,
DATAFLOW,SPC:DF_CLIMATE_CHANGE(1.0),Climate Change indicators,I,A,Annual,METEO_MONITOR_NET,Meteorological monitoring network,FJ,Fiji,1955,,4,,,,N,units,,,,,N,National,,
DATAFLOW,SPC:DF_CLIMATE_CHANGE(1.0),Climate Change indicators,I,A,Annual,METEO_MONITOR_NET,Meteorological monitoring network,FJ,Fiji,1956,,5,,,,N,units,,,,,N,National,,
DATAFLOW,SPC:DF_CLIMATE_CHANGE(1.0),Climate Change indicators,I,A,Annual,METEO_MONITOR_NET,Meteorological monitoring network,FJ,Fiji,1957,,5,,,,N,units,,,,,N,National,,
DATAFLOW,SPC:DF_CLIMATE_CHANGE(1.0),Climate Change indicators,I,A,Annual,METEO_MONITOR_NET,Meteorological monitoring network,FJ,Fiji,1958,,5,,,,N,units,,,,,N,National,,
DATAFLOW,SPC:DF_CLIMATE_CHANGE(1.0),Climate Change indicators,I,A,Annual,METEO_MONITOR_NET,Meteorological monitoring network,FJ,Fiji,1959,,5,,,,N,units,,,,,N,National,,
DATAFLOW,SPC:DF_CLIMATE_CHANGE(1.0),Climate Change indicators,I,A,Annual,METEO_MONITOR_NET,Meteorological monitoring network,FJ,Fiji,1960,,5,,,,N,units,,,,,N,National,,
DATAFLOW,SPC:DF_CLIMATE_CHANGE(1.0),Climate Change indicators,I,A,Annual,METEO_MONITOR_NET,Meteorological monitoring network,FJ,Fiji,1961,,5,,,,N,units,,,,,N,National,,
DATAFLOW,SPC:DF_CLIMATE_CHANGE(1.0),Climate Change indicators,I,A,Annual,METEO_MONITOR_NET,Meteorological monitoring network,FJ,Fiji,1962,,5,,,,N,units,,,,,N,National,,
DATAFLOW,SPC:DF_CLIMATE_CHANGE(1.0),Climate Change indicators,I,A,Annual,METEO_MONITOR_NET,Meteorological monitoring network,FJ,Fiji,1963,,5,,,,N,units,,,,,N,National,,
DATAFLOW,SPC:DF_CLIMATE_CHANGE(1.0),Climate Change indicators,I,A,Annual,METEO_MONITOR_NET,Meteorological monitoring network,FJ,Fiji,1964,,5,,,,N,units,,,,,N,National,,
DATAFLOW,SPC:DF_CLIMATE_CHANGE(1.0),Climate Change indicators,I,A,Annual,METEO_MONITOR_NET,Meteorological monitoring network,FJ,Fiji,1965,,5,,,,N,units,,,,,N,National,,
DATAFLOW,SPC:DF_CLIMATE_CHANGE(1.0),Climate Change indicators,I,A,Annual,METEO_MONITOR_NET,Meteorological monitoring network,FJ,Fiji,1966,,5,,,,N,units,,,,,N,National,,
DATAFLOW,SPC:DF_CLIMATE_CHANGE(1.0),Climate Change indicators,I,A,Annual,METEO_MONITOR_NET,Meteorological monitoring network,FJ,Fiji,1967,,5,,,,N,units,,,,,N,National,,
DATAFLOW,SPC:DF_CLIMATE_CHANGE(1.0),Climate Change indicators,I,A,Annual,METEO_MONITOR_NET,Meteorological monitoring network,FJ,Fiji,1968,,5,,,,N,units,,,,,N,National,,
DATAFLOW,SPC:DF_CLIMATE_CHANGE(1.0),Climate Change indicators,I,A,Annual,METEO_MONITOR_NET,Meteorological monitoring network,FJ,Fiji,1969,,5,,,,N,units,,,,,N,National,,
DATAFLOW,SPC:DF_CLIMATE_CHANGE(1.0),Climate Change indicators,I,A,Annual,METEO_MONITOR_NET,Meteorological monitoring network,FJ,Fiji,1970,,5,,,,N,units,,,,,N,National,,
DATAFLOW,SPC:DF_CLIMATE_CHANGE(1.0),Climate Change indicators,I,A,Annual,METEO_MONITOR_NET,Meteorological monitoring network,FJ,Fiji,1971,,5,,,,N,units,,,,,N,National,,
DATAFLOW,SPC:DF_CLIMATE_CHANGE(1.0),Climate Change indicators,I,A,Annual,METEO_MONITOR_NET,Meteorological monitoring network,FJ,Fiji,1972,,5,,,,N,units,,,,,N,National,,
DATAFLOW,SPC:DF_CLIMATE_CHANGE(1.0),Climate Change indicators,I,A,Annual,METEO_MONITOR_NET,Meteorological monitoring network,FJ,Fiji,1973,,5,,,,N,units,,,,,N,National,,
DATAFLOW,SPC:DF_CLIMATE_CHANGE(1.0),Climate Change indicators,I,A,Annual,METEO_MONITOR_NET,Meteorological monitoring network,FJ,Fiji,1974,,5,,,,N,units,,,,,N,National,,
DATAFLOW,SPC:DF_CLIMATE_CHANGE(1.0),Climate Change indicators,I,A,Annual,METEO_MONITOR_NET,Meteorological monitoring network,FJ,Fiji,1975,,5,,,,N,units,,,,,N,National,,
DATAFLOW,SPC:DF_CLIMATE_CHANGE(1.0),Climate Change indicators,I,A,Annual,METEO_MONITOR_NET,Meteorological monitoring network,FJ,Fiji,1976,,5,,,,N,units,,,,,N,National,,
DATAFLOW,SPC:DF_CLIMATE_CHANGE(1.0),Climate Change indicators,I,A,Annual,METEO_MONITOR_NET,Meteorological monitoring network,FJ,Fiji,1977,,5,,,,N,units,,,,,N,National,,
DATAFLOW,SPC:DF_CLIMATE_CHANGE(1.0),Climate Change indicators,I,A,Annual,METEO_MONITOR_NET,Meteorological monitoring network,FJ,Fiji,1978,,5,,,,N,units,,,,,N,National,,
DATAFLOW,SPC:DF_CLIMATE_CHANGE(1.0),Climate Change indicators,I,A,Annual,METEO_MONITOR_NET,Meteorological monitoring network,FJ,Fiji,1979,,5,,,,N,units,,,,,N,National,,
DATAFLOW,SPC:DF_CLIMATE_CHANGE(1.0),Climate Change indicators,I,A,Annual,METEO_MONITOR_NET,Meteorological monitoring network,FJ,Fiji,1980,,5,,,,N,units,,,,,N,National,,
DATAFLOW,SPC:DF_CLIMATE_CHANGE(1.0),Climate Change indicators,I,A,Annual,METEO_MONITOR_NET,Meteorological monitoring network,FJ,Fiji,1981,,5,,,,N,units,,,,,N,National,,
DATAFLOW,SPC:DF_CLIMATE_CHANGE(1.0),Climate Change indicators,I,A,Annual,METEO_MONITOR_NET,Meteorological monitoring network,FJ,Fiji,1982,,5,,,,N,units,,,,,N,National,,
DATAFLOW,SPC:DF_CLIMATE_CHANGE(1.0),Climate Change indicators,I,A,Annual,METEO_MONITOR_NET,Meteorological monitoring network,FJ,Fiji,1983,,6,,,,N,units,,,,,N,National,,
DATAFLOW,SPC:DF_CLIMATE_CHANGE(1.0),Climate Change indicators,I,A,Annual,METEO_MONITOR_NET,Meteorological monitoring network,FJ,Fiji,1984,,6,,,,N,units,,,,,N,National,,
DATAFLOW,SPC:DF_CLIMATE_CHANGE(1.0),Climate Change indicators,I,A,Annual,METEO_MONITOR_NET,Meteorological monitoring network,FJ,Fiji,1985,,6,,,,N,units,,,,,N,National,,
DATAFLOW,SPC:DF_CLIMATE_CHANGE(1.0),Climate Change indicators,I,A,Annual,METEO_MONITOR_NET,Meteorological monitoring network,FJ,Fiji,1986,,6,,,,N,units,,,,,N,National,,
DATAFLOW,SPC:DF_CLIMATE_CHANGE(1.0),Climate Change indicators,I,A,Annual,METEO_MONITOR_NET,Meteorological monitoring network,FJ,Fiji,1987,,6,,,,N,units,,,,,N,National,,
DATAFLOW,SPC:DF_CLIMATE_CHANGE(1.0),Climate Change indicators,I,A,Annual,METEO_MONITOR_NET,Meteorological monitoring network,FJ,Fiji,1988,,6,,,,N,units,,,,,N,National,,
DATAFLOW,SPC:DF_CLIMATE_CHANGE(1.0),Climate Change indicators,I,A,Annual,METEO_MONITOR_NET,Meteorological monitoring network,FJ,Fiji,1989,,6,,,,N,units,,,,,N,National,,
DATAFLOW,SPC:DF_CLIMATE_CHANGE(1.0),Climate Change indicators,I,A,Annual,METEO_MONITOR_NET,Meteorological monitoring network,FJ,Fiji,1990,,6,,,,N,units,,,,,N,National,,
DATAFLOW,SPC:DF_CLIMATE_CHANGE(1.0),Climate Change indicators,I,A,Annual,METEO_MONITOR_NET,Meteorological monitoring network,FJ,Fiji,1991,,6,,,,N,units,,,,,N,National,,
DATAFLOW,SPC:DF_CLIMATE_CHANGE(1.0),Climate Change indicators,I,A,Annual,METEO_MONITOR_NET,Meteorological monitoring network,FJ,Fiji,1992,,6,,,,N,units,,,,,N,National,,
DATAFLOW,SPC:DF_CLIMATE_CHANGE(1.0),Climate Change indicators,I,A,Annual,METEO_MONITOR_NET,Meteorological monitoring network,FJ,Fiji,1993,,6,,,,N,units,,,,,N,National,,
DATAFLOW,SPC:DF_CLIMATE_CHANGE(1.0),Climate Change indicators,I,A,Annual,METEO_MONITOR_NET,Meteorological monitoring network,FJ,Fiji,1994,,6,,,,N,units,,,,,N,National,,
DATAFLOW,SPC:DF_CLIMATE_CHANGE(1.0),Climate Change indicators,I,A,Annual,METEO_MONITOR_NET,Meteorological monitoring network,FJ,Fiji,1995,,6,,,,N,units,,,,,N,National,,
DATAFLOW,SPC:DF_CLIMATE_CHANGE(1.0),Climate Change indicators,I,A,Annual,METEO_MONITOR_NET,Meteorological monitoring network,FJ,Fiji,1996,,6,,,,N,units,,,,,N,National,,
DATAFLOW,SPC:DF_CLIMATE_CHANGE(1.0),Climate Change indicators,I,A,Annual,METEO_MONITOR_NET,Meteorological monitoring network,FJ,Fiji,1997,,6,,,,N,units,,,,,N,National,,
DATAFLOW,SPC:DF_CLIMATE_CHANGE(1.0),Climate Change indicators,I,A,Annual,METEO_MONITOR_NET,Meteorological monitoring network,FJ,Fiji,1998,,6,,,,N,units,,,,,N,National,,
DATAFLOW,SPC:DF_CLIMATE_CHANGE(1.0),Climate Change indicators,I,A,Annual,METEO_MONITOR_NET,Meteorological monitoring network,FJ,Fiji,1999,,6,,,,N,units,,,,,N,National,,
DATAFLOW,SPC:DF_CLIMATE_CHANGE(1.0),Climate Change indicators,I,A,Annual,METEO_MONITOR_NET,Meteorological monitoring network,FJ,Fiji,2000,,6,,,,N,units,,,,,N,National,,
DATAFLOW,SPC:DF_CLIMATE_CHANGE(1.0),Climate Change indicators,I,A,Annual,METEO_MONITOR_NET,Meteorological monitoring network,FJ,Fiji,2001,,6,,,,N,units,,,,,N,National,,
DATAFLOW,SPC:DF_CLIMATE_CHANGE(1.0),Climate Change indicators,I,A,Annual,METEO_MONITOR_NET,Meteorological monitoring network,FJ,Fiji,2002,,6,,,,N,units,,,,,N,National,,
DATAFLOW,SPC:DF_CLIMATE_CHANGE(1.0),Climate Change indicators,I,A,Annual,METEO_MONITOR_NET,Meteorological monitoring network,FJ,Fiji,2003,,6,,,,N,units,,,,,N,National,,
DATAFLOW,SPC:DF_CLIMATE_CHANGE(1.0),Climate Change indicators,I,A,Annual,METEO_MONITOR_NET,Meteorological monitoring network,FJ,Fiji,2004,,6,,,,N,units,,,,,N,National,,
DATAFLOW,SPC:DF_CLIMATE_CHANGE(1.0),Climate Change indicators,I,A,Annual,METEO_MONITOR_NET,Meteorological monitoring network,FJ,Fiji,2005,,6,,,,N,units,,,,,N,National,,
DATAFLOW,SPC:DF_CLIMATE_CHANGE(1.0),Climate Change indicators,I,A,Annual,METEO_MONITOR_NET,Meteorological monitoring network,FJ,Fiji,2006,,6,,,,N,units,,,,,N,National,,
DATAFLOW,SPC:DF_CLIMATE_CHANGE(1.0),Climate Change indicators,I,A,Annual,METEO_MONITOR_NET,Meteorological monitoring network,FJ,Fiji,2007,,6,,,,N,units,,,,,N,National,,
DATAFLOW,SPC:DF_CLIMATE_CHANGE(1.0),Climate Change indicators,I,A,Annual,METEO_MONITOR_NET,Meteorological monitoring network,FJ,Fiji,2008,,6,,,,N,units,,,,,N,National,,
DATAFLOW,SPC:DF_CLIMATE_CHANGE(1.0),Climate Change indicators,I,A,Annual,METEO_MONITOR_NET,Meteorological monitoring network,FJ,Fiji,2009,,6,,,,N,units,,,,,N,National,,
DATAFLOW,SPC:DF_CLIMATE_CHANGE(1.0),Climate Change indicators,I,A,Annual,METEO_MONITOR_NET,Meteorological monitoring network,FJ,Fiji,2010,,6,,,,N,units,,,,,N,National,,
DATAFLOW,SPC:DF_CLIMATE_CHANGE(1.0),Climate Change indicators,I,A,Annual,METEO_MONITOR_NET,Meteorological monitoring network,FJ,Fiji,2011,,7,,,,N,units,,,,,N,National,,
DATAFLOW,SPC:DF_CLIMATE_CHANGE(1.0),Climate Change indicators,I,A,Annual,METEO_MONITOR_NET,Meteorological monitoring network,FJ,Fiji,2012,,8,,,,N,units,,,,,N,National,,
DATAFLOW,SPC:DF_CLIMATE_CHANGE(1.0),Climate Change indicators,I,A,Annual,METEO_MONITOR_NET,Meteorological monitoring network,FJ,Fiji,2013,,8,,,,N,units,,,,,N,National,,
DATAFLOW,SPC:DF_CLIMATE_CHANGE(1.0),Climate Change indicators,I,A,Annual,METEO_MONITOR_NET,Meteorological monitoring network,FJ,Fiji,2014,,8,,,,N,units,,,,,N,National,,
DATAFLOW,SPC:DF_CLIMATE_CHANGE(1.0),Climate Change indicators,I,A,Annual,METEO_MONITOR_NET,Meteorological monitoring network,FJ,Fiji,2015,,8,,,,N,units,,,,,N,National,,
DATAFLOW,SPC:DF_CLIMATE_CHANGE(1.0),Climate Change indicators,I,A,Annual,METEO_MONITOR_NET,Meteorological monitoring network,FJ,Fiji,2016,,8,,,,N,units,,,,,N,National,,
DATAFLOW,SPC:DF_CLIMATE_CHANGE(1.0),Climate Change indicators,I,A,Annual,METEO_MONITOR_NET,Meteorological monitoring network,FJ,Fiji,2017,,8,,,,N,units,,,,,N,National,,
DATAFLOW,SPC:DF_CLIMATE_CHANGE(1.0),Climate Change indicators,I,A,Annual,METEO_MONITOR_NET,Meteorological monitoring network,FJ,Fiji,2018,,8,,,,N,units,,,,,N,National,,
DATAFLOW,SPC:DF_CLIMATE_CHANGE(1.0),Climate Change indicators,I,A,Annual,METEO_MONITOR_NET,Meteorological monitoring network,FJ,Fiji,2019,,8,,,,N,units,,,,,N,National,,
DATAFLOW,SPC:DF_CLIMATE_CHANGE(1.0),Climate Change indicators,I,A,Annual,METEO_MONITOR_NET,Meteorological monitoring network,FJ,Fiji,2020,,8,,,,N,units,,,,,N,National,,
DATAFLOW,SPC:DF_CLIMATE_CHANGE(1.0),Climate Change indicators,I,A,Annual,METEO_MONITOR_NET,Meteorological monitoring network,FJ,Fiji,2021,,8,,,,N,units,,,,,N,National,,
DATAFLOW,SPC:DF_CLIMATE_CHANGE(1.0),Climate Change indicators,I,A,Annual,METEO_MONITOR_NET,Meteorological monitoring network,FJ,Fiji,2022,,8,,,,N,units,,,,,N,National,,
DATAFLOW,SPC:DF_CLIMATE_CHANGE(1.0),Climate Change indicators,I,A,Annual,METEO_MONITOR_NET,Meteorological monitoring network,FJ,Fiji,2023,,8,,,,N,units,,,,,N,National,,
DATAFLOW,SPC:DF_CLIMATE_CHANGE(1.0),Climate Change indicators,I,A,Annual,METEO_MONITOR_NET,Meteorological monitoring network,FJ,Fiji,2024,,8,,,,N,units,,,,,N,National,,
DATAFLOW,SPC:DF_CLIMATE_CHANGE(1.0),Climate Change indicators,I,A,Annual,METEO_MONITOR_NET,Meteorological monitoring network,FJ,Fiji,2025,,8,,,,N,units,,,,,N,National,,
DATAFLOW,SPC:DF_CLIMATE_CHANGE(1.0),Climate Change indicators,I,A,Annual,METEO_MONITOR_NET,Meteorological monitoring network,FJ,Fiji,2026,,8,,,,N,units,,,,,N,National,,
DATAFLOW,SPC:DF_CLIMATE_CHANGE(1.0),Climate Change indicators,I,A,Annual,METEO_MONITOR_NET,Meteorological monitoring network,MH,Marshall Islands,1945,,1,,,,N,units,,,,,N,National,,
DATAFLOW,SPC:DF_CLIMATE_CHANGE(1.0),Climate Change indicators,I,A,Annual,METEO_MONITOR_NET,Meteorological monitoring network,MH,Marshall Islands,1946,,1,,,,N,units,,,,,N,National,,
DATAFLOW,SPC:DF_CLIMATE_CHANGE(1.0),Climate Change indicators,I,A,Annual,METEO_MONITOR_NET,Meteorological monitoring network,MH,Marshall Islands,1947,,1,,,,N,units,,,,,N,National,,
DATAFLOW,SPC:DF_CLIMATE_CHANGE(1.0),Climate Change indicators,I,A,Annual,METEO_MONITOR_NET,Meteorological monitoring network,MH,Marshall Islands,1948,,1,,,,N,units,,,,,N,National,,
DATAFLOW,SPC:DF_CLIMATE_CHANGE(1.0),Climate Change indicators,I,A,Annual,METEO_MONITOR_NET,Meteorological monitoring network,MH,Marshall Islands,1949,,1,,,,N,units,,,,,N,National,,
DATAFLOW,SPC:DF_CLIMATE_CHANGE(1.0),Climate Change indicators,I,A,Annual,METEO_MONITOR_NET,Meteorological monitoring network,MH,Marshall Islands,1950,,1,,,,N,units,,,,,N,National,,
DATAFLOW,SPC:DF_CLIMATE_CHANGE(1.0),Climate Change indicators,I,A,Annual,METEO_MONITOR_NET,Meteorological monitoring network,MH,Marshall Islands,1951,,1,,,,N,units,,,,,N,National,,
DATAFLOW,SPC:DF_CLIMATE_CHANGE(1.0),Climate Change indicators,I,A,Annual,METEO_MONITOR_NET,Meteorological monitoring network,MH,Marshall Islands,1952,,2,,,,N,units,,,,,N,National,,
DATAFLOW,SPC:DF_CLIMATE_CHANGE(1.0),Climate Change indicators,I,A,Annual,METEO_MONITOR_NET,Meteorological monitoring network,MH,Marshall Islands,1953,,2,,,,N,units,,,,,N,National,,
DATAFLOW,SPC:DF_CLIMATE_CHANGE(1.0),Climate Change indicators,I,A,Annual,METEO_MONITOR_NET,Meteorological monitoring network,MH,Marshall Islands,1954,,2,,,,N,units,,,,,N,National,,
DATAFLOW,SPC:DF_CLIMATE_CHANGE(1.0),Climate Change indicators,I,A,Annual,METEO_MONITOR_NET,Meteorological monitoring network,MH,Marshall Islands,1955,,2,,,,N,units,,,,,N,National,,
DATAFLOW,SPC:DF_CLIMATE_CHANGE(1.0),Climate Change indicators,I,A,Annual,METEO_MONITOR_NET,Meteorological monitoring network,MH,Marshall Islands,1956,,2,,,,N,units,,,,,N,National,,
DATAFLOW,SPC:DF_CLIMATE_CHANGE(1.0),Climate Change indicators,I,A,Annual,METEO_MONITOR_NET,Meteorological monitoring network,MH,Marshall Islands,1957,,2,,,,N,units,,,,,N,National,,
DATAFLOW,SPC:DF_CLIMATE_CHANGE(1.0),Climate Change indicators,I,A,Annual,METEO_MONITOR_NET,Meteorological monitoring network,MH,Marshall Islands,1958,,2,,,,N,units,,,,,N,National,,
DATAFLOW,SPC:DF_CLIMATE_CHANGE(1.0),Climate Change indicators,I,A,Annual,METEO_MONITOR_NET,Meteorological monitoring network,MH,Marshall Islands,1959,,2,,,,N,units,,,,,N,National,,
DATAFLOW,SPC:DF_CLIMATE_CHANGE(1.0),Climate Change indicators,I,A,Annual,METEO_MONITOR_NET,Meteorological monitoring network,MH,Marshall Islands,1960,,2,,,,N,units,,,,,N,National,,
DATAFLOW,SPC:DF_CLIMATE_CHANGE(1.0),Climate Change indicators,I,A,Annual,METEO_MONITOR_NET,Meteorological monitoring network,MH,Marshall Islands,1961,,2,,,,N,units,,,,,N,National,,
DATAFLOW,SPC:DF_CLIMATE_CHANGE(1.0),Climate Change indicators,I,A,Annual,METEO_MONITOR_NET,Meteorological monitoring network,MH,Marshall Islands,1962,,2,,,,N,units,,,,,N,National,,
DATAFLOW,SPC:DF_CLIMATE_CHANGE(1.0),Climate Change indicators,I,A,Annual,METEO_MONITOR_NET,Meteorological monitoring network,MH,Marshall Islands,1963,,2,,,,N,units,,,,,N,National,,
DATAFLOW,SPC:DF_CLIMATE_CHANGE(1.0),Climate Change indicators,I,A,Annual,METEO_MONITOR_NET,Meteorological monitoring network,MH,Marshall Islands,1964,,2,,,,N,units,,,,,N,National,,
DATAFLOW,SPC:DF_CLIMATE_CHANGE(1.0),Climate Change indicators,I,A,Annual,METEO_MONITOR_NET,Meteorological monitoring network,MH,Marshall Islands,1965,,2,,,,N,units,,,,,N,National,,
DATAFLOW,SPC:DF_CLIMATE_CHANGE(1.0),Climate Change indicators,I,A,Annual,METEO_MONITOR_NET,Meteorological monitoring network,MH,Marshall Islands,1966,,2,,,,N,units,,,,,N,National,,
DATAFLOW,SPC:DF_CLIMATE_CHANGE(1.0),Climate Change indicators,I,A,Annual,METEO_MONITOR_NET,Meteorological monitoring network,MH,Marshall Islands,1967,,2,,,,N,units,,,,,N,National,,
DATAFLOW,SPC:DF_CLIMATE_CHANGE(1.0),Climate Change indicators,I,A,Annual,METEO_MONITOR_NET,Meteorological monitoring network,MH,Marshall Islands,1968,,2,,,,N,units,,,,,N,National,,
DATAFLOW,SPC:DF_CLIMATE_CHANGE(1.0),Climate Change indicators,I,A,Annual,METEO_MONITOR_NET,Meteorological monitoring network,MH,Marshall Islands,1969,,2,,,,N,units,,,,,N,National,,
DATAFLOW,SPC:DF_CLIMATE_CHANGE(1.0),Climate Change indicators,I,A,Annual,METEO_MONITOR_NET,Meteorological monitoring network,MH,Marshall Islands,1970,,2,,,,N,units,,,,,N,National,,
DATAFLOW,SPC:DF_CLIMATE_CHANGE(1.0),Climate Change indicators,I,A,Annual,METEO_MONITOR_NET,Meteorological monitoring network,MH,Marshall Islands,1971,,2,,,,N,units,,,,,N,National,,
DATAFLOW,SPC:DF_CLIMATE_CHANGE(1.0),Climate Change indicators,I,A,Annual,METEO_MONITOR_NET,Meteorological monitoring network,MH,Marshall Islands,1972,,2,,,,N,units,,,,,N,National,,
DATAFLOW,SPC:DF_CLIMATE_CHANGE(1.0),Climate Change indicators,I,A,Annual,METEO_MONITOR_NET,Meteorological monitoring network,MH,Marshall Islands,1973,,2,,,,N,units,,,,,N,National,,
DATAFLOW,SPC:DF_CLIMATE_CHANGE(1.0),Climate Change indicators,I,A,Annual,METEO_MONITOR_NET,Meteorological monitoring network,MH,Marshall Islands,1974,,2,,,,N,units,,,,,N,National,,
DATAFLOW,SPC:DF_CLIMATE_CHANGE(1.0),Climate Change indicators,I,A,Annual,METEO_MONITOR_NET,Meteorological monitoring network,MH,Marshall Islands,1975,,2,,,,N,units,,,,,N,National,,
DATAFLOW,SPC:DF_CLIMATE_CHANGE(1.0),Climate Change indicators,I,A,Annual,METEO_MONITOR_NET,Meteorological monitoring network,MH,Marshall Islands,1976,,2,,,,N,units,,,,,N,National,,
DATAFLOW,SPC:DF_CLIMATE_CHANGE(1.0),Climate Change indicators,I,A,Annual,METEO_MONITOR_NET,Meteorological monitoring network,MH,Marshall Islands,1977,,2,,,,N,units,,,,,N,National,,
DATAFLOW,SPC:DF_CLIMATE_CHANGE(1.0),Climate Change indicators,I,A,Annual,METEO_MONITOR_NET,Meteorological monitoring network,MH,Marshall Islands,1978,,2,,,,N,units,,,,,N,National,,
DATAFLOW,SPC:DF_CLIMATE_CHANGE(1.0),Climate Change indicators,I,A,Annual,METEO_MONITOR_NET,Meteorological monitoring network,MH,Marshall Islands,1979,,2,,,,N,units,,,,,N,National,,
DATAFLOW,SPC:DF_CLIMATE_CHANGE(1.0),Climate Change indicators,I,A,Annual,METEO_MONITOR_NET,Meteorological monitoring network,MH,Marshall Islands,1980,,2,,,,N,units,,,,,N,National,,
DATAFLOW,SPC:DF_CLIMATE_CHANGE(1.0),Climate Change indicators,I,A,Annual,METEO_MONITOR_NET,Meteorological monitoring network,MH,Marshall Islands,1981,,2,,,,N,units,,,,,N,National,,
DATAFLOW,SPC:DF_CLIMATE_CHANGE(1.0),Climate Change indicators,I,A,Annual,METEO_MONITOR_NET,Meteorological monitoring network,MH,Marshall Islands,1982,,2,,,,N,units,,,,,N,National,,
DATAFLOW,SPC:DF_CLIMATE_CHANGE(1.0),Climate Change indicators,I,A,Annual,METEO_MONITOR_NET,Meteorological monitoring network,MH,Marshall Islands,1983,,2,,,,N,units,,,,,N,National,,
DATAFLOW,SPC:DF_CLIMATE_CHANGE(1.0),Climate Change indicators,I,A,Annual,METEO_MONITOR_NET,Meteorological monitoring network,MH,Marshall Islands,1984,,2,,,,N,units,,,,,N,National,,
DATAFLOW,SPC:DF_CLIMATE_CHANGE(1.0),Climate Change indicators,I,A,Annual,METEO_MONITOR_NET,Meteorological monitoring network,MH,Marshall Islands,1985,,2,,,,N,units,,,,,N,National,,
DATAFLOW,SPC:DF_CLIMATE_CHANGE(1.0),Climate Change indicators,I,A,Annual,METEO_MONITOR_NET,Meteorological monitoring network,MH,Marshall Islands,1986,,2,,,,N,units,,,,,N,National,,
DATAFLOW,SPC:DF_CLIMATE_CHANGE(1.0),Climate Change indicators,I,A,Annual,METEO_MONITOR_NET,Meteorological monitoring network,MH,Marshall Islands,1987,,2,,,,N,units,,,,,N,National,,
DATAFLOW,SPC:DF_CLIMATE_CHANGE(1.0),Climate Change indicators,I,A,Annual,METEO_MONITOR_NET,Meteorological monitoring network,MH,Marshall Islands,1988,,2,,,,N,units,,,,,N,National,,
DATAFLOW,SPC:DF_CLIMATE_CHANGE(1.0),Climate Change indicators,I,A,Annual,METEO_MONITOR_NET,Meteorological monitoring network,MH,Marshall Islands,1989,,2,,,,N,units,,,,,N,National,,
DATAFLOW,SPC:DF_CLIMATE_CHANGE(1.0),Climate Change indicators,I,A,Annual,METEO_MONITOR_NET,Meteorological monitoring network,MH,Marshall Islands,1990,,2,,,,N,units,,,,,N,National,,
DATAFLOW,SPC:DF_CLIMATE_CHANGE(1.0),Climate Change indicators,I,A,Annual,METEO_MONITOR_NET,Meteorological monitoring network,MH,Marshall Islands,1991,,2,,,,N,units,,,,,N,National,,
DATAFLOW,SPC:DF_CLIMATE_CHANGE(1.0),Climate Change indicators,I,A,Annual,METEO_MONITOR_NET,Meteorological monitoring network,MH,Marshall Islands,1992,,2,,,,N,units,,,,,N,National,,
DATAFLOW,SPC:DF_CLIMATE_CHANGE(1.0),Climate Change indicators,I,A,Annual,METEO_MONITOR_NET,Meteorological monitoring network,MH,Marshall Islands,1993,,2,,,,N,units,,,,,N,National,,
DATAFLOW,SPC:DF_CLIMATE_CHANGE(1.0),Climate Change indicators,I,A,Annual,METEO_MONITOR_NET,Meteorological monitoring network,MH,Marshall Islands,1994,,2,,,,N,units,,,,,N,National,,
DATAFLOW,SPC:DF_CLIMATE_CHANGE(1.0),Climate Change indicators,I,A,Annual,METEO_MONITOR_NET,Meteorological monitoring network,MH,Marshall Islands,1995,,2,,,,N,units,,,,,N,National,,
DATAFLOW,SPC:DF_CLIMATE_CHANGE(1.0),Climate Change indicators,I,A,Annual,METEO_MONITOR_NET,Meteorological monitoring network,MH,Marshall Islands,1996,,2,,,,N,units,,,,,N,National,,
DATAFLOW,SPC:DF_CLIMATE_CHANGE(1.0),Climate Change indicators,I,A,Annual,METEO_MONITOR_NET,Meteorological monitoring network,MH,Marshall Islands,1997,,2,,,,N,units,,,,,N,National,,
DATAFLOW,SPC:DF_CLIMATE_CHANGE(1.0),Climate Change indicators,I,A,Annual,METEO_MONITOR_NET,Meteorological monitoring network,MH,Marshall Islands,1998,,2,,,,N,units,,,,,N,National,,
DATAFLOW,SPC:DF_CLIMATE_CHANGE(1.0),Climate Change indicators,I,A,Annual,METEO_MONITOR_NET,Meteorological monitoring network,MH,Marshall Islands,1999,,2,,,,N,units,,,,,N,National,,
DATAFLOW,SPC:DF_CLIMATE_CHANGE(1.0),Climate Change indicators,I,A,Annual,METEO_MONITOR_NET,Meteorological monitoring network,MH,Marshall Islands,2000,,2,,,,N,units,,,,,N,National,,
DATAFLOW,SPC:DF_CLIMATE_CHANGE(1.0),Climate Change indicators,I,A,Annual,METEO_MONITOR_NET,Meteorological monitoring network,MH,Marshall Islands,2001,,2,,,,N,units,,,,,N,National,,
DATAFLOW,SPC:DF_CLIMATE_CHANGE(1.0),Climate Change indicators,I,A,Annual,METEO_MONITOR_NET,Meteorological monitoring network,MH,Marshall Islands,2002,,2,,,,N,units,,,,,N,National,,
DATAFLOW,SPC:DF_CLIMATE_CHANGE(1.0),Climate Change indicators,I,A,Annual,METEO_MONITOR_NET,Meteorological monitoring network,MH,Marshall Islands,2003,,2,,,,N,units,,,,,N,National,,
DATAFLOW,SPC:DF_CLIMATE_CHANGE(1.0),Climate Change indicators,I,A,Annual,METEO_MONITOR_NET,Meteorological monitoring network,MH,Marshall Islands,2004,,2,,,,N,units,,,,,N,National,,
DATAFLOW,SPC:DF_CLIMATE_CHANGE(1.0),Climate Change indicators,I,A,Annual,METEO_MONITOR_NET,Meteorological monitoring network,MH,Marshall Islands,2005,,2,,,,N,units,,,,,N,National,,
DATAFLOW,SPC:DF_CLIMATE_CHANGE(1.0),Climate Change indicators,I,A,Annual,METEO_MONITOR_NET,Meteorological monitoring network,MH,Marshall Islands,2006,,2,,,,N,units,,,,,N,National,,
DATAFLOW,SPC:DF_CLIMATE_CHANGE(1.0),Climate Change indicators,I,A,Annual,METEO_MONITOR_NET,Meteorological monitoring network,MH,Marshall Islands,2007,,2,,,,N,units,,,,,N,National,,
DATAFLOW,SPC:DF_CLIMATE_CHANGE(1.0),Climate Change indicators,I,A,Annual,METEO_MONITOR_NET,Meteorological monitoring network,MH,Marshall Islands,2008,,2,,,,N,units,,,,,N,National,,
DATAFLOW,SPC:DF_CLIMATE_CHANGE(1.0),Climate Change indicators,I,A,Annual,METEO_MONITOR_NET,Meteorological monitoring network,MH,Marshall Islands,2009,,2,,,,N,units,,,,,N,National,,
DATAFLOW,SPC:DF_CLIMATE_CHANGE(1.0),Climate Change indicators,I,A,Annual,METEO_MONITOR_NET,Meteorological monitoring network,MH,Marshall Islands,2010,,2,,,,N,units,,,,,N,National,,
DATAFLOW,SPC:DF_CLIMATE_CHANGE(1.0),Climate Change indicators,I,A,Annual,METEO_MONITOR_NET,Meteorological monitoring network,MH,Marshall Islands,2011,,2,,,,N,units,,,,,N,National,,
DATAFLOW,SPC:DF_CLIMATE_CHANGE(1.0),Climate Change indicators,I,A,Annual,METEO_MONITOR_NET,Meteorological monitoring network,MH,Marshall Islands,2012,,2,,,,N,units,,,,,N,National,,
DATAFLOW,SPC:DF_CLIMATE_CHANGE(1.0),Climate Change indicators,I,A,Annual,METEO_MONITOR_NET,Meteorological monitoring network,MH,Marshall Islands,2013,,2,,,,N,units,,,,,N,National,,
DATAFLOW,SPC:DF_CLIMATE_CHANGE(1.0),Climate Change indicators,I,A,Annual,METEO_MONITOR_NET,Meteorological monitoring network,MH,Marshall Islands,2014,,2,,,,N,units,,,,,N,National,,
DATAFLOW,SPC:DF_CLIMATE_CHANGE(1.0),Climate Change indicators,I,A,Annual,METEO_MONITOR_NET,Meteorological monitoring network,MH,Marshall Islands,2015,,2,,,,N,units,,,,,N,National,,
DATAFLOW,SPC:DF_CLIMATE_CHANGE(1.0),Climate Change indicators,I,A,Annual,METEO_MONITOR_NET,Meteorological monitoring network,MH,Marshall Islands,2016,,2,,,,N,units,,,,,N,National,,
DATAFLOW,SPC:DF_CLIMATE_CHANGE(1.0),Climate Change indicators,I,A,Annual,METEO_MONITOR_NET,Meteorological monitoring network,MH,Marshall Islands,2017,,2,,,,N,units,,,,,N,National,,
DATAFLOW,SPC:DF_CLIMATE_CHANGE(1.0),Climate Change indicators,I,A,Annual,METEO_MONITOR_NET,Meteorological monitoring network,MH,Marshall Islands,2018,,2,,,,N,units,,,,,N,National,,
DATAFLOW,SPC:DF_CLIMATE_CHANGE(1.0),Climate Change indicators,I,A,Annual,METEO_MONITOR_NET,Meteorological monitoring network,MH,Marshall Islands,2019,,2,,,,N,units,,,,,N,National,,
DATAFLOW,SPC:DF_CLIMATE_CHANGE(1.0),Climate Change indicators,I,A,Annual,METEO_MONITOR_NET,Meteorological monitoring network,MH,Marshall Islands,2020,,2,,,,N,units,,,,,N,National,,
DATAFLOW,SPC:DF_CLIMATE_CHANGE(1.0),Climate Change indicators,I,A,Annual,METEO_MONITOR_NET,Meteorological monitoring network,MH,Marshall Islands,2021,,2,,,,N,units,,,,,N,National,,
DATAFLOW,SPC:DF_CLIMATE_CHANGE(1.0),Climate Change indicators,I,A,Annual,METEO_MONITOR_NET,Meteorological monitoring network,MH,Marshall Islands,2022,,2,,,,N,units,,,,,N,National,,
DATAFLOW,SPC:DF_CLIMATE_CHANGE(1.0),Climate Change indicators,I,A,Annual,METEO_MONITOR_NET,Meteorological monitoring network,MH,Marshall Islands,2023,,2,,,,N,units,,,,,N,National,,
DATAFLOW,SPC:DF_CLIMATE_CHANGE(1.0),Climate Change indicators,I,A,Annual,METEO_MONITOR_NET,Meteorological monitoring network,MH,Marshall Islands,2024,,2,,,,N,units,,,,,N,National,,
DATAFLOW,SPC:DF_CLIMATE_CHANGE(1.0),Climate Change indicators,I,A,Annual,METEO_MONITOR_NET,Meteorological monitoring network,MH,Marshall Islands,2025,,2,,,,N,units,,,,,N,National,,
DATAFLOW,SPC:DF_CLIMATE_CHANGE(1.0),Climate Change indicators,I,A,Annual,METEO_MONITOR_NET,Meteorological monitoring network,MH,Marshall Islands,2026,,2,,,,N,units,,,,,N,National,,
DATAFLOW,SPC:DF_CLIMATE_CHANGE(1.0),Climate Change indicators,I,A,Annual,METEO_MONITOR_NET,Meteorological monitoring network,TK,Tokelau,2016,,1,,,,N,units,,,,,N,National,,
DATAFLOW,SPC:DF_CLIMATE_CHANGE(1.0),Climate Change indicators,I,A,Annual,METEO_MONITOR_NET,Meteorological monitoring network,TK,Tokelau,2017,,1,,,,N,units,,,,,N,National,,
DATAFLOW,SPC:DF_CLIMATE_CHANGE(1.0),Climate Change indicators,I,A,Annual,METEO_MONITOR_NET,Meteorological monitoring network,TK,Tokelau,2018,,1,,,,N,units,,,,,N,National,,
DATAFLOW,SPC:DF_CLIMATE_CHANGE(1.0),Climate Change indicators,I,A,Annual,METEO_MONITOR_NET,Meteorological monitoring network,TK,Tokelau,2019,,1,,,,N,units,,,,,N,National,,
DATAFLOW,SPC:DF_CLIMATE_CHANGE(1.0),Climate Change indicators,I,A,Annual,METEO_MONITOR_NET,Meteorological monitoring network,TK,Tokelau,2020,,1,,,,N,units,,,,,N,National,,
DATAFLOW,SPC:DF_CLIMATE_CHANGE(1.0),Climate Change indicators,I,A,Annual,METEO_MONITOR_NET,Meteorological monitoring network,TK,Tokelau,2021,,1,,,,N,units,,,,,N,National,,
DATAFLOW,SPC:DF_CLIMATE_CHANGE(1.0),Climate Change indicators,I,A,Annual,METEO_MONITOR_NET,Meteorological monitoring network,TK,Tokelau,2022,,1,,,,N,units,,,,,N,National,,
DATAFLOW,SPC:DF_CLIMATE_CHANGE(1.0),Climate Change indicators,I,A,Annual,METEO_MONITOR_NET,Meteorological monitoring network,TK,Tokelau,2023,,1,,,,N,units,,,,,N,National,,
DATAFLOW,SPC:DF_CLIMATE_CHANGE(1.0),Climate Change indicators,I,A,Annual,METEO_MONITOR_NET,Meteorological monitoring network,TK,Tokelau,2024,,1,,,,N,units,,,,,N,National,,
DATAFLOW,SPC:DF_CLIMATE_CHANGE(1.0),Climate Change indicators,I,A,Annual,METEO_MONITOR_NET,Meteorological monitoring network,TK,Tokelau,2025,,1,,,,N,units,,,,,N,National,,
DATAFLOW,SPC:DF_CLIMATE_CHANGE(1.0),Climate Change indicators,I,A,Annual,METEO_MONITOR_NET,Meteorological monitoring network,TK,Tokelau,2026,,1,,,,N,units,,,,,N,National,,
DATAFLOW,SPC:DF_CLIMATE_CHANGE(1.0),Climate Change indicators,I,A,Annual,METEO_MONITOR_NET,Meteorological monitoring network,SB,Solomon Islands,1950,,1,,,,N,units,,,,,N,National,,
DATAFLOW,SPC:DF_CLIMATE_CHANGE(1.0),Climate Change indicators,I,A,Annual,METEO_MONITOR_NET,Meteorological monitoring network,SB,Solomon Islands,1951,,1,,,,N,units,,,,,N,National,,
DATAFLOW,SPC:DF_CLIMATE_CHANGE(1.0),Climate Change indicators,I,A,Annual,METEO_MONITOR_NET,Meteorological monitoring network,SB,Solomon Islands,1952,,1,,,,N,units,,,,,N,National,,
DATAFLOW,SPC:DF_CLIMATE_CHANGE(1.0),Climate Change indicators,I,A,Annual,METEO_MONITOR_NET,Meteorological monitoring network,SB,Solomon Islands,1953,,1,,,,N,units,,,,,N,National,,
DATAFLOW,SPC:DF_CLIMATE_CHANGE(1.0),Climate Change indicators,I,A,Annual,METEO_MONITOR_NET,Meteorological monitoring network,SB,Solomon Islands,1954,,1,,,,N,units,,,,,N,National,,
DATAFLOW,SPC:DF_CLIMATE_CHANGE(1.0),Climate Change indicators,I,A,Annual,METEO_MONITOR_NET,Meteorological monitoring network,SB,Solomon Islands,1955,,1,,,,N,units,,,,,N,National,,
DATAFLOW,SPC:DF_CLIMATE_CHANGE(1.0),Climate Change indicators,I,A,Annual,METEO_MONITOR_NET,Meteorological monitoring network,SB,Solomon Islands,1956,,1,,,,N,units,,,,,N,National,,
DATAFLOW,SPC:DF_CLIMATE_CHANGE(1.0),Climate Change indicators,I,A,Annual,METEO_MONITOR_NET,Meteorological monitoring network,SB,Solomon Islands,1957,,1,,,,N,units,,,,,N,National,,
DATAFLOW,SPC:DF_CLIMATE_CHANGE(1.0),Climate Change indicators,I,A,Annual,METEO_MONITOR_NET,Meteorological monitoring network,SB,Solomon Islands,1958,,1,,,,N,units,,,,,N,National,,
DATAFLOW,SPC:DF_CLIMATE_CHANGE(1.0),Climate Change indicators,I,A,Annual,METEO_MONITOR_NET,Meteorological monitoring network,SB,Solomon Islands,1959,,1,,,,N,units,,,,,N,National,,
DATAFLOW,SPC:DF_CLIMATE_CHANGE(1.0),Climate Change indicators,I,A,Annual,METEO_MONITOR_NET,Meteorological monitoring network,SB,Solomon Islands,1960,,1,,,,N,units,,,,,N,National,,
DATAFLOW,SPC:DF_CLIMATE_CHANGE(1.0),Climate Change indicators,I,A,Annual,METEO_MONITOR_NET,Meteorological monitoring network,SB,Solomon Islands,1961,,1,,,,N,units,,,,,N,National,,
DATAFLOW,SPC:DF_CLIMATE_CHANGE(1.0),Climate Change indicators,I,A,Annual,METEO_MONITOR_NET,Meteorological monitoring network,SB,Solomon Islands,1962,,2,,,,N,units,,,,,N,National,,
DATAFLOW,SPC:DF_CLIMATE_CHANGE(1.0),Climate Change indicators,I,A,Annual,METEO_MONITOR_NET,Meteorological monitoring network,SB,Solomon Islands,1963,,2,,,,N,units,,,,,N,National,,
DATAFLOW,SPC:DF_CLIMATE_CHANGE(1.0),Climate Change indicators,I,A,Annual,METEO_MONITOR_NET,Meteorological monitoring network,SB,Solomon Islands,1964,,2,,,,N,units,,,,,N,National,,
DATAFLOW,SPC:DF_CLIMATE_CHANGE(1.0),Climate Change indicators,I,A,Annual,METEO_MONITOR_NET,Meteorological monitoring network,SB,Solomon Islands,1965,,2,,,,N,units,,,,,N,National,,
DATAFLOW,SPC:DF_CLIMATE_CHANGE(1.0),Climate Change indicators,I,A,Annual,METEO_MONITOR_NET,Meteorological monitoring network,SB,Solomon Islands,1966,,2,,,,N,units,,,,,N,National,,
DATAFLOW,SPC:DF_CLIMATE_CHANGE(1.0),Climate Change indicators,I,A,Annual,METEO_MONITOR_NET,Meteorological monitoring network,SB,Solomon Islands,1967,,2,,,,N,units,,,,,N,National,,
DATAFLOW,SPC:DF_CLIMATE_CHANGE(1.0),Climate Change indicators,I,A,Annual,METEO_MONITOR_NET,Meteorological monitoring network,SB,Solomon Islands,1968,,2,,,,N,units,,,,,N,National,,
DATAFLOW,SPC:DF_CLIMATE_CHANGE(1.0),Climate Change indicators,I,A,Annual,METEO_MONITOR_NET,Meteorological monitoring network,SB,Solomon Islands,1969,,2,,,,N,units,,,,,N,National,,
DATAFLOW,SPC:DF_CLIMATE_CHANGE(1.0),Climate Change indicators,I,A,Annual,METEO_MONITOR_NET,Meteorological monitoring network,SB,Solomon Islands,1970,,2,,,,N,units,,,,,N,National,,
DATAFLOW,SPC:DF_CLIMATE_CHANGE(1.0),Climate Change indicators,I,A,Annual,METEO_MONITOR_NET,Meteorological monitoring network,SB,Solomon Islands,1971,,2,,,,N,units,,,,,N,National,,
DATAFLOW,SPC:DF_CLIMATE_CHANGE(1.0),Climate Change indicators,I,A,Annual,METEO_MONITOR_NET,Meteorological monitoring network,SB,Solomon Islands,1972,,2,,,,N,units,,,,,N,National,,
DATAFLOW,SPC:DF_CLIMATE_CHANGE(1.0),Climate Change indicators,I,A,Annual,METEO_MONITOR_NET,Meteorological monitoring network,SB,Solomon Islands,1973,,2,,,,N,units,,,,,N,National,,
DATAFLOW,SPC:DF_CLIMATE_CHANGE(1.0),Climate Change indicators,I,A,Annual,METEO_MONITOR_NET,Meteorological monitoring network,SB,Solomon Islands,1974,,2,,,,N,units,,,,,N,National,,
DATAFLOW,SPC:DF_CLIMATE_CHANGE(1.0),Climate Change indicators,I,A,Annual,METEO_MONITOR_NET,Meteorological monitoring network,SB,Solomon Islands,1975,,3,,,,N,units,,,,,N,National,,
DATAFLOW,SPC:DF_CLIMATE_CHANGE(1.0),Climate Change indicators,I,A,Annual,METEO_MONITOR_NET,Meteorological monitoring network,SB,Solomon Islands,1976,,3,,,,N,units,,,,,N,National,,
DATAFLOW,SPC:DF_CLIMATE_CHANGE(1.0),Climate Change indicators,I,A,Annual,METEO_MONITOR_NET,Meteorological monitoring network,SB,Solomon Islands,1977,,3,,,,N,units,,,,,N,National,,
DATAFLOW,SPC:DF_CLIMATE_CHANGE(1.0),Climate Change indicators,I,A,Annual,METEO_MONITOR_NET,Meteorological monitoring network,SB,Solomon Islands,1978,,3,,,,N,units,,,,,N,National,,
DATAFLOW,SPC:DF_CLIMATE_CHANGE(1.0),Climate Change indicators,I,A,Annual,METEO_MONITOR_NET,Meteorological monitoring network,SB,Solomon Islands,1979,,3,,,,N,units,,,,,N,National,,
DATAFLOW,SPC:DF_CLIMATE_CHANGE(1.0),Climate Change indicators,I,A,Annual,METEO_MONITOR_NET,Meteorological monitoring network,SB,Solomon Islands,1980,,3,,,,N,units,,,,,N,National,,
DATAFLOW,SPC:DF_CLIMATE_CHANGE(1.0),Climate Change indicators,I,A,Annual,METEO_MONITOR_NET,Meteorological monitoring network,SB,Solomon Islands,1981,,3,,,,N,units,,,,,N,National,,
DATAFLOW,SPC:DF_CLIMATE_CHANGE(1.0),Climate Change indicators,I,A,Annual,METEO_MONITOR_NET,Meteorological monitoring network,SB,Solomon Islands,1982,,3,,,,N,units,,,,,N,National,,
DATAFLOW,SPC:DF_CLIMATE_CHANGE(1.0),Climate Change indicators,I,A,Annual,METEO_MONITOR_NET,Meteorological monitoring network,SB,Solomon Islands,1983,,3,,,,N,units,,,,,N,National,,
DATAFLOW,SPC:DF_CLIMATE_CHANGE(1.0),Climate Change indicators,I,A,Annual,METEO_MONITOR_NET,Meteorological monitoring network,SB,Solomon Islands,1984,,3,,,,N,units,,,,,N,National,,
DATAFLOW,SPC:DF_CLIMATE_CHANGE(1.0),Climate Change indicators,I,A,Annual,METEO_MONITOR_NET,Meteorological monitoring network,SB,Solomon Islands,1985,,3,,,,N,units,,,,,N,National,,
DATAFLOW,SPC:DF_CLIMATE_CHANGE(1.0),Climate Change indicators,I,A,Annual,METEO_MONITOR_NET,Meteorological monitoring network,SB,Solomon Islands,1986,,3,,,,N,units,,,,,N,National,,
DATAFLOW,SPC:DF_CLIMATE_CHANGE(1.0),Climate Change indicators,I,A,Annual,METEO_MONITOR_NET,Meteorological monitoring network,SB,Solomon Islands,1987,,3,,,,N,units,,,,,N,National,,
DATAFLOW,SPC:DF_CLIMATE_CHANGE(1.0),Climate Change indicators,I,A,Annual,METEO_MONITOR_NET,Meteorological monitoring network,SB,Solomon Islands,1988,,3,,,,N,units,,,,,N,National,,
DATAFLOW,SPC:DF_CLIMATE_CHANGE(1.0),Climate Change indicators,I,A,Annual,METEO_MONITOR_NET,Meteorological monitoring network,SB,Solomon Islands,1989,,3,,,,N,units,,,,,N,National,,
DATAFLOW,SPC:DF_CLIMATE_CHANGE(1.0),Climate Change indicators,I,A,Annual,METEO_MONITOR_NET,Meteorological monitoring network,SB,Solomon Islands,1990,,3,,,,N,units,,,,,N,National,,
DATAFLOW,SPC:DF_CLIMATE_CHANGE(1.0),Climate Change indicators,I,A,Annual,METEO_MONITOR_NET,Meteorological monitoring network,SB,Solomon Islands,1991,,3,,,,N,units,,,,,N,National,,
DATAFLOW,SPC:DF_CLIMATE_CHANGE(1.0),Climate Change indicators,I,A,Annual,METEO_MONITOR_NET,Meteorological monitoring network,SB,Solomon Islands,1992,,3,,,,N,units,,,,,N,National,,
DATAFLOW,SPC:DF_CLIMATE_CHANGE(1.0),Climate Change indicators,I,A,Annual,METEO_MONITOR_NET,Meteorological monitoring network,SB,Solomon Islands,1993,,3,,,,N,units,,,,,N,National,,
DATAFLOW,SPC:DF_CLIMATE_CHANGE(1.0),Climate Change indicators,I,A,Annual,METEO_MONITOR_NET,Meteorological monitoring network,SB,Solomon Islands,1994,,3,,,,N,units,,,,,N,National,,
DATAFLOW,SPC:DF_CLIMATE_CHANGE(1.0),Climate Change indicators,I,A,Annual,METEO_MONITOR_NET,Meteorological monitoring network,SB,Solomon Islands,1995,,3,,,,N,units,,,,,N,National,,
DATAFLOW,SPC:DF_CLIMATE_CHANGE(1.0),Climate Change indicators,I,A,Annual,METEO_MONITOR_NET,Meteorological monitoring network,SB,Solomon Islands,1996,,3,,,,N,units,,,,,N,National,,
DATAFLOW,SPC:DF_CLIMATE_CHANGE(1.0),Climate Change indicators,I,A,Annual,METEO_MONITOR_NET,Meteorological monitoring network,SB,Solomon Islands,1997,,3,,,,N,units,,,,,N,National,,
DATAFLOW,SPC:DF_CLIMATE_CHANGE(1.0),Climate Change indicators,I,A,Annual,METEO_MONITOR_NET,Meteorological monitoring network,SB,Solomon Islands,1998,,3,,,,N,units,,,,,N,National,,
DATAFLOW,SPC:DF_CLIMATE_CHANGE(1.0),Climate Change indicators,I,A,Annual,METEO_MONITOR_NET,Meteorological monitoring network,SB,Solomon Islands,1999,,3,,,,N,units,,,,,N,National,,
DATAFLOW,SPC:DF_CLIMATE_CHANGE(1.0),Climate Change indicators,I,A,Annual,METEO_MONITOR_NET,Meteorological monitoring network,SB,Solomon Islands,2000,,3,,,,N,units,,,,,N,National,,
DATAFLOW,SPC:DF_CLIMATE_CHANGE(1.0),Climate Change indicators,I,A,Annual,METEO_MONITOR_NET,Meteorological monitoring network,SB,Solomon Islands,2001,,3,,,,N,units,,,,,N,National,,
DATAFLOW,SPC:DF_CLIMATE_CHANGE(1.0),Climate Change indicators,I,A,Annual,METEO_MONITOR_NET,Meteorological monitoring network,SB,Solomon Islands,2002,,3,,,,N,units,,,,,N,National,,
DATAFLOW,SPC:DF_CLIMATE_CHANGE(1.0),Climate Change indicators,I,A,Annual,METEO_MONITOR_NET,Meteorological monitoring network,SB,Solomon Islands,2003,,3,,,,N,units,,,,,N,National,,
DATAFLOW,SPC:DF_CLIMATE_CHANGE(1.0),Climate Change indicators,I,A,Annual,METEO_MONITOR_NET,Meteorological monitoring network,SB,Solomon Islands,2004,,3,,,,N,units,,,,,N,National,,
DATAFLOW,SPC:DF_CLIMATE_CHANGE(1.0),Climate Change indicators,I,A,Annual,METEO_MONITOR_NET,Meteorological monitoring network,SB,Solomon Islands,2005,,3,,,,N,units,,,,,N,National,,
DATAFLOW,SPC:DF_CLIMATE_CHANGE(1.0),Climate Change indicators,I,A,Annual,METEO_MONITOR_NET,Meteorological monitoring network,SB,Solomon Islands,2006,,3,,,,N,units,,,,,N,National,,
DATAFLOW,SPC:DF_CLIMATE_CHANGE(1.0),Climate Change indicators,I,A,Annual,METEO_MONITOR_NET,Meteorological monitoring network,SB,Solomon Islands,2007,,3,,,,N,units,,,,,N,National,,
DATAFLOW,SPC:DF_CLIMATE_CHANGE(1.0),Climate Change indicators,I,A,Annual,METEO_MONITOR_NET,Meteorological monitoring network,SB,Solomon Islands,2008,,3,,,,N,units,,,,,N,National,,
DATAFLOW,SPC:DF_CLIMATE_CHANGE(1.0),Climate Change indicators,I,A,Annual,METEO_MONITOR_NET,Meteorological monitoring network,SB,Solomon Islands,2009,,3,,,,N,units,,,,,N,National,,
DATAFLOW,SPC:DF_CLIMATE_CHANGE(1.0),Climate Change indicators,I,A,Annual,METEO_MONITOR_NET,Meteorological monitoring network,SB,Solomon Islands,2010,,3,,,,N,units,,,,,N,National,,
DATAFLOW,SPC:DF_CLIMATE_CHANGE(1.0),Climate Change indicators,I,A,Annual,METEO_MONITOR_NET,Meteorological monitoring network,SB,Solomon Islands,2011,,3,,,,N,units,,,,,N,National,,
DATAFLOW,SPC:DF_CLIMATE_CHANGE(1.0),Climate Change indicators,I,A,Annual,METEO_MONITOR_NET,Meteorological monitoring network,SB,Solomon Islands,2012,,3,,,,N,units,,,,,N,National,,
DATAFLOW,SPC:DF_CLIMATE_CHANGE(1.0),Climate Change indicators,I,A,Annual,METEO_MONITOR_NET,Meteorological monitoring network,SB,Solomon Islands,2013,,3,,,,N,units,,,,,N,National,,
DATAFLOW,SPC:DF_CLIMATE_CHANGE(1.0),Climate Change indicators,I,A,Annual,METEO_MONITOR_NET,Meteorological monitoring network,SB,Solomon Islands,2014,,3,,,,N,units,,,,,N,National,,
DATAFLOW,SPC:DF_CLIMATE_CHANGE(1.0),Climate Change indicators,I,A,Annual,METEO_MONITOR_NET,Meteorological monitoring network,SB,Solomon Islands,2015,,3,,,,N,units,,,,,N,National,,
DATAFLOW,SPC:DF_CLIMATE_CHANGE(1.0),Climate Change indicators,I,A,Annual,METEO_MONITOR_NET,Meteorological monitoring network,SB,Solomon Islands,2016,,3,,,,N,units,,,,,N,National,,
DATAFLOW,SPC:DF_CLIMATE_CHANGE(1.0),Climate Change indicators,I,A,Annual,METEO_MONITOR_NET,Meteorological monitoring network,SB,Solomon Islands,2017,,3,,,,N,units,,,,,N,National,,
DATAFLOW,SPC:DF_CLIMATE_CHANGE(1.0),Climate Change indicators,I,A,Annual,METEO_MONITOR_NET,Meteorological monitoring network,SB,Solomon Islands,2018,,3,,,,N,units,,,,,N,National,,
DATAFLOW,SPC:DF_CLIMATE_CHANGE(1.0),Climate Change indicators,I,A,Annual,METEO_MONITOR_NET,Meteorological monitoring network,SB,Solomon Islands,2019,,3,,,,N,units,,,,,N,National,,
DATAFLOW,SPC:DF_CLIMATE_CHANGE(1.0),Climate Change indicators,I,A,Annual,METEO_MONITOR_NET,Meteorological monitoring network,SB,Solomon Islands,2020,,3,,,,N,units,,,,,N,National,,
DATAFLOW,SPC:DF_CLIMATE_CHANGE(1.0),Climate Change indicators,I,A,Annual,METEO_MONITOR_NET,Meteorological monitoring network,SB,Solomon Islands,2021,,3,,,,N,units,,,,,N,National,,
DATAFLOW,SPC:DF_CLIMATE_CHANGE(1.0),Climate Change indicators,I,A,Annual,METEO_MONITOR_NET,Meteorological monitoring network,SB,Solomon Islands,2022,,3,,,,N,units,,,,,N,National,,
DATAFLOW,SPC:DF_CLIMATE_CHANGE(1.0),Climate Change indicators,I,A,Annual,METEO_MONITOR_NET,Meteorological monitoring network,SB,Solomon Islands,2023,,3,,,,N,units,,,,,N,National,,
DATAFLOW,SPC:DF_CLIMATE_CHANGE(1.0),Climate Change indicators,I,A,Annual,METEO_MONITOR_NET,Meteorological monitoring network,SB,Solomon Islands,2024,,3,,,,N,units,,,,,N,National,,
DATAFLOW,SPC:DF_CLIMATE_CHANGE(1.0),Climate Change indicators,I,A,Annual,METEO_MONITOR_NET,Meteorological monitoring network,SB,Solomon Islands,2025,,3,,,,N,units,,,,,N,National,,
DATAFLOW,SPC:DF_CLIMATE_CHANGE(1.0),Climate Change indicators,I,A,Annual,METEO_MONITOR_NET,Meteorological monitoring network,SB,Solomon Islands,2026,,3,,,,N,units,,,,,N,National,,
