STRUCTURE,STRUCTURE_ID,STRUCTURE_NAME,ACTION,FREQ,Frequency,INDICATOR,Indicator,GEO_PICT,Pacific Island Countries and territories,SEX,Sex,AGE,Age,URBANIZATION,Urbanization,INCOME,Income,EDUCATION,Education level,OCCUPATION,Occupation,COMPOSITE_BREAKDOWN,Composite breakdown,DISABILITY,Disability,TIME_PERIOD,Time,OBS_VALUE,Observation value,UNIT_MEASURE,Unit of measure,REPORTING_TYPE,Reporting type,NATURE,Nature,DATA_SOURCE,Data source,OBS_STATUS,Observation Status,OBS_COMMENT,Comment
DATAFLOW,SPC:DF_SDG_06(3.0),Sustainable Development Goal 06 - Clean Water and Sanitation,I,A,Annual,SH_H2O_SAFE,6.1.1 Population using safely managed drinking water services,FJ,Fiji,_T,Total,_T,All ages,_T,National,_T,Total,_T,All education levels,_T,All occupations,_Z,Not applicable,_T,No breakdown by disability,2000,,94.82,,PERCENT,percent,G,Global,_X,Not Available,,,,,,
DATAFLOW,SPC:DF_SDG_06(3.0),Sustainable Development Goal 06 - Clean Water and Sanitation,I,A,Annual,SH_H2O_SAFE,6.1.1 Population using safely managed drinking water services,FJ,Fiji,_T,Total,_T,All ages,_T,National,_T,Total,_T,All education levels,_T,All occupations,_Z,Not applicable,_T,No breakdown by disability,2001,,94.84,,PERCENT,percent,G,Global,_X,Not Available,,,,,,
DATAFLOW,SPC:DF_SDG_06(3.0),Sustainable Development Goal 06 - Clean Water and Sanitation,I,A,Annual,SH_H2O_SAFE,6.1.1 Population using safely managed drinking water services,FJ,Fiji,_T,Total,_T,All ages,_T,National,_T,Total,_T,All education levels,_T,All occupations,_Z,Not applicable,_T,No breakdown by disability,2002,,94.87,,PERCENT,percent,G,Global,_X,Not Available,,,,,,
DATAFLOW,SPC:DF_SDG_06(3.0),Sustainable Development Goal 06 - Clean Water and Sanitation,I,A,Annual,SH_H2O_SAFE,6.1.1 Population using safely managed drinking water services,FJ,Fiji,_T,Total,_T,All ages,_T,National,_T,Total,_T,All education levels,_T,All occupations,_Z,Not applicable,_T,No breakdown by disability,2003,,94.89,,PERCENT,percent,G,Global,_X,Not Available,,,,,,
DATAFLOW,SPC:DF_SDG_06(3.0),Sustainable Development Goal 06 - Clean Water and Sanitation,I,A,Annual,SH_H2O_SAFE,6.1.1 Population using safely managed drinking water services,FJ,Fiji,_T,Total,_T,All ages,_T,National,_T,Total,_T,All education levels,_T,All occupations,_Z,Not applicable,_T,No breakdown by disability,2004,,94.91,,PERCENT,percent,G,Global,_X,Not Available,,,,,,
DATAFLOW,SPC:DF_SDG_06(3.0),Sustainable Development Goal 06 - Clean Water and Sanitation,I,A,Annual,SH_H2O_SAFE,6.1.1 Population using safely managed drinking water services,FJ,Fiji,_T,Total,_T,All ages,_T,National,_T,Total,_T,All education levels,_T,All occupations,_Z,Not applicable,_T,No breakdown by disability,2005,,94.94,,PERCENT,percent,G,Global,_X,Not Available,,,,,,
DATAFLOW,SPC:DF_SDG_06(3.0),Sustainable Development Goal 06 - Clean Water and Sanitation,I,A,Annual,SH_H2O_SAFE,6.1.1 Population using safely managed drinking water services,FJ,Fiji,_T,Total,_T,All ages,_T,National,_T,Total,_T,All education levels,_T,All occupations,_Z,Not applicable,_T,No breakdown by disability,2006,,94.96,,PERCENT,percent,G,Global,_X,Not Available,,,,,,
DATAFLOW,SPC:DF_SDG_06(3.0),Sustainable Development Goal 06 - Clean Water and Sanitation,I,A,Annual,SH_H2O_SAFE,6.1.1 Population using safely managed drinking water services,FJ,Fiji,_T,Total,_T,All ages,_T,National,_T,Total,_T,All education levels,_T,All occupations,_Z,Not applicable,_T,No breakdown by disability,2007,,94.98,,PERCENT,percent,G,Global,_X,Not Available,,,,,,
DATAFLOW,SPC:DF_SDG_06(3.0),Sustainable Development Goal 06 - Clean Water and Sanitation,I,A,Annual,SH_H2O_SAFE,6.1.1 Population using safely managed drinking water services,FJ,Fiji,_T,Total,_T,All ages,_T,National,_T,Total,_T,All education levels,_T,All occupations,_Z,Not applicable,_T,No breakdown by disability,2008,,95.01,,PERCENT,percent,G,Global,_X,Not Available,,,,,,
DATAFLOW,SPC:DF_SDG_06(3.0),Sustainable Development Goal 06 - Clean Water and Sanitation,I,A,Annual,SH_H2O_SAFE,6.1.1 Population using safely managed drinking water services,FJ,Fiji,_T,Total,_T,All ages,_T,National,_T,Total,_T,All education levels,_T,All occupations,_Z,Not applicable,_T,No breakdown by disability,2009,,95.04,,PERCENT,percent,G,Global,_X,Not Available,,,,,,
DATAFLOW,SPC:DF_SDG_06(3.0),Sustainable Development Goal 06 - Clean Water and Sanitation,I,A,Annual,SH_H2O_SAFE,6.1.1 Population using safely managed drinking water services,FJ,Fiji,_T,Total,_T,All ages,_T,National,_T,Total,_T,All education levels,_T,All occupations,_Z,Not applicable,_T,No breakdown by disability,2010,,95.08,,PERCENT,percent,G,Global,_X,Not Available,,,,,,
DATAFLOW,SPC:DF_SDG_06(3.0),Sustainable Development Goal 06 - Clean Water and Sanitation,I,A,Annual,SH_H2O_SAFE,6.1.1 Population using safely managed drinking water services,FJ,Fiji,_T,Total,_T,All ages,_T,National,_T,Total,_T,All education levels,_T,All occupations,_Z,Not applicable,_T,No breakdown by disability,2011,,95.11,,PERCENT,percent,G,Global,_X,Not Available,,,,,,
DATAFLOW,SPC:DF_SDG_06(3.0),Sustainable Development Goal 06 - Clean Water and Sanitation,I,A,Annual,SH_H2O_SAFE,6.1.1 Population using safely managed drinking water services,FJ,Fiji,_T,Total,_T,All ages,_T,National,_T,Total,_T,All education levels,_T,All occupations,_Z,Not applicable,_T,No breakdown by disability,2012,,95.14,,PERCENT,percent,G,Global,_X,Not Available,,,,,,
DATAFLOW,SPC:DF_SDG_06(3.0),Sustainable Development Goal 06 - Clean Water and Sanitation,I,A,Annual,SH_H2O_SAFE,6.1.1 Population using safely managed drinking water services,FJ,Fiji,_T,Total,_T,All ages,_T,National,_T,Total,_T,All education levels,_T,All occupations,_Z,Not applicable,_T,No breakdown by disability,2013,,95.18,,PERCENT,percent,G,Global,_X,Not Available,,,,,,
DATAFLOW,SPC:DF_SDG_06(3.0),Sustainable Development Goal 06 - Clean Water and Sanitation,I,A,Annual,SH_H2O_SAFE,6.1.1 Population using safely managed drinking water services,FJ,Fiji,_T,Total,_T,All ages,_T,National,_T,Total,_T,All education levels,_T,All occupations,_Z,Not applicable,_T,No breakdown by disability,2014,,95.21,,PERCENT,percent,G,Global,_X,Not Available,,,,,,
DATAFLOW,SPC:DF_SDG_06(3.0),Sustainable Development Goal 06 - Clean Water and Sanitation,I,A,Annual,SH_H2O_SAFE,6.1.1 Population using safely managed drinking water services,FJ,Fiji,_T,Total,_T,All ages,_T,National,_T,Total,_T,All education levels,_T,All occupations,_Z,Not applicable,_T,No breakdown by disability,2015,,95.24,,PERCENT,percent,G,Global,_X,Not Available,,,,,,
DATAFLOW,SPC:DF_SDG_06(3.0),Sustainable Development Goal 06 - Clean Water and Sanitation,I,A,Annual,SH_H2O_SAFE,6.1.1 Population using safely managed drinking water services,FJ,Fiji,_T,Total,_T,All ages,_T,National,_T,Total,_T,All education levels,_T,All occupations,_Z,Not applicable,_T,No breakdown by disability,2016,,95.28,,PERCENT,percent,G,Global,_X,Not Available,,,,,,
DATAFLOW,SPC:DF_SDG_06(3.0),Sustainable Development Goal 06 - Clean Water and Sanitation,I,A,Annual,SH_H2O_SAFE,6.1.1 Population using safely managed drinking water services,FJ,Fiji,_T,Total,_T,All ages,_T,National,_T,Total,_T,All education levels,_T,All occupations,_Z,Not applicable,_T,No breakdown by disability,2017,,95.31,,PERCENT,percent,G,Global,_X,Not Available,,,,,,
DATAFLOW,SPC:DF_SDG_06(3.0),Sustainable Development Goal 06 - Clean Water and Sanitation,I,A,Annual,SH_H2O_SAFE,6.1.1 Population using safely managed drinking water services,FJ,Fiji,_T,Total,_T,All ages,_T,National,_T,Total,_T,All education levels,_T,All occupations,_Z,Not applicable,_T,No breakdown by disability,2018,,95.35,,PERCENT,percent,G,Global,_X,Not Available,,,,,,
DATAFLOW,SPC:DF_SDG_06(3.0),Sustainable Development Goal 06 - Clean Water and Sanitation,I,A,Annual,SH_H2O_SAFE,6.1.1 Population using safely managed drinking water services,FJ,Fiji,_T,Total,_T,All ages,_T,National,_T,Total,_T,All education levels,_T,All occupations,_Z,Not applicable,_T,No breakdown by disability,2019,,95.38,,PERCENT,percent,G,Global,_X,Not Available,,,,,,
DATAFLOW,SPC:DF_SDG_06(3.0),Sustainable Development Goal 06 - Clean Water and Sanitation,I,A,Annual,SH_H2O_SAFE,6.1.1 Population using safely managed drinking water services,FJ,Fiji,_T,Total,_T,All ages,_T,National,_T,Total,_T,All education levels,_T,All occupations,_Z,Not applicable,_T,No breakdown by disability,2020,,95.42,,PERCENT,percent,G,Global,_X,Not Available,,,,,,
DATAFLOW,SPC:DF_SDG_06(3.0),Sustainable Development Goal 06 - Clean Water and Sanitation,I,A,Annual,SH_H2O_SAFE,6.1.1 Population using safely managed drinking water services,FJ,Fiji,_T,Total,_T,All ages,_T,National,_T,Total,_T,All education levels,_T,All occupations,_Z,Not applicable,_T,No breakdown by disability,2021,,95.45,,PERCENT,percent,G,Global,_X,Not Available,,,,,,
DATAFLOW,SPC:DF_SDG_06(3.0),Sustainable Development Goal 06 - Clean Water and Sanitation,I,A,Annual,SH_H2O_SAFE,6.1.1 Population using safely managed drinking water services,FJ,Fiji,_T,Total,_T,All ages,_T,National,_T,Total,_T,All education levels,_T,All occupations,_Z,Not applicable,_T,No breakdown by disability,2022,,95.49,,PERCENT,percent,G,Global,_X,Not Available,,,,,,
DATAFLOW,SPC:DF_SDG_06(3.0),Sustainable Development Goal 06 - Clean Water and Sanitation,I,A,Annual,SH_H2O_SAFE,6.1.1 Population using safely managed drinking water services,NU,Niue,_T,Total,_T,All ages,_T,National,_T,Total,_T,All education levels,_T,All occupations,_Z,Not applicable,_T,No breakdown by disability,2000,,99.24,,PERCENT,percent,G,Global,_X,Not Available,,,,,,
DATAFLOW,SPC:DF_SDG_06(3.0),Sustainable Development Goal 06 - Clean Water and Sanitation,I,A,Annual,SH_H2O_SAFE,6.1.1 Population using safely managed drinking water services,NU,Niue,_T,Total,_T,All ages,_T,National,_T,Total,_T,All education levels,_T,All occupations,_Z,Not applicable,_T,No breakdown by disability,2001,,99.24,,PERCENT,percent,G,Global,_X,Not Available,,,,,,
DATAFLOW,SPC:DF_SDG_06(3.0),Sustainable Development Goal 06 - Clean Water and Sanitation,I,A,Annual,SH_H2O_SAFE,6.1.1 Population using safely managed drinking water services,NU,Niue,_T,Total,_T,All ages,_T,National,_T,Total,_T,All education levels,_T,All occupations,_Z,Not applicable,_T,No breakdown by disability,2002,,99.24,,PERCENT,percent,G,Global,_X,Not Available,,,,,,
DATAFLOW,SPC:DF_SDG_06(3.0),Sustainable Development Goal 06 - Clean Water and Sanitation,I,A,Annual,SH_H2O_SAFE,6.1.1 Population using safely managed drinking water services,NU,Niue,_T,Total,_T,All ages,_T,National,_T,Total,_T,All education levels,_T,All occupations,_Z,Not applicable,_T,No breakdown by disability,2003,,99.24,,PERCENT,percent,G,Global,_X,Not Available,,,,,,
DATAFLOW,SPC:DF_SDG_06(3.0),Sustainable Development Goal 06 - Clean Water and Sanitation,I,A,Annual,SH_H2O_SAFE,6.1.1 Population using safely managed drinking water services,NU,Niue,_T,Total,_T,All ages,_T,National,_T,Total,_T,All education levels,_T,All occupations,_Z,Not applicable,_T,No breakdown by disability,2004,,99.24,,PERCENT,percent,G,Global,_X,Not Available,,,,,,
DATAFLOW,SPC:DF_SDG_06(3.0),Sustainable Development Goal 06 - Clean Water and Sanitation,I,A,Annual,SH_H2O_SAFE,6.1.1 Population using safely managed drinking water services,NU,Niue,_T,Total,_T,All ages,_T,National,_T,Total,_T,All education levels,_T,All occupations,_Z,Not applicable,_T,No breakdown by disability,2005,,99.09,,PERCENT,percent,G,Global,_X,Not Available,,,,,,
DATAFLOW,SPC:DF_SDG_06(3.0),Sustainable Development Goal 06 - Clean Water and Sanitation,I,A,Annual,SH_H2O_SAFE,6.1.1 Population using safely managed drinking water services,NU,Niue,_T,Total,_T,All ages,_T,National,_T,Total,_T,All education levels,_T,All occupations,_Z,Not applicable,_T,No breakdown by disability,2006,,98.95,,PERCENT,percent,G,Global,_X,Not Available,,,,,,
DATAFLOW,SPC:DF_SDG_06(3.0),Sustainable Development Goal 06 - Clean Water and Sanitation,I,A,Annual,SH_H2O_SAFE,6.1.1 Population using safely managed drinking water services,NU,Niue,_T,Total,_T,All ages,_T,National,_T,Total,_T,All education levels,_T,All occupations,_Z,Not applicable,_T,No breakdown by disability,2007,,98.8,,PERCENT,percent,G,Global,_X,Not Available,,,,,,
DATAFLOW,SPC:DF_SDG_06(3.0),Sustainable Development Goal 06 - Clean Water and Sanitation,I,A,Annual,SH_H2O_SAFE,6.1.1 Population using safely managed drinking water services,NU,Niue,_T,Total,_T,All ages,_T,National,_T,Total,_T,All education levels,_T,All occupations,_Z,Not applicable,_T,No breakdown by disability,2008,,98.65,,PERCENT,percent,G,Global,_X,Not Available,,,,,,
DATAFLOW,SPC:DF_SDG_06(3.0),Sustainable Development Goal 06 - Clean Water and Sanitation,I,A,Annual,SH_H2O_SAFE,6.1.1 Population using safely managed drinking water services,NU,Niue,_T,Total,_T,All ages,_T,National,_T,Total,_T,All education levels,_T,All occupations,_Z,Not applicable,_T,No breakdown by disability,2009,,98.5,,PERCENT,percent,G,Global,_X,Not Available,,,,,,
DATAFLOW,SPC:DF_SDG_06(3.0),Sustainable Development Goal 06 - Clean Water and Sanitation,I,A,Annual,SH_H2O_SAFE,6.1.1 Population using safely managed drinking water services,NU,Niue,_T,Total,_T,All ages,_T,National,_T,Total,_T,All education levels,_T,All occupations,_Z,Not applicable,_T,No breakdown by disability,2010,,98.35,,PERCENT,percent,G,Global,_X,Not Available,,,,,,
DATAFLOW,SPC:DF_SDG_06(3.0),Sustainable Development Goal 06 - Clean Water and Sanitation,I,A,Annual,SH_H2O_SAFE,6.1.1 Population using safely managed drinking water services,NU,Niue,_T,Total,_T,All ages,_T,National,_T,Total,_T,All education levels,_T,All occupations,_Z,Not applicable,_T,No breakdown by disability,2011,,98.2,,PERCENT,percent,G,Global,_X,Not Available,,,,,,
DATAFLOW,SPC:DF_SDG_06(3.0),Sustainable Development Goal 06 - Clean Water and Sanitation,I,A,Annual,SH_H2O_SAFE,6.1.1 Population using safely managed drinking water services,NU,Niue,_T,Total,_T,All ages,_T,National,_T,Total,_T,All education levels,_T,All occupations,_Z,Not applicable,_T,No breakdown by disability,2012,,98.05,,PERCENT,percent,G,Global,_X,Not Available,,,,,,
DATAFLOW,SPC:DF_SDG_06(3.0),Sustainable Development Goal 06 - Clean Water and Sanitation,I,A,Annual,SH_H2O_SAFE,6.1.1 Population using safely managed drinking water services,NU,Niue,_T,Total,_T,All ages,_T,National,_T,Total,_T,All education levels,_T,All occupations,_Z,Not applicable,_T,No breakdown by disability,2013,,97.9,,PERCENT,percent,G,Global,_X,Not Available,,,,,,
DATAFLOW,SPC:DF_SDG_06(3.0),Sustainable Development Goal 06 - Clean Water and Sanitation,I,A,Annual,SH_H2O_SAFE,6.1.1 Population using safely managed drinking water services,NU,Niue,_T,Total,_T,All ages,_T,National,_T,Total,_T,All education levels,_T,All occupations,_Z,Not applicable,_T,No breakdown by disability,2014,,97.75,,PERCENT,percent,G,Global,_X,Not Available,,,,,,
DATAFLOW,SPC:DF_SDG_06(3.0),Sustainable Development Goal 06 - Clean Water and Sanitation,I,A,Annual,SH_H2O_SAFE,6.1.1 Population using safely managed drinking water services,NU,Niue,_T,Total,_T,All ages,_T,National,_T,Total,_T,All education levels,_T,All occupations,_Z,Not applicable,_T,No breakdown by disability,2015,,97.61,,PERCENT,percent,G,Global,_X,Not Available,,,,,,
DATAFLOW,SPC:DF_SDG_06(3.0),Sustainable Development Goal 06 - Clean Water and Sanitation,I,A,Annual,SH_H2O_SAFE,6.1.1 Population using safely managed drinking water services,NU,Niue,_T,Total,_T,All ages,_T,National,_T,Total,_T,All education levels,_T,All occupations,_Z,Not applicable,_T,No breakdown by disability,2016,,97.46,,PERCENT,percent,G,Global,_X,Not Available,,,,,,
DATAFLOW,SPC:DF_SDG_06(3.0),Sustainable Development Goal 06 - Clean Water and Sanitation,I,A,Annual,SH_H2O_SAFE,6.1.1 Population using safely managed drinking water services,NU,Niue,_T,Total,_T,All ages,_T,National,_T,Total,_T,All education levels,_T,All occupations,_Z,Not applicable,_T,No breakdown by disability,2017,,97.31,,PERCENT,percent,G,Global,_X,Not Available,,,,,,
DATAFLOW,SPC:DF_SDG_06(3.0),Sustainable Development Goal 06 - Clean Water and Sanitation,I,A,Annual,SH_H2O_SAFE,6.1.1 Population using safely managed drinking water services,NU,Niue,_T,Total,_T,All ages,_T,National,_T,Total,_T,All education levels,_T,All occupations,_Z,Not applicable,_T,No breakdown by disability,2018,,97.16,,PERCENT,percent,G,Global,_X,Not Available,,,,,,
DATAFLOW,SPC:DF_SDG_06(3.0),Sustainable Development Goal 06 - Clean Water and Sanitation,I,A,Annual,SH_H2O_SAFE,6.1.1 Population using safely managed drinking water services,NU,Niue,_T,Total,_T,All ages,_T,National,_T,Total,_T,All education levels,_T,All occupations,_Z,Not applicable,_T,No breakdown by disability,2019,,97.01,,PERCENT,percent,G,Global,_X,Not Available,,,,,,
DATAFLOW,SPC:DF_SDG_06(3.0),Sustainable Development Goal 06 - Clean Water and Sanitation,I,A,Annual,SH_H2O_SAFE,6.1.1 Population using safely managed drinking water services,NU,Niue,_T,Total,_T,All ages,_T,National,_T,Total,_T,All education levels,_T,All occupations,_Z,Not applicable,_T,No breakdown by disability,2020,,97.01,,PERCENT,percent,G,Global,_X,Not Available,,,,,,
DATAFLOW,SPC:DF_SDG_06(3.0),Sustainable Development Goal 06 - Clean Water and Sanitation,I,A,Annual,SH_H2O_SAFE,6.1.1 Population using safely managed drinking water services,NU,Niue,_T,Total,_T,All ages,_T,National,_T,Total,_T,All education levels,_T,All occupations,_Z,Not applicable,_T,No breakdown by disability,2021,,97.01,,PERCENT,percent,G,Global,_X,Not Available,,,,,,
DATAFLOW,SPC:DF_SDG_06(3.0),Sustainable Development Goal 06 - Clean Water and Sanitation,I,A,Annual,SH_H2O_SAFE,6.1.1 Population using safely managed drinking water services,NU,Niue,_T,Total,_T,All ages,_T,National,_T,Total,_T,All education levels,_T,All occupations,_Z,Not applicable,_T,No breakdown by disability,2022,,97.01,,PERCENT,percent,G,Global,_X,Not Available,,,,,,
DATAFLOW,SPC:DF_SDG_06(3.0),Sustainable Development Goal 06 - Clean Water and Sanitation,I,A,Annual,SH_H2O_SAFE,6.1.1 Population using safely managed drinking water services,PW,Palau,_T,Total,_T,All ages,_T,National,_T,Total,_T,All education levels,_T,All occupations,_Z,Not applicable,_T,No breakdown by disability,2000,,99.36,,PERCENT,percent,G,Global,_X,Not Available,,,,,,
DATAFLOW,SPC:DF_SDG_06(3.0),Sustainable Development Goal 06 - Clean Water and Sanitation,I,A,Annual,SH_H2O_SAFE,6.1.1 Population using safely managed drinking water services,PW,Palau,_T,Total,_T,All ages,_T,National,_T,Total,_T,All education levels,_T,All occupations,_Z,Not applicable,_T,No breakdown by disability,2001,,99.36,,PERCENT,percent,G,Global,_X,Not Available,,,,,,
DATAFLOW,SPC:DF_SDG_06(3.0),Sustainable Development Goal 06 - Clean Water and Sanitation,I,A,Annual,SH_H2O_SAFE,6.1.1 Population using safely managed drinking water services,PW,Palau,_T,Total,_T,All ages,_T,National,_T,Total,_T,All education levels,_T,All occupations,_Z,Not applicable,_T,No breakdown by disability,2002,,99.37,,PERCENT,percent,G,Global,_X,Not Available,,,,,,
DATAFLOW,SPC:DF_SDG_06(3.0),Sustainable Development Goal 06 - Clean Water and Sanitation,I,A,Annual,SH_H2O_SAFE,6.1.1 Population using safely managed drinking water services,PW,Palau,_T,Total,_T,All ages,_T,National,_T,Total,_T,All education levels,_T,All occupations,_Z,Not applicable,_T,No breakdown by disability,2003,,99.38,,PERCENT,percent,G,Global,_X,Not Available,,,,,,
DATAFLOW,SPC:DF_SDG_06(3.0),Sustainable Development Goal 06 - Clean Water and Sanitation,I,A,Annual,SH_H2O_SAFE,6.1.1 Population using safely managed drinking water services,PW,Palau,_T,Total,_T,All ages,_T,National,_T,Total,_T,All education levels,_T,All occupations,_Z,Not applicable,_T,No breakdown by disability,2004,,99.39,,PERCENT,percent,G,Global,_X,Not Available,,,,,,
DATAFLOW,SPC:DF_SDG_06(3.0),Sustainable Development Goal 06 - Clean Water and Sanitation,I,A,Annual,SH_H2O_SAFE,6.1.1 Population using safely managed drinking water services,PW,Palau,_T,Total,_T,All ages,_T,National,_T,Total,_T,All education levels,_T,All occupations,_Z,Not applicable,_T,No breakdown by disability,2005,,99.41,,PERCENT,percent,G,Global,_X,Not Available,,,,,,
DATAFLOW,SPC:DF_SDG_06(3.0),Sustainable Development Goal 06 - Clean Water and Sanitation,I,A,Annual,SH_H2O_SAFE,6.1.1 Population using safely managed drinking water services,PW,Palau,_T,Total,_T,All ages,_T,National,_T,Total,_T,All education levels,_T,All occupations,_Z,Not applicable,_T,No breakdown by disability,2006,,99.42,,PERCENT,percent,G,Global,_X,Not Available,,,,,,
DATAFLOW,SPC:DF_SDG_06(3.0),Sustainable Development Goal 06 - Clean Water and Sanitation,I,A,Annual,SH_H2O_SAFE,6.1.1 Population using safely managed drinking water services,PW,Palau,_T,Total,_T,All ages,_T,National,_T,Total,_T,All education levels,_T,All occupations,_Z,Not applicable,_T,No breakdown by disability,2007,,99.43,,PERCENT,percent,G,Global,_X,Not Available,,,,,,
DATAFLOW,SPC:DF_SDG_06(3.0),Sustainable Development Goal 06 - Clean Water and Sanitation,I,A,Annual,SH_H2O_SAFE,6.1.1 Population using safely managed drinking water services,PW,Palau,_T,Total,_T,All ages,_T,National,_T,Total,_T,All education levels,_T,All occupations,_Z,Not applicable,_T,No breakdown by disability,2008,,99.45,,PERCENT,percent,G,Global,_X,Not Available,,,,,,
DATAFLOW,SPC:DF_SDG_06(3.0),Sustainable Development Goal 06 - Clean Water and Sanitation,I,A,Annual,SH_H2O_SAFE,6.1.1 Population using safely managed drinking water services,PW,Palau,_T,Total,_T,All ages,_T,National,_T,Total,_T,All education levels,_T,All occupations,_Z,Not applicable,_T,No breakdown by disability,2009,,99.46,,PERCENT,percent,G,Global,_X,Not Available,,,,,,
DATAFLOW,SPC:DF_SDG_06(3.0),Sustainable Development Goal 06 - Clean Water and Sanitation,I,A,Annual,SH_H2O_SAFE,6.1.1 Population using safely managed drinking water services,PW,Palau,_T,Total,_T,All ages,_T,National,_T,Total,_T,All education levels,_T,All occupations,_Z,Not applicable,_T,No breakdown by disability,2010,,99.47,,PERCENT,percent,G,Global,_X,Not Available,,,,,,
DATAFLOW,SPC:DF_SDG_06(3.0),Sustainable Development Goal 06 - Clean Water and Sanitation,I,A,Annual,SH_H2O_SAFE,6.1.1 Population using safely managed drinking water services,PW,Palau,_T,Total,_T,All ages,_T,National,_T,Total,_T,All education levels,_T,All occupations,_Z,Not applicable,_T,No breakdown by disability,2011,,99.48,,PERCENT,percent,G,Global,_X,Not Available,,,,,,
DATAFLOW,SPC:DF_SDG_06(3.0),Sustainable Development Goal 06 - Clean Water and Sanitation,I,A,Annual,SH_H2O_SAFE,6.1.1 Population using safely managed drinking water services,PW,Palau,_T,Total,_T,All ages,_T,National,_T,Total,_T,All education levels,_T,All occupations,_Z,Not applicable,_T,No breakdown by disability,2012,,99.49,,PERCENT,percent,G,Global,_X,Not Available,,,,,,
DATAFLOW,SPC:DF_SDG_06(3.0),Sustainable Development Goal 06 - Clean Water and Sanitation,I,A,Annual,SH_H2O_SAFE,6.1.1 Population using safely managed drinking water services,PW,Palau,_T,Total,_T,All ages,_T,National,_T,Total,_T,All education levels,_T,All occupations,_Z,Not applicable,_T,No breakdown by disability,2013,,99.5,,PERCENT,percent,G,Global,_X,Not Available,,,,,,
DATAFLOW,SPC:DF_SDG_06(3.0),Sustainable Development Goal 06 - Clean Water and Sanitation,I,A,Annual,SH_H2O_SAFE,6.1.1 Population using safely managed drinking water services,PW,Palau,_T,Total,_T,All ages,_T,National,_T,Total,_T,All education levels,_T,All occupations,_Z,Not applicable,_T,No breakdown by disability,2014,,99.51,,PERCENT,percent,G,Global,_X,Not Available,,,,,,
DATAFLOW,SPC:DF_SDG_06(3.0),Sustainable Development Goal 06 - Clean Water and Sanitation,I,A,Annual,SH_H2O_SAFE,6.1.1 Population using safely managed drinking water services,PW,Palau,_T,Total,_T,All ages,_T,National,_T,Total,_T,All education levels,_T,All occupations,_Z,Not applicable,_T,No breakdown by disability,2015,,99.52,,PERCENT,percent,G,Global,_X,Not Available,,,,,,
DATAFLOW,SPC:DF_SDG_06(3.0),Sustainable Development Goal 06 - Clean Water and Sanitation,I,A,Annual,SH_H2O_SAFE,6.1.1 Population using safely managed drinking water services,PW,Palau,_T,Total,_T,All ages,_T,National,_T,Total,_T,All education levels,_T,All occupations,_Z,Not applicable,_T,No breakdown by disability,2016,,99.53,,PERCENT,percent,G,Global,_X,Not Available,,,,,,
DATAFLOW,SPC:DF_SDG_06(3.0),Sustainable Development Goal 06 - Clean Water and Sanitation,I,A,Annual,SH_H2O_SAFE,6.1.1 Population using safely managed drinking water services,PW,Palau,_T,Total,_T,All ages,_T,National,_T,Total,_T,All education levels,_T,All occupations,_Z,Not applicable,_T,No breakdown by disability,2017,,99.54,,PERCENT,percent,G,Global,_X,Not Available,,,,,,
DATAFLOW,SPC:DF_SDG_06(3.0),Sustainable Development Goal 06 - Clean Water and Sanitation,I,A,Annual,SH_H2O_SAFE,6.1.1 Population using safely managed drinking water services,PW,Palau,_T,Total,_T,All ages,_T,National,_T,Total,_T,All education levels,_T,All occupations,_Z,Not applicable,_T,No breakdown by disability,2018,,99.54,,PERCENT,percent,G,Global,_X,Not Available,,,,,,
DATAFLOW,SPC:DF_SDG_06(3.0),Sustainable Development Goal 06 - Clean Water and Sanitation,I,A,Annual,SH_H2O_SAFE,6.1.1 Population using safely managed drinking water services,PW,Palau,_T,Total,_T,All ages,_T,National,_T,Total,_T,All education levels,_T,All occupations,_Z,Not applicable,_T,No breakdown by disability,2019,,99.55,,PERCENT,percent,G,Global,_X,Not Available,,,,,,
DATAFLOW,SPC:DF_SDG_06(3.0),Sustainable Development Goal 06 - Clean Water and Sanitation,I,A,Annual,SH_H2O_SAFE,6.1.1 Population using safely managed drinking water services,PW,Palau,_T,Total,_T,All ages,_T,National,_T,Total,_T,All education levels,_T,All occupations,_Z,Not applicable,_T,No breakdown by disability,2020,,99.56,,PERCENT,percent,G,Global,_X,Not Available,,,,,,
DATAFLOW,SPC:DF_SDG_06(3.0),Sustainable Development Goal 06 - Clean Water and Sanitation,I,A,Annual,SH_H2O_SAFE,6.1.1 Population using safely managed drinking water services,PW,Palau,_T,Total,_T,All ages,_T,National,_T,Total,_T,All education levels,_T,All occupations,_Z,Not applicable,_T,No breakdown by disability,2021,,99.56,,PERCENT,percent,G,Global,_X,Not Available,,,,,,
DATAFLOW,SPC:DF_SDG_06(3.0),Sustainable Development Goal 06 - Clean Water and Sanitation,I,A,Annual,SH_H2O_SAFE,6.1.1 Population using safely managed drinking water services,PW,Palau,_T,Total,_T,All ages,_T,National,_T,Total,_T,All education levels,_T,All occupations,_Z,Not applicable,_T,No breakdown by disability,2022,,99.57,,PERCENT,percent,G,Global,_X,Not Available,,,,,,
DATAFLOW,SPC:DF_SDG_06(3.0),Sustainable Development Goal 06 - Clean Water and Sanitation,I,A,Annual,SH_H2O_SAFE,6.1.1 Population using safely managed drinking water services,FM,Micronesia (Federated States of),_T,Total,_T,All ages,_T,National,_T,Total,_T,All education levels,_T,All occupations,_Z,Not applicable,_T,No breakdown by disability,2000,,91.09,,PERCENT,percent,G,Global,_X,Not Available,,,,,,
DATAFLOW,SPC:DF_SDG_06(3.0),Sustainable Development Goal 06 - Clean Water and Sanitation,I,A,Annual,SH_H2O_SAFE,6.1.1 Population using safely managed drinking water services,FM,Micronesia (Federated States of),_T,Total,_T,All ages,_T,National,_T,Total,_T,All education levels,_T,All occupations,_Z,Not applicable,_T,No breakdown by disability,2001,,91.03,,PERCENT,percent,G,Global,_X,Not Available,,,,,,
DATAFLOW,SPC:DF_SDG_06(3.0),Sustainable Development Goal 06 - Clean Water and Sanitation,I,A,Annual,SH_H2O_SAFE,6.1.1 Population using safely managed drinking water services,FM,Micronesia (Federated States of),_T,Total,_T,All ages,_T,National,_T,Total,_T,All education levels,_T,All occupations,_Z,Not applicable,_T,No breakdown by disability,2002,,90.97,,PERCENT,percent,G,Global,_X,Not Available,,,,,,
DATAFLOW,SPC:DF_SDG_06(3.0),Sustainable Development Goal 06 - Clean Water and Sanitation,I,A,Annual,SH_H2O_SAFE,6.1.1 Population using safely managed drinking water services,FM,Micronesia (Federated States of),_T,Total,_T,All ages,_T,National,_T,Total,_T,All education levels,_T,All occupations,_Z,Not applicable,_T,No breakdown by disability,2003,,90.91,,PERCENT,percent,G,Global,_X,Not Available,,,,,,
DATAFLOW,SPC:DF_SDG_06(3.0),Sustainable Development Goal 06 - Clean Water and Sanitation,I,A,Annual,SH_H2O_SAFE,6.1.1 Population using safely managed drinking water services,FM,Micronesia (Federated States of),_T,Total,_T,All ages,_T,National,_T,Total,_T,All education levels,_T,All occupations,_Z,Not applicable,_T,No breakdown by disability,2004,,90.85,,PERCENT,percent,G,Global,_X,Not Available,,,,,,
DATAFLOW,SPC:DF_SDG_06(3.0),Sustainable Development Goal 06 - Clean Water and Sanitation,I,A,Annual,SH_H2O_SAFE,6.1.1 Population using safely managed drinking water services,FM,Micronesia (Federated States of),_T,Total,_T,All ages,_T,National,_T,Total,_T,All education levels,_T,All occupations,_Z,Not applicable,_T,No breakdown by disability,2005,,90.78,,PERCENT,percent,G,Global,_X,Not Available,,,,,,
DATAFLOW,SPC:DF_SDG_06(3.0),Sustainable Development Goal 06 - Clean Water and Sanitation,I,A,Annual,SH_H2O_SAFE,6.1.1 Population using safely managed drinking water services,FM,Micronesia (Federated States of),_T,Total,_T,All ages,_T,National,_T,Total,_T,All education levels,_T,All occupations,_Z,Not applicable,_T,No breakdown by disability,2006,,90.72,,PERCENT,percent,G,Global,_X,Not Available,,,,,,
DATAFLOW,SPC:DF_SDG_06(3.0),Sustainable Development Goal 06 - Clean Water and Sanitation,I,A,Annual,SH_H2O_SAFE,6.1.1 Population using safely managed drinking water services,FM,Micronesia (Federated States of),_T,Total,_T,All ages,_T,National,_T,Total,_T,All education levels,_T,All occupations,_Z,Not applicable,_T,No breakdown by disability,2007,,90.66,,PERCENT,percent,G,Global,_X,Not Available,,,,,,
DATAFLOW,SPC:DF_SDG_06(3.0),Sustainable Development Goal 06 - Clean Water and Sanitation,I,A,Annual,SH_H2O_SAFE,6.1.1 Population using safely managed drinking water services,FM,Micronesia (Federated States of),_T,Total,_T,All ages,_T,National,_T,Total,_T,All education levels,_T,All occupations,_Z,Not applicable,_T,No breakdown by disability,2008,,90.6,,PERCENT,percent,G,Global,_X,Not Available,,,,,,
DATAFLOW,SPC:DF_SDG_06(3.0),Sustainable Development Goal 06 - Clean Water and Sanitation,I,A,Annual,SH_H2O_SAFE,6.1.1 Population using safely managed drinking water services,FM,Micronesia (Federated States of),_T,Total,_T,All ages,_T,National,_T,Total,_T,All education levels,_T,All occupations,_Z,Not applicable,_T,No breakdown by disability,2009,,90.54,,PERCENT,percent,G,Global,_X,Not Available,,,,,,
DATAFLOW,SPC:DF_SDG_06(3.0),Sustainable Development Goal 06 - Clean Water and Sanitation,I,A,Annual,SH_H2O_SAFE,6.1.1 Population using safely managed drinking water services,FM,Micronesia (Federated States of),_T,Total,_T,All ages,_T,National,_T,Total,_T,All education levels,_T,All occupations,_Z,Not applicable,_T,No breakdown by disability,2010,,90.48,,PERCENT,percent,G,Global,_X,Not Available,,,,,,
DATAFLOW,SPC:DF_SDG_06(3.0),Sustainable Development Goal 06 - Clean Water and Sanitation,I,A,Annual,SH_H2O_SAFE,6.1.1 Population using safely managed drinking water services,FM,Micronesia (Federated States of),_T,Total,_T,All ages,_T,National,_T,Total,_T,All education levels,_T,All occupations,_Z,Not applicable,_T,No breakdown by disability,2011,,90.42,,PERCENT,percent,G,Global,_X,Not Available,,,,,,
DATAFLOW,SPC:DF_SDG_06(3.0),Sustainable Development Goal 06 - Clean Water and Sanitation,I,A,Annual,SH_H2O_SAFE,6.1.1 Population using safely managed drinking water services,FM,Micronesia (Federated States of),_T,Total,_T,All ages,_T,National,_T,Total,_T,All education levels,_T,All occupations,_Z,Not applicable,_T,No breakdown by disability,2012,,90.36,,PERCENT,percent,G,Global,_X,Not Available,,,,,,
DATAFLOW,SPC:DF_SDG_06(3.0),Sustainable Development Goal 06 - Clean Water and Sanitation,I,A,Annual,SH_H2O_SAFE,6.1.1 Population using safely managed drinking water services,FM,Micronesia (Federated States of),_T,Total,_T,All ages,_T,National,_T,Total,_T,All education levels,_T,All occupations,_Z,Not applicable,_T,No breakdown by disability,2013,,90.3,,PERCENT,percent,G,Global,_X,Not Available,,,,,,
DATAFLOW,SPC:DF_SDG_06(3.0),Sustainable Development Goal 06 - Clean Water and Sanitation,I,A,Annual,SH_H2O_SAFE,6.1.1 Population using safely managed drinking water services,FM,Micronesia (Federated States of),_T,Total,_T,All ages,_T,National,_T,Total,_T,All education levels,_T,All occupations,_Z,Not applicable,_T,No breakdown by disability,2014,,90.24,,PERCENT,percent,G,Global,_X,Not Available,,,,,,
DATAFLOW,SPC:DF_SDG_06(3.0),Sustainable Development Goal 06 - Clean Water and Sanitation,I,A,Annual,SH_H2O_SAFE,6.1.1 Population using safely managed drinking water services,FM,Micronesia (Federated States of),_T,Total,_T,All ages,_T,National,_T,Total,_T,All education levels,_T,All occupations,_Z,Not applicable,_T,No breakdown by disability,2015,,90.18,,PERCENT,percent,G,Global,_X,Not Available,,,,,,
DATAFLOW,SPC:DF_SDG_06(3.0),Sustainable Development Goal 06 - Clean Water and Sanitation,I,A,Annual,SH_H2O_SAFE,6.1.1 Population using safely managed drinking water services,FM,Micronesia (Federated States of),_T,Total,_T,All ages,_T,National,_T,Total,_T,All education levels,_T,All occupations,_Z,Not applicable,_T,No breakdown by disability,2016,,90.11,,PERCENT,percent,G,Global,_X,Not Available,,,,,,
DATAFLOW,SPC:DF_SDG_06(3.0),Sustainable Development Goal 06 - Clean Water and Sanitation,I,A,Annual,SH_H2O_SAFE,6.1.1 Population using safely managed drinking water services,FM,Micronesia (Federated States of),_T,Total,_T,All ages,_T,National,_T,Total,_T,All education levels,_T,All occupations,_Z,Not applicable,_T,No breakdown by disability,2017,,90.11,,PERCENT,percent,G,Global,_X,Not Available,,,,,,
DATAFLOW,SPC:DF_SDG_06(3.0),Sustainable Development Goal 06 - Clean Water and Sanitation,I,A,Annual,SH_H2O_SAFE,6.1.1 Population using safely managed drinking water services,FM,Micronesia (Federated States of),_T,Total,_T,All ages,_T,National,_T,Total,_T,All education levels,_T,All occupations,_Z,Not applicable,_T,No breakdown by disability,2018,,90.11,,PERCENT,percent,G,Global,_X,Not Available,,,,,,
DATAFLOW,SPC:DF_SDG_06(3.0),Sustainable Development Goal 06 - Clean Water and Sanitation,I,A,Annual,SH_H2O_SAFE,6.1.1 Population using safely managed drinking water services,FM,Micronesia (Federated States of),_T,Total,_T,All ages,_T,National,_T,Total,_T,All education levels,_T,All occupations,_Z,Not applicable,_T,No breakdown by disability,2019,,90.11,,PERCENT,percent,G,Global,_X,Not Available,,,,,,
DATAFLOW,SPC:DF_SDG_06(3.0),Sustainable Development Goal 06 - Clean Water and Sanitation,I,A,Annual,SH_H2O_SAFE,6.1.1 Population using safely managed drinking water services,FM,Micronesia (Federated States of),_T,Total,_T,All ages,_T,National,_T,Total,_T,All education levels,_T,All occupations,_Z,Not applicable,_T,No breakdown by disability,2020,,90.11,,PERCENT,percent,G,Global,_X,Not Available,,,,,,
DATAFLOW,SPC:DF_SDG_06(3.0),Sustainable Development Goal 06 - Clean Water and Sanitation,I,A,Annual,SH_H2O_SAFE,6.1.1 Population using safely managed drinking water services,SB,Solomon Islands,_T,Total,_T,All ages,_T,National,_T,Total,_T,All education levels,_T,All occupations,_Z,Not applicable,_T,No breakdown by disability,2000,,78.68,,PERCENT,percent,G,Global,_X,Not Available,,,,,,
DATAFLOW,SPC:DF_SDG_06(3.0),Sustainable Development Goal 06 - Clean Water and Sanitation,I,A,Annual,SH_H2O_SAFE,6.1.1 Population using safely managed drinking water services,SB,Solomon Islands,_T,Total,_T,All ages,_T,National,_T,Total,_T,All education levels,_T,All occupations,_Z,Not applicable,_T,No breakdown by disability,2001,,78.74,,PERCENT,percent,G,Global,_X,Not Available,,,,,,
DATAFLOW,SPC:DF_SDG_06(3.0),Sustainable Development Goal 06 - Clean Water and Sanitation,I,A,Annual,SH_H2O_SAFE,6.1.1 Population using safely managed drinking water services,SB,Solomon Islands,_T,Total,_T,All ages,_T,National,_T,Total,_T,All education levels,_T,All occupations,_Z,Not applicable,_T,No breakdown by disability,2002,,78.79,,PERCENT,percent,G,Global,_X,Not Available,,,,,,
DATAFLOW,SPC:DF_SDG_06(3.0),Sustainable Development Goal 06 - Clean Water and Sanitation,I,A,Annual,SH_H2O_SAFE,6.1.1 Population using safely managed drinking water services,SB,Solomon Islands,_T,Total,_T,All ages,_T,National,_T,Total,_T,All education levels,_T,All occupations,_Z,Not applicable,_T,No breakdown by disability,2003,,78.85,,PERCENT,percent,G,Global,_X,Not Available,,,,,,
DATAFLOW,SPC:DF_SDG_06(3.0),Sustainable Development Goal 06 - Clean Water and Sanitation,I,A,Annual,SH_H2O_SAFE,6.1.1 Population using safely managed drinking water services,SB,Solomon Islands,_T,Total,_T,All ages,_T,National,_T,Total,_T,All education levels,_T,All occupations,_Z,Not applicable,_T,No breakdown by disability,2004,,78.91,,PERCENT,percent,G,Global,_X,Not Available,,,,,,
DATAFLOW,SPC:DF_SDG_06(3.0),Sustainable Development Goal 06 - Clean Water and Sanitation,I,A,Annual,SH_H2O_SAFE,6.1.1 Population using safely managed drinking water services,SB,Solomon Islands,_T,Total,_T,All ages,_T,National,_T,Total,_T,All education levels,_T,All occupations,_Z,Not applicable,_T,No breakdown by disability,2005,,78.11,,PERCENT,percent,G,Global,_X,Not Available,,,,,,
DATAFLOW,SPC:DF_SDG_06(3.0),Sustainable Development Goal 06 - Clean Water and Sanitation,I,A,Annual,SH_H2O_SAFE,6.1.1 Population using safely managed drinking water services,SB,Solomon Islands,_T,Total,_T,All ages,_T,National,_T,Total,_T,All education levels,_T,All occupations,_Z,Not applicable,_T,No breakdown by disability,2006,,77.15,,PERCENT,percent,G,Global,_X,Not Available,,,,,,
DATAFLOW,SPC:DF_SDG_06(3.0),Sustainable Development Goal 06 - Clean Water and Sanitation,I,A,Annual,SH_H2O_SAFE,6.1.1 Population using safely managed drinking water services,SB,Solomon Islands,_T,Total,_T,All ages,_T,National,_T,Total,_T,All education levels,_T,All occupations,_Z,Not applicable,_T,No breakdown by disability,2007,,76.21,,PERCENT,percent,G,Global,_X,Not Available,,,,,,
DATAFLOW,SPC:DF_SDG_06(3.0),Sustainable Development Goal 06 - Clean Water and Sanitation,I,A,Annual,SH_H2O_SAFE,6.1.1 Population using safely managed drinking water services,SB,Solomon Islands,_T,Total,_T,All ages,_T,National,_T,Total,_T,All education levels,_T,All occupations,_Z,Not applicable,_T,No breakdown by disability,2008,,75.29,,PERCENT,percent,G,Global,_X,Not Available,,,,,,
DATAFLOW,SPC:DF_SDG_06(3.0),Sustainable Development Goal 06 - Clean Water and Sanitation,I,A,Annual,SH_H2O_SAFE,6.1.1 Population using safely managed drinking water services,SB,Solomon Islands,_T,Total,_T,All ages,_T,National,_T,Total,_T,All education levels,_T,All occupations,_Z,Not applicable,_T,No breakdown by disability,2009,,74.39,,PERCENT,percent,G,Global,_X,Not Available,,,,,,
DATAFLOW,SPC:DF_SDG_06(3.0),Sustainable Development Goal 06 - Clean Water and Sanitation,I,A,Annual,SH_H2O_SAFE,6.1.1 Population using safely managed drinking water services,SB,Solomon Islands,_T,Total,_T,All ages,_T,National,_T,Total,_T,All education levels,_T,All occupations,_Z,Not applicable,_T,No breakdown by disability,2010,,73.5,,PERCENT,percent,G,Global,_X,Not Available,,,,,,
DATAFLOW,SPC:DF_SDG_06(3.0),Sustainable Development Goal 06 - Clean Water and Sanitation,I,A,Annual,SH_H2O_SAFE,6.1.1 Population using safely managed drinking water services,SB,Solomon Islands,_T,Total,_T,All ages,_T,National,_T,Total,_T,All education levels,_T,All occupations,_Z,Not applicable,_T,No breakdown by disability,2011,,72.63,,PERCENT,percent,G,Global,_X,Not Available,,,,,,
DATAFLOW,SPC:DF_SDG_06(3.0),Sustainable Development Goal 06 - Clean Water and Sanitation,I,A,Annual,SH_H2O_SAFE,6.1.1 Population using safely managed drinking water services,SB,Solomon Islands,_T,Total,_T,All ages,_T,National,_T,Total,_T,All education levels,_T,All occupations,_Z,Not applicable,_T,No breakdown by disability,2012,,71.78,,PERCENT,percent,G,Global,_X,Not Available,,,,,,
DATAFLOW,SPC:DF_SDG_06(3.0),Sustainable Development Goal 06 - Clean Water and Sanitation,I,A,Annual,SH_H2O_SAFE,6.1.1 Population using safely managed drinking water services,SB,Solomon Islands,_T,Total,_T,All ages,_T,National,_T,Total,_T,All education levels,_T,All occupations,_Z,Not applicable,_T,No breakdown by disability,2013,,70.95,,PERCENT,percent,G,Global,_X,Not Available,,,,,,
DATAFLOW,SPC:DF_SDG_06(3.0),Sustainable Development Goal 06 - Clean Water and Sanitation,I,A,Annual,SH_H2O_SAFE,6.1.1 Population using safely managed drinking water services,SB,Solomon Islands,_T,Total,_T,All ages,_T,National,_T,Total,_T,All education levels,_T,All occupations,_Z,Not applicable,_T,No breakdown by disability,2014,,70.13,,PERCENT,percent,G,Global,_X,Not Available,,,,,,
DATAFLOW,SPC:DF_SDG_06(3.0),Sustainable Development Goal 06 - Clean Water and Sanitation,I,A,Annual,SH_H2O_SAFE,6.1.1 Population using safely managed drinking water services,SB,Solomon Islands,_T,Total,_T,All ages,_T,National,_T,Total,_T,All education levels,_T,All occupations,_Z,Not applicable,_T,No breakdown by disability,2015,,69.33,,PERCENT,percent,G,Global,_X,Not Available,,,,,,
DATAFLOW,SPC:DF_SDG_06(3.0),Sustainable Development Goal 06 - Clean Water and Sanitation,I,A,Annual,SH_H2O_SAFE,6.1.1 Population using safely managed drinking water services,SB,Solomon Islands,_T,Total,_T,All ages,_T,National,_T,Total,_T,All education levels,_T,All occupations,_Z,Not applicable,_T,No breakdown by disability,2016,,68.54,,PERCENT,percent,G,Global,_X,Not Available,,,,,,
DATAFLOW,SPC:DF_SDG_06(3.0),Sustainable Development Goal 06 - Clean Water and Sanitation,I,A,Annual,SH_H2O_SAFE,6.1.1 Population using safely managed drinking water services,SB,Solomon Islands,_T,Total,_T,All ages,_T,National,_T,Total,_T,All education levels,_T,All occupations,_Z,Not applicable,_T,No breakdown by disability,2017,,67.78,,PERCENT,percent,G,Global,_X,Not Available,,,,,,
DATAFLOW,SPC:DF_SDG_06(3.0),Sustainable Development Goal 06 - Clean Water and Sanitation,I,A,Annual,SH_H2O_SAFE,6.1.1 Population using safely managed drinking water services,SB,Solomon Islands,_T,Total,_T,All ages,_T,National,_T,Total,_T,All education levels,_T,All occupations,_Z,Not applicable,_T,No breakdown by disability,2018,,67.01,,PERCENT,percent,G,Global,_X,Not Available,,,,,,
DATAFLOW,SPC:DF_SDG_06(3.0),Sustainable Development Goal 06 - Clean Water and Sanitation,I,A,Annual,SH_H2O_SAFE,6.1.1 Population using safely managed drinking water services,SB,Solomon Islands,_T,Total,_T,All ages,_T,National,_T,Total,_T,All education levels,_T,All occupations,_Z,Not applicable,_T,No breakdown by disability,2019,,67.15,,PERCENT,percent,G,Global,_X,Not Available,,,,,,
DATAFLOW,SPC:DF_SDG_06(3.0),Sustainable Development Goal 06 - Clean Water and Sanitation,I,A,Annual,SH_H2O_SAFE,6.1.1 Population using safely managed drinking water services,SB,Solomon Islands,_T,Total,_T,All ages,_T,National,_T,Total,_T,All education levels,_T,All occupations,_Z,Not applicable,_T,No breakdown by disability,2020,,67.3,,PERCENT,percent,G,Global,_X,Not Available,,,,,,
DATAFLOW,SPC:DF_SDG_06(3.0),Sustainable Development Goal 06 - Clean Water and Sanitation,I,A,Annual,SH_H2O_SAFE,6.1.1 Population using safely managed drinking water services,SB,Solomon Islands,_T,Total,_T,All ages,_T,National,_T,Total,_T,All education levels,_T,All occupations,_Z,Not applicable,_T,No breakdown by disability,2021,,67.45,,PERCENT,percent,G,Global,_X,Not Available,,,,,,
DATAFLOW,SPC:DF_SDG_06(3.0),Sustainable Development Goal 06 - Clean Water and Sanitation,I,A,Annual,SH_H2O_SAFE,6.1.1 Population using safely managed drinking water services,PG,Papua New Guinea,_T,Total,_T,All ages,_T,National,_T,Total,_T,All education levels,_T,All occupations,_Z,Not applicable,_T,No breakdown by disability,2000,,31.75,,PERCENT,percent,G,Global,_X,Not Available,,,,,,
DATAFLOW,SPC:DF_SDG_06(3.0),Sustainable Development Goal 06 - Clean Water and Sanitation,I,A,Annual,SH_H2O_SAFE,6.1.1 Population using safely managed drinking water services,PG,Papua New Guinea,_T,Total,_T,All ages,_T,National,_T,Total,_T,All education levels,_T,All occupations,_Z,Not applicable,_T,No breakdown by disability,2001,,31.74,,PERCENT,percent,G,Global,_X,Not Available,,,,,,
DATAFLOW,SPC:DF_SDG_06(3.0),Sustainable Development Goal 06 - Clean Water and Sanitation,I,A,Annual,SH_H2O_SAFE,6.1.1 Population using safely managed drinking water services,PG,Papua New Guinea,_T,Total,_T,All ages,_T,National,_T,Total,_T,All education levels,_T,All occupations,_Z,Not applicable,_T,No breakdown by disability,2002,,31.73,,PERCENT,percent,G,Global,_X,Not Available,,,,,,
DATAFLOW,SPC:DF_SDG_06(3.0),Sustainable Development Goal 06 - Clean Water and Sanitation,I,A,Annual,SH_H2O_SAFE,6.1.1 Population using safely managed drinking water services,PG,Papua New Guinea,_T,Total,_T,All ages,_T,National,_T,Total,_T,All education levels,_T,All occupations,_Z,Not applicable,_T,No breakdown by disability,2003,,31.72,,PERCENT,percent,G,Global,_X,Not Available,,,,,,
DATAFLOW,SPC:DF_SDG_06(3.0),Sustainable Development Goal 06 - Clean Water and Sanitation,I,A,Annual,SH_H2O_SAFE,6.1.1 Population using safely managed drinking water services,PG,Papua New Guinea,_T,Total,_T,All ages,_T,National,_T,Total,_T,All education levels,_T,All occupations,_Z,Not applicable,_T,No breakdown by disability,2004,,31.71,,PERCENT,percent,G,Global,_X,Not Available,,,,,,
DATAFLOW,SPC:DF_SDG_06(3.0),Sustainable Development Goal 06 - Clean Water and Sanitation,I,A,Annual,SH_H2O_SAFE,6.1.1 Population using safely managed drinking water services,PG,Papua New Guinea,_T,Total,_T,All ages,_T,National,_T,Total,_T,All education levels,_T,All occupations,_Z,Not applicable,_T,No breakdown by disability,2005,,32.74,,PERCENT,percent,G,Global,_X,Not Available,,,,,,
DATAFLOW,SPC:DF_SDG_06(3.0),Sustainable Development Goal 06 - Clean Water and Sanitation,I,A,Annual,SH_H2O_SAFE,6.1.1 Population using safely managed drinking water services,PG,Papua New Guinea,_T,Total,_T,All ages,_T,National,_T,Total,_T,All education levels,_T,All occupations,_Z,Not applicable,_T,No breakdown by disability,2006,,33.77,,PERCENT,percent,G,Global,_X,Not Available,,,,,,
DATAFLOW,SPC:DF_SDG_06(3.0),Sustainable Development Goal 06 - Clean Water and Sanitation,I,A,Annual,SH_H2O_SAFE,6.1.1 Population using safely managed drinking water services,PG,Papua New Guinea,_T,Total,_T,All ages,_T,National,_T,Total,_T,All education levels,_T,All occupations,_Z,Not applicable,_T,No breakdown by disability,2007,,34.8,,PERCENT,percent,G,Global,_X,Not Available,,,,,,
DATAFLOW,SPC:DF_SDG_06(3.0),Sustainable Development Goal 06 - Clean Water and Sanitation,I,A,Annual,SH_H2O_SAFE,6.1.1 Population using safely managed drinking water services,PG,Papua New Guinea,_T,Total,_T,All ages,_T,National,_T,Total,_T,All education levels,_T,All occupations,_Z,Not applicable,_T,No breakdown by disability,2008,,35.83,,PERCENT,percent,G,Global,_X,Not Available,,,,,,
DATAFLOW,SPC:DF_SDG_06(3.0),Sustainable Development Goal 06 - Clean Water and Sanitation,I,A,Annual,SH_H2O_SAFE,6.1.1 Population using safely managed drinking water services,PG,Papua New Guinea,_T,Total,_T,All ages,_T,National,_T,Total,_T,All education levels,_T,All occupations,_Z,Not applicable,_T,No breakdown by disability,2009,,36.86,,PERCENT,percent,G,Global,_X,Not Available,,,,,,
DATAFLOW,SPC:DF_SDG_06(3.0),Sustainable Development Goal 06 - Clean Water and Sanitation,I,A,Annual,SH_H2O_SAFE,6.1.1 Population using safely managed drinking water services,PG,Papua New Guinea,_T,Total,_T,All ages,_T,National,_T,Total,_T,All education levels,_T,All occupations,_Z,Not applicable,_T,No breakdown by disability,2010,,37.88,,PERCENT,percent,G,Global,_X,Not Available,,,,,,
DATAFLOW,SPC:DF_SDG_06(3.0),Sustainable Development Goal 06 - Clean Water and Sanitation,I,A,Annual,SH_H2O_SAFE,6.1.1 Population using safely managed drinking water services,PG,Papua New Guinea,_T,Total,_T,All ages,_T,National,_T,Total,_T,All education levels,_T,All occupations,_Z,Not applicable,_T,No breakdown by disability,2011,,38.9,,PERCENT,percent,G,Global,_X,Not Available,,,,,,
DATAFLOW,SPC:DF_SDG_06(3.0),Sustainable Development Goal 06 - Clean Water and Sanitation,I,A,Annual,SH_H2O_SAFE,6.1.1 Population using safely managed drinking water services,PG,Papua New Guinea,_T,Total,_T,All ages,_T,National,_T,Total,_T,All education levels,_T,All occupations,_Z,Not applicable,_T,No breakdown by disability,2012,,39.91,,PERCENT,percent,G,Global,_X,Not Available,,,,,,
DATAFLOW,SPC:DF_SDG_06(3.0),Sustainable Development Goal 06 - Clean Water and Sanitation,I,A,Annual,SH_H2O_SAFE,6.1.1 Population using safely managed drinking water services,PG,Papua New Guinea,_T,Total,_T,All ages,_T,National,_T,Total,_T,All education levels,_T,All occupations,_Z,Not applicable,_T,No breakdown by disability,2013,,40.93,,PERCENT,percent,G,Global,_X,Not Available,,,,,,
DATAFLOW,SPC:DF_SDG_06(3.0),Sustainable Development Goal 06 - Clean Water and Sanitation,I,A,Annual,SH_H2O_SAFE,6.1.1 Population using safely managed drinking water services,PG,Papua New Guinea,_T,Total,_T,All ages,_T,National,_T,Total,_T,All education levels,_T,All occupations,_Z,Not applicable,_T,No breakdown by disability,2014,,41.95,,PERCENT,percent,G,Global,_X,Not Available,,,,,,
DATAFLOW,SPC:DF_SDG_06(3.0),Sustainable Development Goal 06 - Clean Water and Sanitation,I,A,Annual,SH_H2O_SAFE,6.1.1 Population using safely managed drinking water services,PG,Papua New Guinea,_T,Total,_T,All ages,_T,National,_T,Total,_T,All education levels,_T,All occupations,_Z,Not applicable,_T,No breakdown by disability,2015,,42.97,,PERCENT,percent,G,Global,_X,Not Available,,,,,,
DATAFLOW,SPC:DF_SDG_06(3.0),Sustainable Development Goal 06 - Clean Water and Sanitation,I,A,Annual,SH_H2O_SAFE,6.1.1 Population using safely managed drinking water services,PG,Papua New Guinea,_T,Total,_T,All ages,_T,National,_T,Total,_T,All education levels,_T,All occupations,_Z,Not applicable,_T,No breakdown by disability,2016,,43.99,,PERCENT,percent,G,Global,_X,Not Available,,,,,,
DATAFLOW,SPC:DF_SDG_06(3.0),Sustainable Development Goal 06 - Clean Water and Sanitation,I,A,Annual,SH_H2O_SAFE,6.1.1 Population using safely managed drinking water services,PG,Papua New Guinea,_T,Total,_T,All ages,_T,National,_T,Total,_T,All education levels,_T,All occupations,_Z,Not applicable,_T,No breakdown by disability,2017,,45.02,,PERCENT,percent,G,Global,_X,Not Available,,,,,,
DATAFLOW,SPC:DF_SDG_06(3.0),Sustainable Development Goal 06 - Clean Water and Sanitation,I,A,Annual,SH_H2O_SAFE,6.1.1 Population using safely managed drinking water services,PG,Papua New Guinea,_T,Total,_T,All ages,_T,National,_T,Total,_T,All education levels,_T,All occupations,_Z,Not applicable,_T,No breakdown by disability,2018,,46.05,,PERCENT,percent,G,Global,_X,Not Available,,,,,,
DATAFLOW,SPC:DF_SDG_06(3.0),Sustainable Development Goal 06 - Clean Water and Sanitation,I,A,Annual,SH_H2O_SAFE,6.1.1 Population using safely managed drinking water services,PG,Papua New Guinea,_T,Total,_T,All ages,_T,National,_T,Total,_T,All education levels,_T,All occupations,_Z,Not applicable,_T,No breakdown by disability,2019,,47.08,,PERCENT,percent,G,Global,_X,Not Available,,,,,,
DATAFLOW,SPC:DF_SDG_06(3.0),Sustainable Development Goal 06 - Clean Water and Sanitation,I,A,Annual,SH_H2O_SAFE,6.1.1 Population using safely managed drinking water services,PG,Papua New Guinea,_T,Total,_T,All ages,_T,National,_T,Total,_T,All education levels,_T,All occupations,_Z,Not applicable,_T,No breakdown by disability,2020,,48.11,,PERCENT,percent,G,Global,_X,Not Available,,,,,,
DATAFLOW,SPC:DF_SDG_06(3.0),Sustainable Development Goal 06 - Clean Water and Sanitation,I,A,Annual,SH_H2O_SAFE,6.1.1 Population using safely managed drinking water services,PG,Papua New Guinea,_T,Total,_T,All ages,_T,National,_T,Total,_T,All education levels,_T,All occupations,_Z,Not applicable,_T,No breakdown by disability,2021,,49.17,,PERCENT,percent,G,Global,_X,Not Available,,,,,,
DATAFLOW,SPC:DF_SDG_06(3.0),Sustainable Development Goal 06 - Clean Water and Sanitation,I,A,Annual,SH_H2O_SAFE,6.1.1 Population using safely managed drinking water services,PG,Papua New Guinea,_T,Total,_T,All ages,_T,National,_T,Total,_T,All education levels,_T,All occupations,_Z,Not applicable,_T,No breakdown by disability,2022,,50.24,,PERCENT,percent,G,Global,_X,Not Available,,,,,,
DATAFLOW,SPC:DF_SDG_06(3.0),Sustainable Development Goal 06 - Clean Water and Sanitation,I,A,Annual,SH_H2O_SAFE,6.1.1 Population using safely managed drinking water services,MH,Marshall Islands,_T,Total,_T,All ages,_T,National,_T,Total,_T,All education levels,_T,All occupations,_Z,Not applicable,_T,No breakdown by disability,2001,,88.85,,PERCENT,percent,G,Global,_X,Not Available,,,,,,
DATAFLOW,SPC:DF_SDG_06(3.0),Sustainable Development Goal 06 - Clean Water and Sanitation,I,A,Annual,SH_H2O_SAFE,6.1.1 Population using safely managed drinking water services,MH,Marshall Islands,_T,Total,_T,All ages,_T,National,_T,Total,_T,All education levels,_T,All occupations,_Z,Not applicable,_T,No breakdown by disability,2002,,88.8,,PERCENT,percent,G,Global,_X,Not Available,,,,,,
DATAFLOW,SPC:DF_SDG_06(3.0),Sustainable Development Goal 06 - Clean Water and Sanitation,I,A,Annual,SH_H2O_SAFE,6.1.1 Population using safely managed drinking water services,MH,Marshall Islands,_T,Total,_T,All ages,_T,National,_T,Total,_T,All education levels,_T,All occupations,_Z,Not applicable,_T,No breakdown by disability,2003,,88.76,,PERCENT,percent,G,Global,_X,Not Available,,,,,,
DATAFLOW,SPC:DF_SDG_06(3.0),Sustainable Development Goal 06 - Clean Water and Sanitation,I,A,Annual,SH_H2O_SAFE,6.1.1 Population using safely managed drinking water services,MH,Marshall Islands,_T,Total,_T,All ages,_T,National,_T,Total,_T,All education levels,_T,All occupations,_Z,Not applicable,_T,No breakdown by disability,2004,,88.72,,PERCENT,percent,G,Global,_X,Not Available,,,,,,
DATAFLOW,SPC:DF_SDG_06(3.0),Sustainable Development Goal 06 - Clean Water and Sanitation,I,A,Annual,SH_H2O_SAFE,6.1.1 Population using safely managed drinking water services,MH,Marshall Islands,_T,Total,_T,All ages,_T,National,_T,Total,_T,All education levels,_T,All occupations,_Z,Not applicable,_T,No breakdown by disability,2005,,88.68,,PERCENT,percent,G,Global,_X,Not Available,,,,,,
DATAFLOW,SPC:DF_SDG_06(3.0),Sustainable Development Goal 06 - Clean Water and Sanitation,I,A,Annual,SH_H2O_SAFE,6.1.1 Population using safely managed drinking water services,MH,Marshall Islands,_T,Total,_T,All ages,_T,National,_T,Total,_T,All education levels,_T,All occupations,_Z,Not applicable,_T,No breakdown by disability,2006,,88.56,,PERCENT,percent,G,Global,_X,Not Available,,,,,,
DATAFLOW,SPC:DF_SDG_06(3.0),Sustainable Development Goal 06 - Clean Water and Sanitation,I,A,Annual,SH_H2O_SAFE,6.1.1 Population using safely managed drinking water services,MH,Marshall Islands,_T,Total,_T,All ages,_T,National,_T,Total,_T,All education levels,_T,All occupations,_Z,Not applicable,_T,No breakdown by disability,2007,,88.44,,PERCENT,percent,G,Global,_X,Not Available,,,,,,
DATAFLOW,SPC:DF_SDG_06(3.0),Sustainable Development Goal 06 - Clean Water and Sanitation,I,A,Annual,SH_H2O_SAFE,6.1.1 Population using safely managed drinking water services,MH,Marshall Islands,_T,Total,_T,All ages,_T,National,_T,Total,_T,All education levels,_T,All occupations,_Z,Not applicable,_T,No breakdown by disability,2008,,88.32,,PERCENT,percent,G,Global,_X,Not Available,,,,,,
DATAFLOW,SPC:DF_SDG_06(3.0),Sustainable Development Goal 06 - Clean Water and Sanitation,I,A,Annual,SH_H2O_SAFE,6.1.1 Population using safely managed drinking water services,MH,Marshall Islands,_T,Total,_T,All ages,_T,National,_T,Total,_T,All education levels,_T,All occupations,_Z,Not applicable,_T,No breakdown by disability,2009,,88.16,,PERCENT,percent,G,Global,_X,Not Available,,,,,,
DATAFLOW,SPC:DF_SDG_06(3.0),Sustainable Development Goal 06 - Clean Water and Sanitation,I,A,Annual,SH_H2O_SAFE,6.1.1 Population using safely managed drinking water services,MH,Marshall Islands,_T,Total,_T,All ages,_T,National,_T,Total,_T,All education levels,_T,All occupations,_Z,Not applicable,_T,No breakdown by disability,2010,,87.89,,PERCENT,percent,G,Global,_X,Not Available,,,,,,
DATAFLOW,SPC:DF_SDG_06(3.0),Sustainable Development Goal 06 - Clean Water and Sanitation,I,A,Annual,SH_H2O_SAFE,6.1.1 Population using safely managed drinking water services,MH,Marshall Islands,_T,Total,_T,All ages,_T,National,_T,Total,_T,All education levels,_T,All occupations,_Z,Not applicable,_T,No breakdown by disability,2011,,87.63,,PERCENT,percent,G,Global,_X,Not Available,,,,,,
DATAFLOW,SPC:DF_SDG_06(3.0),Sustainable Development Goal 06 - Clean Water and Sanitation,I,A,Annual,SH_H2O_SAFE,6.1.1 Population using safely managed drinking water services,MH,Marshall Islands,_T,Total,_T,All ages,_T,National,_T,Total,_T,All education levels,_T,All occupations,_Z,Not applicable,_T,No breakdown by disability,2012,,87.38,,PERCENT,percent,G,Global,_X,Not Available,,,,,,
DATAFLOW,SPC:DF_SDG_06(3.0),Sustainable Development Goal 06 - Clean Water and Sanitation,I,A,Annual,SH_H2O_SAFE,6.1.1 Population using safely managed drinking water services,MH,Marshall Islands,_T,Total,_T,All ages,_T,National,_T,Total,_T,All education levels,_T,All occupations,_Z,Not applicable,_T,No breakdown by disability,2013,,87.13,,PERCENT,percent,G,Global,_X,Not Available,,,,,,
DATAFLOW,SPC:DF_SDG_06(3.0),Sustainable Development Goal 06 - Clean Water and Sanitation,I,A,Annual,SH_H2O_SAFE,6.1.1 Population using safely managed drinking water services,MH,Marshall Islands,_T,Total,_T,All ages,_T,National,_T,Total,_T,All education levels,_T,All occupations,_Z,Not applicable,_T,No breakdown by disability,2014,,86.88,,PERCENT,percent,G,Global,_X,Not Available,,,,,,
DATAFLOW,SPC:DF_SDG_06(3.0),Sustainable Development Goal 06 - Clean Water and Sanitation,I,A,Annual,SH_H2O_SAFE,6.1.1 Population using safely managed drinking water services,MH,Marshall Islands,_T,Total,_T,All ages,_T,National,_T,Total,_T,All education levels,_T,All occupations,_Z,Not applicable,_T,No breakdown by disability,2015,,86.64,,PERCENT,percent,G,Global,_X,Not Available,,,,,,
DATAFLOW,SPC:DF_SDG_06(3.0),Sustainable Development Goal 06 - Clean Water and Sanitation,I,A,Annual,SH_H2O_SAFE,6.1.1 Population using safely managed drinking water services,MH,Marshall Islands,_T,Total,_T,All ages,_T,National,_T,Total,_T,All education levels,_T,All occupations,_Z,Not applicable,_T,No breakdown by disability,2016,,86.4,,PERCENT,percent,G,Global,_X,Not Available,,,,,,
DATAFLOW,SPC:DF_SDG_06(3.0),Sustainable Development Goal 06 - Clean Water and Sanitation,I,A,Annual,SH_H2O_SAFE,6.1.1 Population using safely managed drinking water services,MH,Marshall Islands,_T,Total,_T,All ages,_T,National,_T,Total,_T,All education levels,_T,All occupations,_Z,Not applicable,_T,No breakdown by disability,2017,,86.17,,PERCENT,percent,G,Global,_X,Not Available,,,,,,
DATAFLOW,SPC:DF_SDG_06(3.0),Sustainable Development Goal 06 - Clean Water and Sanitation,I,A,Annual,SH_H2O_SAFE,6.1.1 Population using safely managed drinking water services,MH,Marshall Islands,_T,Total,_T,All ages,_T,National,_T,Total,_T,All education levels,_T,All occupations,_Z,Not applicable,_T,No breakdown by disability,2018,,85.94,,PERCENT,percent,G,Global,_X,Not Available,,,,,,
DATAFLOW,SPC:DF_SDG_06(3.0),Sustainable Development Goal 06 - Clean Water and Sanitation,I,A,Annual,SH_H2O_SAFE,6.1.1 Population using safely managed drinking water services,MH,Marshall Islands,_T,Total,_T,All ages,_T,National,_T,Total,_T,All education levels,_T,All occupations,_Z,Not applicable,_T,No breakdown by disability,2019,,85.72,,PERCENT,percent,G,Global,_X,Not Available,,,,,,
DATAFLOW,SPC:DF_SDG_06(3.0),Sustainable Development Goal 06 - Clean Water and Sanitation,I,A,Annual,SH_H2O_SAFE,6.1.1 Population using safely managed drinking water services,MH,Marshall Islands,_T,Total,_T,All ages,_T,National,_T,Total,_T,All education levels,_T,All occupations,_Z,Not applicable,_T,No breakdown by disability,2020,,85.49,,PERCENT,percent,G,Global,_X,Not Available,,,,,,
DATAFLOW,SPC:DF_SDG_06(3.0),Sustainable Development Goal 06 - Clean Water and Sanitation,I,A,Annual,SH_H2O_SAFE,6.1.1 Population using safely managed drinking water services,MH,Marshall Islands,_T,Total,_T,All ages,_T,National,_T,Total,_T,All education levels,_T,All occupations,_Z,Not applicable,_T,No breakdown by disability,2021,,85.28,,PERCENT,percent,G,Global,_X,Not Available,,,,,,
DATAFLOW,SPC:DF_SDG_06(3.0),Sustainable Development Goal 06 - Clean Water and Sanitation,I,A,Annual,SH_H2O_SAFE,6.1.1 Population using safely managed drinking water services,MH,Marshall Islands,_T,Total,_T,All ages,_T,National,_T,Total,_T,All education levels,_T,All occupations,_Z,Not applicable,_T,No breakdown by disability,2022,,85.06,,PERCENT,percent,G,Global,_X,Not Available,,,,,,
DATAFLOW,SPC:DF_SDG_06(3.0),Sustainable Development Goal 06 - Clean Water and Sanitation,I,A,Annual,SH_H2O_SAFE,6.1.1 Population using safely managed drinking water services,TO,Tonga,_T,Total,_T,All ages,_T,National,_T,Total,_T,All education levels,_T,All occupations,_Z,Not applicable,_T,No breakdown by disability,2000,,98.14,,PERCENT,percent,G,Global,_X,Not Available,,,,,,
DATAFLOW,SPC:DF_SDG_06(3.0),Sustainable Development Goal 06 - Clean Water and Sanitation,I,A,Annual,SH_H2O_SAFE,6.1.1 Population using safely managed drinking water services,TO,Tonga,_T,Total,_T,All ages,_T,National,_T,Total,_T,All education levels,_T,All occupations,_Z,Not applicable,_T,No breakdown by disability,2001,,98.14,,PERCENT,percent,G,Global,_X,Not Available,,,,,,
DATAFLOW,SPC:DF_SDG_06(3.0),Sustainable Development Goal 06 - Clean Water and Sanitation,I,A,Annual,SH_H2O_SAFE,6.1.1 Population using safely managed drinking water services,TO,Tonga,_T,Total,_T,All ages,_T,National,_T,Total,_T,All education levels,_T,All occupations,_Z,Not applicable,_T,No breakdown by disability,2002,,98.14,,PERCENT,percent,G,Global,_X,Not Available,,,,,,
DATAFLOW,SPC:DF_SDG_06(3.0),Sustainable Development Goal 06 - Clean Water and Sanitation,I,A,Annual,SH_H2O_SAFE,6.1.1 Population using safely managed drinking water services,TO,Tonga,_T,Total,_T,All ages,_T,National,_T,Total,_T,All education levels,_T,All occupations,_Z,Not applicable,_T,No breakdown by disability,2003,,98.14,,PERCENT,percent,G,Global,_X,Not Available,,,,,,
DATAFLOW,SPC:DF_SDG_06(3.0),Sustainable Development Goal 06 - Clean Water and Sanitation,I,A,Annual,SH_H2O_SAFE,6.1.1 Population using safely managed drinking water services,TO,Tonga,_T,Total,_T,All ages,_T,National,_T,Total,_T,All education levels,_T,All occupations,_Z,Not applicable,_T,No breakdown by disability,2004,,98.14,,PERCENT,percent,G,Global,_X,Not Available,,,,,,
DATAFLOW,SPC:DF_SDG_06(3.0),Sustainable Development Goal 06 - Clean Water and Sanitation,I,A,Annual,SH_H2O_SAFE,6.1.1 Population using safely managed drinking water services,TO,Tonga,_T,Total,_T,All ages,_T,National,_T,Total,_T,All education levels,_T,All occupations,_Z,Not applicable,_T,No breakdown by disability,2005,,98.18,,PERCENT,percent,G,Global,_X,Not Available,,,,,,
DATAFLOW,SPC:DF_SDG_06(3.0),Sustainable Development Goal 06 - Clean Water and Sanitation,I,A,Annual,SH_H2O_SAFE,6.1.1 Population using safely managed drinking water services,TO,Tonga,_T,Total,_T,All ages,_T,National,_T,Total,_T,All education levels,_T,All occupations,_Z,Not applicable,_T,No breakdown by disability,2006,,98.22,,PERCENT,percent,G,Global,_X,Not Available,,,,,,
DATAFLOW,SPC:DF_SDG_06(3.0),Sustainable Development Goal 06 - Clean Water and Sanitation,I,A,Annual,SH_H2O_SAFE,6.1.1 Population using safely managed drinking water services,TO,Tonga,_T,Total,_T,All ages,_T,National,_T,Total,_T,All education levels,_T,All occupations,_Z,Not applicable,_T,No breakdown by disability,2007,,98.25,,PERCENT,percent,G,Global,_X,Not Available,,,,,,
DATAFLOW,SPC:DF_SDG_06(3.0),Sustainable Development Goal 06 - Clean Water and Sanitation,I,A,Annual,SH_H2O_SAFE,6.1.1 Population using safely managed drinking water services,TO,Tonga,_T,Total,_T,All ages,_T,National,_T,Total,_T,All education levels,_T,All occupations,_Z,Not applicable,_T,No breakdown by disability,2008,,98.29,,PERCENT,percent,G,Global,_X,Not Available,,,,,,
DATAFLOW,SPC:DF_SDG_06(3.0),Sustainable Development Goal 06 - Clean Water and Sanitation,I,A,Annual,SH_H2O_SAFE,6.1.1 Population using safely managed drinking water services,TO,Tonga,_T,Total,_T,All ages,_T,National,_T,Total,_T,All education levels,_T,All occupations,_Z,Not applicable,_T,No breakdown by disability,2009,,98.33,,PERCENT,percent,G,Global,_X,Not Available,,,,,,
DATAFLOW,SPC:DF_SDG_06(3.0),Sustainable Development Goal 06 - Clean Water and Sanitation,I,A,Annual,SH_H2O_SAFE,6.1.1 Population using safely managed drinking water services,TO,Tonga,_T,Total,_T,All ages,_T,National,_T,Total,_T,All education levels,_T,All occupations,_Z,Not applicable,_T,No breakdown by disability,2010,,98.37,,PERCENT,percent,G,Global,_X,Not Available,,,,,,
DATAFLOW,SPC:DF_SDG_06(3.0),Sustainable Development Goal 06 - Clean Water and Sanitation,I,A,Annual,SH_H2O_SAFE,6.1.1 Population using safely managed drinking water services,TO,Tonga,_T,Total,_T,All ages,_T,National,_T,Total,_T,All education levels,_T,All occupations,_Z,Not applicable,_T,No breakdown by disability,2011,,98.4,,PERCENT,percent,G,Global,_X,Not Available,,,,,,
DATAFLOW,SPC:DF_SDG_06(3.0),Sustainable Development Goal 06 - Clean Water and Sanitation,I,A,Annual,SH_H2O_SAFE,6.1.1 Population using safely managed drinking water services,TO,Tonga,_T,Total,_T,All ages,_T,National,_T,Total,_T,All education levels,_T,All occupations,_Z,Not applicable,_T,No breakdown by disability,2012,,98.44,,PERCENT,percent,G,Global,_X,Not Available,,,,,,
DATAFLOW,SPC:DF_SDG_06(3.0),Sustainable Development Goal 06 - Clean Water and Sanitation,I,A,Annual,SH_H2O_SAFE,6.1.1 Population using safely managed drinking water services,TO,Tonga,_T,Total,_T,All ages,_T,National,_T,Total,_T,All education levels,_T,All occupations,_Z,Not applicable,_T,No breakdown by disability,2013,,98.48,,PERCENT,percent,G,Global,_X,Not Available,,,,,,
DATAFLOW,SPC:DF_SDG_06(3.0),Sustainable Development Goal 06 - Clean Water and Sanitation,I,A,Annual,SH_H2O_SAFE,6.1.1 Population using safely managed drinking water services,TO,Tonga,_T,Total,_T,All ages,_T,National,_T,Total,_T,All education levels,_T,All occupations,_Z,Not applicable,_T,No breakdown by disability,2014,,98.52,,PERCENT,percent,G,Global,_X,Not Available,,,,,,
DATAFLOW,SPC:DF_SDG_06(3.0),Sustainable Development Goal 06 - Clean Water and Sanitation,I,A,Annual,SH_H2O_SAFE,6.1.1 Population using safely managed drinking water services,TO,Tonga,_T,Total,_T,All ages,_T,National,_T,Total,_T,All education levels,_T,All occupations,_Z,Not applicable,_T,No breakdown by disability,2015,,98.55,,PERCENT,percent,G,Global,_X,Not Available,,,,,,
DATAFLOW,SPC:DF_SDG_06(3.0),Sustainable Development Goal 06 - Clean Water and Sanitation,I,A,Annual,SH_H2O_SAFE,6.1.1 Population using safely managed drinking water services,TO,Tonga,_T,Total,_T,All ages,_T,National,_T,Total,_T,All education levels,_T,All occupations,_Z,Not applicable,_T,No breakdown by disability,2016,,98.59,,PERCENT,percent,G,Global,_X,Not Available,,,,,,
DATAFLOW,SPC:DF_SDG_06(3.0),Sustainable Development Goal 06 - Clean Water and Sanitation,I,A,Annual,SH_H2O_SAFE,6.1.1 Population using safely managed drinking water services,TO,Tonga,_T,Total,_T,All ages,_T,National,_T,Total,_T,All education levels,_T,All occupations,_Z,Not applicable,_T,No breakdown by disability,2017,,98.63,,PERCENT,percent,G,Global,_X,Not Available,,,,,,
DATAFLOW,SPC:DF_SDG_06(3.0),Sustainable Development Goal 06 - Clean Water and Sanitation,I,A,Annual,SH_H2O_SAFE,6.1.1 Population using safely managed drinking water services,TO,Tonga,_T,Total,_T,All ages,_T,National,_T,Total,_T,All education levels,_T,All occupations,_Z,Not applicable,_T,No breakdown by disability,2018,,98.66,,PERCENT,percent,G,Global,_X,Not Available,,,,,,
DATAFLOW,SPC:DF_SDG_06(3.0),Sustainable Development Goal 06 - Clean Water and Sanitation,I,A,Annual,SH_H2O_SAFE,6.1.1 Population using safely managed drinking water services,TO,Tonga,_T,Total,_T,All ages,_T,National,_T,Total,_T,All education levels,_T,All occupations,_Z,Not applicable,_T,No breakdown by disability,2019,,98.7,,PERCENT,percent,G,Global,_X,Not Available,,,,,,
DATAFLOW,SPC:DF_SDG_06(3.0),Sustainable Development Goal 06 - Clean Water and Sanitation,I,A,Annual,SH_H2O_SAFE,6.1.1 Population using safely managed drinking water services,TO,Tonga,_T,Total,_T,All ages,_T,National,_T,Total,_T,All education levels,_T,All occupations,_Z,Not applicable,_T,No breakdown by disability,2020,,98.74,,PERCENT,percent,G,Global,_X,Not Available,,,,,,
DATAFLOW,SPC:DF_SDG_06(3.0),Sustainable Development Goal 06 - Clean Water and Sanitation,I,A,Annual,SH_H2O_SAFE,6.1.1 Population using safely managed drinking water services,TO,Tonga,_T,Total,_T,All ages,_T,National,_T,Total,_T,All education levels,_T,All occupations,_Z,Not applicable,_T,No breakdown by disability,2021,,98.77,,PERCENT,percent,G,Global,_X,Not Available,,,,,,
DATAFLOW,SPC:DF_SDG_06(3.0),Sustainable Development Goal 06 - Clean Water and Sanitation,I,A,Annual,SH_H2O_SAFE,6.1.1 Population using safely managed drinking water services,TO,Tonga,_T,Total,_T,All ages,_T,National,_T,Total,_T,All education levels,_T,All occupations,_Z,Not applicable,_T,No breakdown by disability,2022,,98.81,,PERCENT,percent,G,Global,_X,Not Available,,,,,,
DATAFLOW,SPC:DF_SDG_06(3.0),Sustainable Development Goal 06 - Clean Water and Sanitation,I,A,Annual,SH_H2O_SAFE,6.1.1 Population using safely managed drinking water services,NR,Nauru,_T,Total,_T,All ages,_T,National,_T,Total,_T,All education levels,_T,All occupations,_Z,Not applicable,_T,No breakdown by disability,2000,,98.08,,PERCENT,percent,G,Global,_X,Not Available,,,,,,
DATAFLOW,SPC:DF_SDG_06(3.0),Sustainable Development Goal 06 - Clean Water and Sanitation,I,A,Annual,SH_H2O_SAFE,6.1.1 Population using safely managed drinking water services,NR,Nauru,_T,Total,_T,All ages,_T,National,_T,Total,_T,All education levels,_T,All occupations,_Z,Not applicable,_T,No breakdown by disability,2001,,98.01,,PERCENT,percent,G,Global,_X,Not Available,,,,,,
DATAFLOW,SPC:DF_SDG_06(3.0),Sustainable Development Goal 06 - Clean Water and Sanitation,I,A,Annual,SH_H2O_SAFE,6.1.1 Population using safely managed drinking water services,NR,Nauru,_T,Total,_T,All ages,_T,National,_T,Total,_T,All education levels,_T,All occupations,_Z,Not applicable,_T,No breakdown by disability,2002,,97.94,,PERCENT,percent,G,Global,_X,Not Available,,,,,,
DATAFLOW,SPC:DF_SDG_06(3.0),Sustainable Development Goal 06 - Clean Water and Sanitation,I,A,Annual,SH_H2O_SAFE,6.1.1 Population using safely managed drinking water services,NR,Nauru,_T,Total,_T,All ages,_T,National,_T,Total,_T,All education levels,_T,All occupations,_Z,Not applicable,_T,No breakdown by disability,2003,,97.87,,PERCENT,percent,G,Global,_X,Not Available,,,,,,
DATAFLOW,SPC:DF_SDG_06(3.0),Sustainable Development Goal 06 - Clean Water and Sanitation,I,A,Annual,SH_H2O_SAFE,6.1.1 Population using safely managed drinking water services,NR,Nauru,_T,Total,_T,All ages,_T,National,_T,Total,_T,All education levels,_T,All occupations,_Z,Not applicable,_T,No breakdown by disability,2004,,97.79,,PERCENT,percent,G,Global,_X,Not Available,,,,,,
DATAFLOW,SPC:DF_SDG_06(3.0),Sustainable Development Goal 06 - Clean Water and Sanitation,I,A,Annual,SH_H2O_SAFE,6.1.1 Population using safely managed drinking water services,NR,Nauru,_T,Total,_T,All ages,_T,National,_T,Total,_T,All education levels,_T,All occupations,_Z,Not applicable,_T,No breakdown by disability,2005,,97.72,,PERCENT,percent,G,Global,_X,Not Available,,,,,,
DATAFLOW,SPC:DF_SDG_06(3.0),Sustainable Development Goal 06 - Clean Water and Sanitation,I,A,Annual,SH_H2O_SAFE,6.1.1 Population using safely managed drinking water services,NR,Nauru,_T,Total,_T,All ages,_T,National,_T,Total,_T,All education levels,_T,All occupations,_Z,Not applicable,_T,No breakdown by disability,2006,,97.65,,PERCENT,percent,G,Global,_X,Not Available,,,,,,
DATAFLOW,SPC:DF_SDG_06(3.0),Sustainable Development Goal 06 - Clean Water and Sanitation,I,A,Annual,SH_H2O_SAFE,6.1.1 Population using safely managed drinking water services,NR,Nauru,_T,Total,_T,All ages,_T,National,_T,Total,_T,All education levels,_T,All occupations,_Z,Not applicable,_T,No breakdown by disability,2007,,97.58,,PERCENT,percent,G,Global,_X,Not Available,,,,,,
DATAFLOW,SPC:DF_SDG_06(3.0),Sustainable Development Goal 06 - Clean Water and Sanitation,I,A,Annual,SH_H2O_SAFE,6.1.1 Population using safely managed drinking water services,NR,Nauru,_T,Total,_T,All ages,_T,National,_T,Total,_T,All education levels,_T,All occupations,_Z,Not applicable,_T,No breakdown by disability,2008,,97.51,,PERCENT,percent,G,Global,_X,Not Available,,,,,,
DATAFLOW,SPC:DF_SDG_06(3.0),Sustainable Development Goal 06 - Clean Water and Sanitation,I,A,Annual,SH_H2O_SAFE,6.1.1 Population using safely managed drinking water services,NR,Nauru,_T,Total,_T,All ages,_T,National,_T,Total,_T,All education levels,_T,All occupations,_Z,Not applicable,_T,No breakdown by disability,2009,,97.43,,PERCENT,percent,G,Global,_X,Not Available,,,,,,
DATAFLOW,SPC:DF_SDG_06(3.0),Sustainable Development Goal 06 - Clean Water and Sanitation,I,A,Annual,SH_H2O_SAFE,6.1.1 Population using safely managed drinking water services,NR,Nauru,_T,Total,_T,All ages,_T,National,_T,Total,_T,All education levels,_T,All occupations,_Z,Not applicable,_T,No breakdown by disability,2010,,97.36,,PERCENT,percent,G,Global,_X,Not Available,,,,,,
DATAFLOW,SPC:DF_SDG_06(3.0),Sustainable Development Goal 06 - Clean Water and Sanitation,I,A,Annual,SH_H2O_SAFE,6.1.1 Population using safely managed drinking water services,NR,Nauru,_T,Total,_T,All ages,_T,National,_T,Total,_T,All education levels,_T,All occupations,_Z,Not applicable,_T,No breakdown by disability,2011,,97.29,,PERCENT,percent,G,Global,_X,Not Available,,,,,,
DATAFLOW,SPC:DF_SDG_06(3.0),Sustainable Development Goal 06 - Clean Water and Sanitation,I,A,Annual,SH_H2O_SAFE,6.1.1 Population using safely managed drinking water services,NR,Nauru,_T,Total,_T,All ages,_T,National,_T,Total,_T,All education levels,_T,All occupations,_Z,Not applicable,_T,No breakdown by disability,2012,,97.22,,PERCENT,percent,G,Global,_X,Not Available,,,,,,
DATAFLOW,SPC:DF_SDG_06(3.0),Sustainable Development Goal 06 - Clean Water and Sanitation,I,A,Annual,SH_H2O_SAFE,6.1.1 Population using safely managed drinking water services,NR,Nauru,_T,Total,_T,All ages,_T,National,_T,Total,_T,All education levels,_T,All occupations,_Z,Not applicable,_T,No breakdown by disability,2013,,97.15,,PERCENT,percent,G,Global,_X,Not Available,,,,,,
DATAFLOW,SPC:DF_SDG_06(3.0),Sustainable Development Goal 06 - Clean Water and Sanitation,I,A,Annual,SH_H2O_SAFE,6.1.1 Population using safely managed drinking water services,NR,Nauru,_T,Total,_T,All ages,_T,National,_T,Total,_T,All education levels,_T,All occupations,_Z,Not applicable,_T,No breakdown by disability,2014,,97.08,,PERCENT,percent,G,Global,_X,Not Available,,,,,,
DATAFLOW,SPC:DF_SDG_06(3.0),Sustainable Development Goal 06 - Clean Water and Sanitation,I,A,Annual,SH_H2O_SAFE,6.1.1 Population using safely managed drinking water services,NR,Nauru,_T,Total,_T,All ages,_T,National,_T,Total,_T,All education levels,_T,All occupations,_Z,Not applicable,_T,No breakdown by disability,2015,,97,,PERCENT,percent,G,Global,_X,Not Available,,,,,,
DATAFLOW,SPC:DF_SDG_06(3.0),Sustainable Development Goal 06 - Clean Water and Sanitation,I,A,Annual,SH_H2O_SAFE,6.1.1 Population using safely managed drinking water services,NR,Nauru,_T,Total,_T,All ages,_T,National,_T,Total,_T,All education levels,_T,All occupations,_Z,Not applicable,_T,No breakdown by disability,2016,,97,,PERCENT,percent,G,Global,_X,Not Available,,,,,,
DATAFLOW,SPC:DF_SDG_06(3.0),Sustainable Development Goal 06 - Clean Water and Sanitation,I,A,Annual,SH_H2O_SAFE,6.1.1 Population using safely managed drinking water services,NR,Nauru,_T,Total,_T,All ages,_T,National,_T,Total,_T,All education levels,_T,All occupations,_Z,Not applicable,_T,No breakdown by disability,2017,,97,,PERCENT,percent,G,Global,_X,Not Available,,,,,,
DATAFLOW,SPC:DF_SDG_06(3.0),Sustainable Development Goal 06 - Clean Water and Sanitation,I,A,Annual,SH_H2O_SAFE,6.1.1 Population using safely managed drinking water services,NR,Nauru,_T,Total,_T,All ages,_T,National,_T,Total,_T,All education levels,_T,All occupations,_Z,Not applicable,_T,No breakdown by disability,2018,,97,,PERCENT,percent,G,Global,_X,Not Available,,,,,,
DATAFLOW,SPC:DF_SDG_06(3.0),Sustainable Development Goal 06 - Clean Water and Sanitation,I,A,Annual,SH_H2O_SAFE,6.1.1 Population using safely managed drinking water services,NR,Nauru,_T,Total,_T,All ages,_T,National,_T,Total,_T,All education levels,_T,All occupations,_Z,Not applicable,_T,No breakdown by disability,2019,,97,,PERCENT,percent,G,Global,_X,Not Available,,,,,,
DATAFLOW,SPC:DF_SDG_06(3.0),Sustainable Development Goal 06 - Clean Water and Sanitation,I,A,Annual,SH_H2O_SAFE,6.1.1 Population using safely managed drinking water services,NR,Nauru,_T,Total,_T,All ages,_T,National,_T,Total,_T,All education levels,_T,All occupations,_Z,Not applicable,_T,No breakdown by disability,2020,,100,,PERCENT,percent,G,Global,_X,Not Available,,,,,,
DATAFLOW,SPC:DF_SDG_06(3.0),Sustainable Development Goal 06 - Clean Water and Sanitation,I,A,Annual,SH_H2O_SAFE,6.1.1 Population using safely managed drinking water services,VU,Vanuatu,_T,Total,_T,All ages,_T,National,_T,Total,_T,All education levels,_T,All occupations,_Z,Not applicable,_T,No breakdown by disability,2000,,83.38,,PERCENT,percent,G,Global,_X,Not Available,,,,,,
DATAFLOW,SPC:DF_SDG_06(3.0),Sustainable Development Goal 06 - Clean Water and Sanitation,I,A,Annual,SH_H2O_SAFE,6.1.1 Population using safely managed drinking water services,VU,Vanuatu,_T,Total,_T,All ages,_T,National,_T,Total,_T,All education levels,_T,All occupations,_Z,Not applicable,_T,No breakdown by disability,2001,,83.42,,PERCENT,percent,G,Global,_X,Not Available,,,,,,
DATAFLOW,SPC:DF_SDG_06(3.0),Sustainable Development Goal 06 - Clean Water and Sanitation,I,A,Annual,SH_H2O_SAFE,6.1.1 Population using safely managed drinking water services,VU,Vanuatu,_T,Total,_T,All ages,_T,National,_T,Total,_T,All education levels,_T,All occupations,_Z,Not applicable,_T,No breakdown by disability,2002,,83.47,,PERCENT,percent,G,Global,_X,Not Available,,,,,,
DATAFLOW,SPC:DF_SDG_06(3.0),Sustainable Development Goal 06 - Clean Water and Sanitation,I,A,Annual,SH_H2O_SAFE,6.1.1 Population using safely managed drinking water services,VU,Vanuatu,_T,Total,_T,All ages,_T,National,_T,Total,_T,All education levels,_T,All occupations,_Z,Not applicable,_T,No breakdown by disability,2003,,83.52,,PERCENT,percent,G,Global,_X,Not Available,,,,,,
DATAFLOW,SPC:DF_SDG_06(3.0),Sustainable Development Goal 06 - Clean Water and Sanitation,I,A,Annual,SH_H2O_SAFE,6.1.1 Population using safely managed drinking water services,VU,Vanuatu,_T,Total,_T,All ages,_T,National,_T,Total,_T,All education levels,_T,All occupations,_Z,Not applicable,_T,No breakdown by disability,2004,,83.57,,PERCENT,percent,G,Global,_X,Not Available,,,,,,
DATAFLOW,SPC:DF_SDG_06(3.0),Sustainable Development Goal 06 - Clean Water and Sanitation,I,A,Annual,SH_H2O_SAFE,6.1.1 Population using safely managed drinking water services,VU,Vanuatu,_T,Total,_T,All ages,_T,National,_T,Total,_T,All education levels,_T,All occupations,_Z,Not applicable,_T,No breakdown by disability,2005,,84,,PERCENT,percent,G,Global,_X,Not Available,,,,,,
DATAFLOW,SPC:DF_SDG_06(3.0),Sustainable Development Goal 06 - Clean Water and Sanitation,I,A,Annual,SH_H2O_SAFE,6.1.1 Population using safely managed drinking water services,VU,Vanuatu,_T,Total,_T,All ages,_T,National,_T,Total,_T,All education levels,_T,All occupations,_Z,Not applicable,_T,No breakdown by disability,2006,,84.46,,PERCENT,percent,G,Global,_X,Not Available,,,,,,
DATAFLOW,SPC:DF_SDG_06(3.0),Sustainable Development Goal 06 - Clean Water and Sanitation,I,A,Annual,SH_H2O_SAFE,6.1.1 Population using safely managed drinking water services,VU,Vanuatu,_T,Total,_T,All ages,_T,National,_T,Total,_T,All education levels,_T,All occupations,_Z,Not applicable,_T,No breakdown by disability,2007,,84.91,,PERCENT,percent,G,Global,_X,Not Available,,,,,,
DATAFLOW,SPC:DF_SDG_06(3.0),Sustainable Development Goal 06 - Clean Water and Sanitation,I,A,Annual,SH_H2O_SAFE,6.1.1 Population using safely managed drinking water services,VU,Vanuatu,_T,Total,_T,All ages,_T,National,_T,Total,_T,All education levels,_T,All occupations,_Z,Not applicable,_T,No breakdown by disability,2008,,85.37,,PERCENT,percent,G,Global,_X,Not Available,,,,,,
DATAFLOW,SPC:DF_SDG_06(3.0),Sustainable Development Goal 06 - Clean Water and Sanitation,I,A,Annual,SH_H2O_SAFE,6.1.1 Population using safely managed drinking water services,VU,Vanuatu,_T,Total,_T,All ages,_T,National,_T,Total,_T,All education levels,_T,All occupations,_Z,Not applicable,_T,No breakdown by disability,2009,,85.83,,PERCENT,percent,G,Global,_X,Not Available,,,,,,
DATAFLOW,SPC:DF_SDG_06(3.0),Sustainable Development Goal 06 - Clean Water and Sanitation,I,A,Annual,SH_H2O_SAFE,6.1.1 Population using safely managed drinking water services,VU,Vanuatu,_T,Total,_T,All ages,_T,National,_T,Total,_T,All education levels,_T,All occupations,_Z,Not applicable,_T,No breakdown by disability,2010,,86.26,,PERCENT,percent,G,Global,_X,Not Available,,,,,,
DATAFLOW,SPC:DF_SDG_06(3.0),Sustainable Development Goal 06 - Clean Water and Sanitation,I,A,Annual,SH_H2O_SAFE,6.1.1 Population using safely managed drinking water services,VU,Vanuatu,_T,Total,_T,All ages,_T,National,_T,Total,_T,All education levels,_T,All occupations,_Z,Not applicable,_T,No breakdown by disability,2011,,86.69,,PERCENT,percent,G,Global,_X,Not Available,,,,,,
DATAFLOW,SPC:DF_SDG_06(3.0),Sustainable Development Goal 06 - Clean Water and Sanitation,I,A,Annual,SH_H2O_SAFE,6.1.1 Population using safely managed drinking water services,VU,Vanuatu,_T,Total,_T,All ages,_T,National,_T,Total,_T,All education levels,_T,All occupations,_Z,Not applicable,_T,No breakdown by disability,2012,,87.11,,PERCENT,percent,G,Global,_X,Not Available,,,,,,
DATAFLOW,SPC:DF_SDG_06(3.0),Sustainable Development Goal 06 - Clean Water and Sanitation,I,A,Annual,SH_H2O_SAFE,6.1.1 Population using safely managed drinking water services,VU,Vanuatu,_T,Total,_T,All ages,_T,National,_T,Total,_T,All education levels,_T,All occupations,_Z,Not applicable,_T,No breakdown by disability,2013,,87.53,,PERCENT,percent,G,Global,_X,Not Available,,,,,,
DATAFLOW,SPC:DF_SDG_06(3.0),Sustainable Development Goal 06 - Clean Water and Sanitation,I,A,Annual,SH_H2O_SAFE,6.1.1 Population using safely managed drinking water services,VU,Vanuatu,_T,Total,_T,All ages,_T,National,_T,Total,_T,All education levels,_T,All occupations,_Z,Not applicable,_T,No breakdown by disability,2014,,87.95,,PERCENT,percent,G,Global,_X,Not Available,,,,,,
DATAFLOW,SPC:DF_SDG_06(3.0),Sustainable Development Goal 06 - Clean Water and Sanitation,I,A,Annual,SH_H2O_SAFE,6.1.1 Population using safely managed drinking water services,VU,Vanuatu,_T,Total,_T,All ages,_T,National,_T,Total,_T,All education levels,_T,All occupations,_Z,Not applicable,_T,No breakdown by disability,2015,,88.38,,PERCENT,percent,G,Global,_X,Not Available,,,,,,
DATAFLOW,SPC:DF_SDG_06(3.0),Sustainable Development Goal 06 - Clean Water and Sanitation,I,A,Annual,SH_H2O_SAFE,6.1.1 Population using safely managed drinking water services,VU,Vanuatu,_T,Total,_T,All ages,_T,National,_T,Total,_T,All education levels,_T,All occupations,_Z,Not applicable,_T,No breakdown by disability,2016,,88.8,,PERCENT,percent,G,Global,_X,Not Available,,,,,,
DATAFLOW,SPC:DF_SDG_06(3.0),Sustainable Development Goal 06 - Clean Water and Sanitation,I,A,Annual,SH_H2O_SAFE,6.1.1 Population using safely managed drinking water services,VU,Vanuatu,_T,Total,_T,All ages,_T,National,_T,Total,_T,All education levels,_T,All occupations,_Z,Not applicable,_T,No breakdown by disability,2017,,89.22,,PERCENT,percent,G,Global,_X,Not Available,,,,,,
DATAFLOW,SPC:DF_SDG_06(3.0),Sustainable Development Goal 06 - Clean Water and Sanitation,I,A,Annual,SH_H2O_SAFE,6.1.1 Population using safely managed drinking water services,VU,Vanuatu,_T,Total,_T,All ages,_T,National,_T,Total,_T,All education levels,_T,All occupations,_Z,Not applicable,_T,No breakdown by disability,2018,,89.64,,PERCENT,percent,G,Global,_X,Not Available,,,,,,
DATAFLOW,SPC:DF_SDG_06(3.0),Sustainable Development Goal 06 - Clean Water and Sanitation,I,A,Annual,SH_H2O_SAFE,6.1.1 Population using safely managed drinking water services,VU,Vanuatu,_T,Total,_T,All ages,_T,National,_T,Total,_T,All education levels,_T,All occupations,_Z,Not applicable,_T,No breakdown by disability,2019,,90.07,,PERCENT,percent,G,Global,_X,Not Available,,,,,,
DATAFLOW,SPC:DF_SDG_06(3.0),Sustainable Development Goal 06 - Clean Water and Sanitation,I,A,Annual,SH_H2O_SAFE,6.1.1 Population using safely managed drinking water services,VU,Vanuatu,_T,Total,_T,All ages,_T,National,_T,Total,_T,All education levels,_T,All occupations,_Z,Not applicable,_T,No breakdown by disability,2020,,90.49,,PERCENT,percent,G,Global,_X,Not Available,,,,,,
DATAFLOW,SPC:DF_SDG_06(3.0),Sustainable Development Goal 06 - Clean Water and Sanitation,I,A,Annual,SH_H2O_SAFE,6.1.1 Population using safely managed drinking water services,VU,Vanuatu,_T,Total,_T,All ages,_T,National,_T,Total,_T,All education levels,_T,All occupations,_Z,Not applicable,_T,No breakdown by disability,2021,,90.91,,PERCENT,percent,G,Global,_X,Not Available,,,,,,
DATAFLOW,SPC:DF_SDG_06(3.0),Sustainable Development Goal 06 - Clean Water and Sanitation,I,A,Annual,SH_H2O_SAFE,6.1.1 Population using safely managed drinking water services,VU,Vanuatu,_T,Total,_T,All ages,_T,National,_T,Total,_T,All education levels,_T,All occupations,_Z,Not applicable,_T,No breakdown by disability,2022,,91.34,,PERCENT,percent,G,Global,_X,Not Available,,,,,,
DATAFLOW,SPC:DF_SDG_06(3.0),Sustainable Development Goal 06 - Clean Water and Sanitation,I,A,Annual,SH_H2O_SAFE,6.1.1 Population using safely managed drinking water services,WS,Samoa,_T,Total,_T,All ages,_T,National,_T,Total,_T,All education levels,_T,All occupations,_Z,Not applicable,_T,No breakdown by disability,2000,,87.06,,PERCENT,percent,G,Global,_X,Not Available,,,,,,
DATAFLOW,SPC:DF_SDG_06(3.0),Sustainable Development Goal 06 - Clean Water and Sanitation,I,A,Annual,SH_H2O_SAFE,6.1.1 Population using safely managed drinking water services,WS,Samoa,_T,Total,_T,All ages,_T,National,_T,Total,_T,All education levels,_T,All occupations,_Z,Not applicable,_T,No breakdown by disability,2001,,87.06,,PERCENT,percent,G,Global,_X,Not Available,,,,,,
DATAFLOW,SPC:DF_SDG_06(3.0),Sustainable Development Goal 06 - Clean Water and Sanitation,I,A,Annual,SH_H2O_SAFE,6.1.1 Population using safely managed drinking water services,WS,Samoa,_T,Total,_T,All ages,_T,National,_T,Total,_T,All education levels,_T,All occupations,_Z,Not applicable,_T,No breakdown by disability,2002,,87.06,,PERCENT,percent,G,Global,_X,Not Available,,,,,,
DATAFLOW,SPC:DF_SDG_06(3.0),Sustainable Development Goal 06 - Clean Water and Sanitation,I,A,Annual,SH_H2O_SAFE,6.1.1 Population using safely managed drinking water services,WS,Samoa,_T,Total,_T,All ages,_T,National,_T,Total,_T,All education levels,_T,All occupations,_Z,Not applicable,_T,No breakdown by disability,2003,,87.08,,PERCENT,percent,G,Global,_X,Not Available,,,,,,
DATAFLOW,SPC:DF_SDG_06(3.0),Sustainable Development Goal 06 - Clean Water and Sanitation,I,A,Annual,SH_H2O_SAFE,6.1.1 Population using safely managed drinking water services,WS,Samoa,_T,Total,_T,All ages,_T,National,_T,Total,_T,All education levels,_T,All occupations,_Z,Not applicable,_T,No breakdown by disability,2004,,87.09,,PERCENT,percent,G,Global,_X,Not Available,,,,,,
DATAFLOW,SPC:DF_SDG_06(3.0),Sustainable Development Goal 06 - Clean Water and Sanitation,I,A,Annual,SH_H2O_SAFE,6.1.1 Population using safely managed drinking water services,WS,Samoa,_T,Total,_T,All ages,_T,National,_T,Total,_T,All education levels,_T,All occupations,_Z,Not applicable,_T,No breakdown by disability,2005,,87.34,,PERCENT,percent,G,Global,_X,Not Available,,,,,,
DATAFLOW,SPC:DF_SDG_06(3.0),Sustainable Development Goal 06 - Clean Water and Sanitation,I,A,Annual,SH_H2O_SAFE,6.1.1 Population using safely managed drinking water services,WS,Samoa,_T,Total,_T,All ages,_T,National,_T,Total,_T,All education levels,_T,All occupations,_Z,Not applicable,_T,No breakdown by disability,2006,,87.59,,PERCENT,percent,G,Global,_X,Not Available,,,,,,
DATAFLOW,SPC:DF_SDG_06(3.0),Sustainable Development Goal 06 - Clean Water and Sanitation,I,A,Annual,SH_H2O_SAFE,6.1.1 Population using safely managed drinking water services,WS,Samoa,_T,Total,_T,All ages,_T,National,_T,Total,_T,All education levels,_T,All occupations,_Z,Not applicable,_T,No breakdown by disability,2007,,87.84,,PERCENT,percent,G,Global,_X,Not Available,,,,,,
DATAFLOW,SPC:DF_SDG_06(3.0),Sustainable Development Goal 06 - Clean Water and Sanitation,I,A,Annual,SH_H2O_SAFE,6.1.1 Population using safely managed drinking water services,WS,Samoa,_T,Total,_T,All ages,_T,National,_T,Total,_T,All education levels,_T,All occupations,_Z,Not applicable,_T,No breakdown by disability,2008,,88.08,,PERCENT,percent,G,Global,_X,Not Available,,,,,,
DATAFLOW,SPC:DF_SDG_06(3.0),Sustainable Development Goal 06 - Clean Water and Sanitation,I,A,Annual,SH_H2O_SAFE,6.1.1 Population using safely managed drinking water services,WS,Samoa,_T,Total,_T,All ages,_T,National,_T,Total,_T,All education levels,_T,All occupations,_Z,Not applicable,_T,No breakdown by disability,2009,,88.33,,PERCENT,percent,G,Global,_X,Not Available,,,,,,
DATAFLOW,SPC:DF_SDG_06(3.0),Sustainable Development Goal 06 - Clean Water and Sanitation,I,A,Annual,SH_H2O_SAFE,6.1.1 Population using safely managed drinking water services,WS,Samoa,_T,Total,_T,All ages,_T,National,_T,Total,_T,All education levels,_T,All occupations,_Z,Not applicable,_T,No breakdown by disability,2010,,88.57,,PERCENT,percent,G,Global,_X,Not Available,,,,,,
DATAFLOW,SPC:DF_SDG_06(3.0),Sustainable Development Goal 06 - Clean Water and Sanitation,I,A,Annual,SH_H2O_SAFE,6.1.1 Population using safely managed drinking water services,WS,Samoa,_T,Total,_T,All ages,_T,National,_T,Total,_T,All education levels,_T,All occupations,_Z,Not applicable,_T,No breakdown by disability,2011,,88.81,,PERCENT,percent,G,Global,_X,Not Available,,,,,,
DATAFLOW,SPC:DF_SDG_06(3.0),Sustainable Development Goal 06 - Clean Water and Sanitation,I,A,Annual,SH_H2O_SAFE,6.1.1 Population using safely managed drinking water services,WS,Samoa,_T,Total,_T,All ages,_T,National,_T,Total,_T,All education levels,_T,All occupations,_Z,Not applicable,_T,No breakdown by disability,2012,,89.05,,PERCENT,percent,G,Global,_X,Not Available,,,,,,
DATAFLOW,SPC:DF_SDG_06(3.0),Sustainable Development Goal 06 - Clean Water and Sanitation,I,A,Annual,SH_H2O_SAFE,6.1.1 Population using safely managed drinking water services,WS,Samoa,_T,Total,_T,All ages,_T,National,_T,Total,_T,All education levels,_T,All occupations,_Z,Not applicable,_T,No breakdown by disability,2013,,90.11,,PERCENT,percent,G,Global,_X,Not Available,,,,,,
DATAFLOW,SPC:DF_SDG_06(3.0),Sustainable Development Goal 06 - Clean Water and Sanitation,I,A,Annual,SH_H2O_SAFE,6.1.1 Population using safely managed drinking water services,WS,Samoa,_T,Total,_T,All ages,_T,National,_T,Total,_T,All education levels,_T,All occupations,_Z,Not applicable,_T,No breakdown by disability,2014,,91.17,,PERCENT,percent,G,Global,_X,Not Available,,,,,,
DATAFLOW,SPC:DF_SDG_06(3.0),Sustainable Development Goal 06 - Clean Water and Sanitation,I,A,Annual,SH_H2O_SAFE,6.1.1 Population using safely managed drinking water services,WS,Samoa,_T,Total,_T,All ages,_T,National,_T,Total,_T,All education levels,_T,All occupations,_Z,Not applicable,_T,No breakdown by disability,2015,,92.23,,PERCENT,percent,G,Global,_X,Not Available,,,,,,
DATAFLOW,SPC:DF_SDG_06(3.0),Sustainable Development Goal 06 - Clean Water and Sanitation,I,A,Annual,SH_H2O_SAFE,6.1.1 Population using safely managed drinking water services,WS,Samoa,_T,Total,_T,All ages,_T,National,_T,Total,_T,All education levels,_T,All occupations,_Z,Not applicable,_T,No breakdown by disability,2016,,93.29,,PERCENT,percent,G,Global,_X,Not Available,,,,,,
DATAFLOW,SPC:DF_SDG_06(3.0),Sustainable Development Goal 06 - Clean Water and Sanitation,I,A,Annual,SH_H2O_SAFE,6.1.1 Population using safely managed drinking water services,WS,Samoa,_T,Total,_T,All ages,_T,National,_T,Total,_T,All education levels,_T,All occupations,_Z,Not applicable,_T,No breakdown by disability,2017,,94.35,,PERCENT,percent,G,Global,_X,Not Available,,,,,,
DATAFLOW,SPC:DF_SDG_06(3.0),Sustainable Development Goal 06 - Clean Water and Sanitation,I,A,Annual,SH_H2O_SAFE,6.1.1 Population using safely managed drinking water services,WS,Samoa,_T,Total,_T,All ages,_T,National,_T,Total,_T,All education levels,_T,All occupations,_Z,Not applicable,_T,No breakdown by disability,2018,,95.41,,PERCENT,percent,G,Global,_X,Not Available,,,,,,
DATAFLOW,SPC:DF_SDG_06(3.0),Sustainable Development Goal 06 - Clean Water and Sanitation,I,A,Annual,SH_H2O_SAFE,6.1.1 Population using safely managed drinking water services,WS,Samoa,_T,Total,_T,All ages,_T,National,_T,Total,_T,All education levels,_T,All occupations,_Z,Not applicable,_T,No breakdown by disability,2019,,96.42,,PERCENT,percent,G,Global,_X,Not Available,,,,,,
DATAFLOW,SPC:DF_SDG_06(3.0),Sustainable Development Goal 06 - Clean Water and Sanitation,I,A,Annual,SH_H2O_SAFE,6.1.1 Population using safely managed drinking water services,WS,Samoa,_T,Total,_T,All ages,_T,National,_T,Total,_T,All education levels,_T,All occupations,_Z,Not applicable,_T,No breakdown by disability,2020,,97.4,,PERCENT,percent,G,Global,_X,Not Available,,,,,,
DATAFLOW,SPC:DF_SDG_06(3.0),Sustainable Development Goal 06 - Clean Water and Sanitation,I,A,Annual,SH_H2O_SAFE,6.1.1 Population using safely managed drinking water services,WS,Samoa,_T,Total,_T,All ages,_T,National,_T,Total,_T,All education levels,_T,All occupations,_Z,Not applicable,_T,No breakdown by disability,2021,,98.27,,PERCENT,percent,G,Global,_X,Not Available,,,,,,
DATAFLOW,SPC:DF_SDG_06(3.0),Sustainable Development Goal 06 - Clean Water and Sanitation,I,A,Annual,SH_H2O_SAFE,6.1.1 Population using safely managed drinking water services,WS,Samoa,_T,Total,_T,All ages,_T,National,_T,Total,_T,All education levels,_T,All occupations,_Z,Not applicable,_T,No breakdown by disability,2022,,99.04,,PERCENT,percent,G,Global,_X,Not Available,,,,,,
DATAFLOW,SPC:DF_SDG_06(3.0),Sustainable Development Goal 06 - Clean Water and Sanitation,I,A,Annual,SH_H2O_SAFE,6.1.1 Population using safely managed drinking water services,CK,Cook Islands,_T,Total,_T,All ages,_T,National,_T,Total,_T,All education levels,_T,All occupations,_Z,Not applicable,_T,No breakdown by disability,2000,,99.86,,PERCENT,percent,G,Global,_X,Not Available,,,,,,
DATAFLOW,SPC:DF_SDG_06(3.0),Sustainable Development Goal 06 - Clean Water and Sanitation,I,A,Annual,SH_H2O_SAFE,6.1.1 Population using safely managed drinking water services,CK,Cook Islands,_T,Total,_T,All ages,_T,National,_T,Total,_T,All education levels,_T,All occupations,_Z,Not applicable,_T,No breakdown by disability,2001,,99.87,,PERCENT,percent,G,Global,_X,Not Available,,,,,,
DATAFLOW,SPC:DF_SDG_06(3.0),Sustainable Development Goal 06 - Clean Water and Sanitation,I,A,Annual,SH_H2O_SAFE,6.1.1 Population using safely managed drinking water services,CK,Cook Islands,_T,Total,_T,All ages,_T,National,_T,Total,_T,All education levels,_T,All occupations,_Z,Not applicable,_T,No breakdown by disability,2002,,99.88,,PERCENT,percent,G,Global,_X,Not Available,,,,,,
DATAFLOW,SPC:DF_SDG_06(3.0),Sustainable Development Goal 06 - Clean Water and Sanitation,I,A,Annual,SH_H2O_SAFE,6.1.1 Population using safely managed drinking water services,CK,Cook Islands,_T,Total,_T,All ages,_T,National,_T,Total,_T,All education levels,_T,All occupations,_Z,Not applicable,_T,No breakdown by disability,2003,,99.88,,PERCENT,percent,G,Global,_X,Not Available,,,,,,
DATAFLOW,SPC:DF_SDG_06(3.0),Sustainable Development Goal 06 - Clean Water and Sanitation,I,A,Annual,SH_H2O_SAFE,6.1.1 Population using safely managed drinking water services,CK,Cook Islands,_T,Total,_T,All ages,_T,National,_T,Total,_T,All education levels,_T,All occupations,_Z,Not applicable,_T,No breakdown by disability,2004,,99.89,,PERCENT,percent,G,Global,_X,Not Available,,,,,,
DATAFLOW,SPC:DF_SDG_06(3.0),Sustainable Development Goal 06 - Clean Water and Sanitation,I,A,Annual,SH_H2O_SAFE,6.1.1 Population using safely managed drinking water services,CK,Cook Islands,_T,Total,_T,All ages,_T,National,_T,Total,_T,All education levels,_T,All occupations,_Z,Not applicable,_T,No breakdown by disability,2005,,99.89,,PERCENT,percent,G,Global,_X,Not Available,,,,,,
DATAFLOW,SPC:DF_SDG_06(3.0),Sustainable Development Goal 06 - Clean Water and Sanitation,I,A,Annual,SH_H2O_SAFE,6.1.1 Population using safely managed drinking water services,CK,Cook Islands,_T,Total,_T,All ages,_T,National,_T,Total,_T,All education levels,_T,All occupations,_Z,Not applicable,_T,No breakdown by disability,2006,,99.9,,PERCENT,percent,G,Global,_X,Not Available,,,,,,
DATAFLOW,SPC:DF_SDG_06(3.0),Sustainable Development Goal 06 - Clean Water and Sanitation,I,A,Annual,SH_H2O_SAFE,6.1.1 Population using safely managed drinking water services,CK,Cook Islands,_T,Total,_T,All ages,_T,National,_T,Total,_T,All education levels,_T,All occupations,_Z,Not applicable,_T,No breakdown by disability,2007,,99.91,,PERCENT,percent,G,Global,_X,Not Available,,,,,,
DATAFLOW,SPC:DF_SDG_06(3.0),Sustainable Development Goal 06 - Clean Water and Sanitation,I,A,Annual,SH_H2O_SAFE,6.1.1 Population using safely managed drinking water services,CK,Cook Islands,_T,Total,_T,All ages,_T,National,_T,Total,_T,All education levels,_T,All occupations,_Z,Not applicable,_T,No breakdown by disability,2008,,99.91,,PERCENT,percent,G,Global,_X,Not Available,,,,,,
DATAFLOW,SPC:DF_SDG_06(3.0),Sustainable Development Goal 06 - Clean Water and Sanitation,I,A,Annual,SH_H2O_SAFE,6.1.1 Population using safely managed drinking water services,CK,Cook Islands,_T,Total,_T,All ages,_T,National,_T,Total,_T,All education levels,_T,All occupations,_Z,Not applicable,_T,No breakdown by disability,2009,,99.92,,PERCENT,percent,G,Global,_X,Not Available,,,,,,
DATAFLOW,SPC:DF_SDG_06(3.0),Sustainable Development Goal 06 - Clean Water and Sanitation,I,A,Annual,SH_H2O_SAFE,6.1.1 Population using safely managed drinking water services,CK,Cook Islands,_T,Total,_T,All ages,_T,National,_T,Total,_T,All education levels,_T,All occupations,_Z,Not applicable,_T,No breakdown by disability,2010,,99.92,,PERCENT,percent,G,Global,_X,Not Available,,,,,,
DATAFLOW,SPC:DF_SDG_06(3.0),Sustainable Development Goal 06 - Clean Water and Sanitation,I,A,Annual,SH_H2O_SAFE,6.1.1 Population using safely managed drinking water services,CK,Cook Islands,_T,Total,_T,All ages,_T,National,_T,Total,_T,All education levels,_T,All occupations,_Z,Not applicable,_T,No breakdown by disability,2011,,99.93,,PERCENT,percent,G,Global,_X,Not Available,,,,,,
DATAFLOW,SPC:DF_SDG_06(3.0),Sustainable Development Goal 06 - Clean Water and Sanitation,I,A,Annual,SH_H2O_SAFE,6.1.1 Population using safely managed drinking water services,CK,Cook Islands,_T,Total,_T,All ages,_T,National,_T,Total,_T,All education levels,_T,All occupations,_Z,Not applicable,_T,No breakdown by disability,2012,,99.94,,PERCENT,percent,G,Global,_X,Not Available,,,,,,
DATAFLOW,SPC:DF_SDG_06(3.0),Sustainable Development Goal 06 - Clean Water and Sanitation,I,A,Annual,SH_H2O_SAFE,6.1.1 Population using safely managed drinking water services,CK,Cook Islands,_T,Total,_T,All ages,_T,National,_T,Total,_T,All education levels,_T,All occupations,_Z,Not applicable,_T,No breakdown by disability,2013,,99.94,,PERCENT,percent,G,Global,_X,Not Available,,,,,,
DATAFLOW,SPC:DF_SDG_06(3.0),Sustainable Development Goal 06 - Clean Water and Sanitation,I,A,Annual,SH_H2O_SAFE,6.1.1 Population using safely managed drinking water services,CK,Cook Islands,_T,Total,_T,All ages,_T,National,_T,Total,_T,All education levels,_T,All occupations,_Z,Not applicable,_T,No breakdown by disability,2014,,99.95,,PERCENT,percent,G,Global,_X,Not Available,,,,,,
DATAFLOW,SPC:DF_SDG_06(3.0),Sustainable Development Goal 06 - Clean Water and Sanitation,I,A,Annual,SH_H2O_SAFE,6.1.1 Population using safely managed drinking water services,CK,Cook Islands,_T,Total,_T,All ages,_T,National,_T,Total,_T,All education levels,_T,All occupations,_Z,Not applicable,_T,No breakdown by disability,2015,,99.95,,PERCENT,percent,G,Global,_X,Not Available,,,,,,
DATAFLOW,SPC:DF_SDG_06(3.0),Sustainable Development Goal 06 - Clean Water and Sanitation,I,A,Annual,SH_H2O_SAFE,6.1.1 Population using safely managed drinking water services,CK,Cook Islands,_T,Total,_T,All ages,_T,National,_T,Total,_T,All education levels,_T,All occupations,_Z,Not applicable,_T,No breakdown by disability,2016,,99.96,,PERCENT,percent,G,Global,_X,Not Available,,,,,,
DATAFLOW,SPC:DF_SDG_06(3.0),Sustainable Development Goal 06 - Clean Water and Sanitation,I,A,Annual,SH_H2O_SAFE,6.1.1 Population using safely managed drinking water services,CK,Cook Islands,_T,Total,_T,All ages,_T,National,_T,Total,_T,All education levels,_T,All occupations,_Z,Not applicable,_T,No breakdown by disability,2017,,99.97,,PERCENT,percent,G,Global,_X,Not Available,,,,,,
DATAFLOW,SPC:DF_SDG_06(3.0),Sustainable Development Goal 06 - Clean Water and Sanitation,I,A,Annual,SH_H2O_SAFE,6.1.1 Population using safely managed drinking water services,CK,Cook Islands,_T,Total,_T,All ages,_T,National,_T,Total,_T,All education levels,_T,All occupations,_Z,Not applicable,_T,No breakdown by disability,2018,,99.97,,PERCENT,percent,G,Global,_X,Not Available,,,,,,
DATAFLOW,SPC:DF_SDG_06(3.0),Sustainable Development Goal 06 - Clean Water and Sanitation,I,A,Annual,SH_H2O_SAFE,6.1.1 Population using safely managed drinking water services,CK,Cook Islands,_T,Total,_T,All ages,_T,National,_T,Total,_T,All education levels,_T,All occupations,_Z,Not applicable,_T,No breakdown by disability,2019,,99.97,,PERCENT,percent,G,Global,_X,Not Available,,,,,,
DATAFLOW,SPC:DF_SDG_06(3.0),Sustainable Development Goal 06 - Clean Water and Sanitation,I,A,Annual,SH_H2O_SAFE,6.1.1 Population using safely managed drinking water services,CK,Cook Islands,_T,Total,_T,All ages,_T,National,_T,Total,_T,All education levels,_T,All occupations,_Z,Not applicable,_T,No breakdown by disability,2020,,99.97,,PERCENT,percent,G,Global,_X,Not Available,,,,,,
DATAFLOW,SPC:DF_SDG_06(3.0),Sustainable Development Goal 06 - Clean Water and Sanitation,I,A,Annual,SH_H2O_SAFE,6.1.1 Population using safely managed drinking water services,CK,Cook Islands,_T,Total,_T,All ages,_T,National,_T,Total,_T,All education levels,_T,All occupations,_Z,Not applicable,_T,No breakdown by disability,2021,,99.97,,PERCENT,percent,G,Global,_X,Not Available,,,,,,
DATAFLOW,SPC:DF_SDG_06(3.0),Sustainable Development Goal 06 - Clean Water and Sanitation,I,A,Annual,SH_H2O_SAFE,6.1.1 Population using safely managed drinking water services,CK,Cook Islands,_T,Total,_T,All ages,_T,National,_T,Total,_T,All education levels,_T,All occupations,_Z,Not applicable,_T,No breakdown by disability,2022,,99.97,,PERCENT,percent,G,Global,_X,Not Available,,,,,,
DATAFLOW,SPC:DF_SDG_06(3.0),Sustainable Development Goal 06 - Clean Water and Sanitation,I,A,Annual,SH_H2O_SAFE,6.1.1 Population using safely managed drinking water services,KI,Kiribati,_T,Total,_T,All ages,_T,National,_T,Total,_T,All education levels,_T,All occupations,_Z,Not applicable,_T,No breakdown by disability,2000,,60.89,,PERCENT,percent,G,Global,_X,Not Available,,,,,,
DATAFLOW,SPC:DF_SDG_06(3.0),Sustainable Development Goal 06 - Clean Water and Sanitation,I,A,Annual,SH_H2O_SAFE,6.1.1 Population using safely managed drinking water services,KI,Kiribati,_T,Total,_T,All ages,_T,National,_T,Total,_T,All education levels,_T,All occupations,_Z,Not applicable,_T,No breakdown by disability,2001,,61.67,,PERCENT,percent,G,Global,_X,Not Available,,,,,,
DATAFLOW,SPC:DF_SDG_06(3.0),Sustainable Development Goal 06 - Clean Water and Sanitation,I,A,Annual,SH_H2O_SAFE,6.1.1 Population using safely managed drinking water services,KI,Kiribati,_T,Total,_T,All ages,_T,National,_T,Total,_T,All education levels,_T,All occupations,_Z,Not applicable,_T,No breakdown by disability,2002,,62.31,,PERCENT,percent,G,Global,_X,Not Available,,,,,,
DATAFLOW,SPC:DF_SDG_06(3.0),Sustainable Development Goal 06 - Clean Water and Sanitation,I,A,Annual,SH_H2O_SAFE,6.1.1 Population using safely managed drinking water services,KI,Kiribati,_T,Total,_T,All ages,_T,National,_T,Total,_T,All education levels,_T,All occupations,_Z,Not applicable,_T,No breakdown by disability,2003,,62.95,,PERCENT,percent,G,Global,_X,Not Available,,,,,,
DATAFLOW,SPC:DF_SDG_06(3.0),Sustainable Development Goal 06 - Clean Water and Sanitation,I,A,Annual,SH_H2O_SAFE,6.1.1 Population using safely managed drinking water services,KI,Kiribati,_T,Total,_T,All ages,_T,National,_T,Total,_T,All education levels,_T,All occupations,_Z,Not applicable,_T,No breakdown by disability,2004,,63.59,,PERCENT,percent,G,Global,_X,Not Available,,,,,,
DATAFLOW,SPC:DF_SDG_06(3.0),Sustainable Development Goal 06 - Clean Water and Sanitation,I,A,Annual,SH_H2O_SAFE,6.1.1 Population using safely managed drinking water services,KI,Kiribati,_T,Total,_T,All ages,_T,National,_T,Total,_T,All education levels,_T,All occupations,_Z,Not applicable,_T,No breakdown by disability,2005,,64.23,,PERCENT,percent,G,Global,_X,Not Available,,,,,,
DATAFLOW,SPC:DF_SDG_06(3.0),Sustainable Development Goal 06 - Clean Water and Sanitation,I,A,Annual,SH_H2O_SAFE,6.1.1 Population using safely managed drinking water services,KI,Kiribati,_T,Total,_T,All ages,_T,National,_T,Total,_T,All education levels,_T,All occupations,_Z,Not applicable,_T,No breakdown by disability,2006,,65.01,,PERCENT,percent,G,Global,_X,Not Available,,,,,,
DATAFLOW,SPC:DF_SDG_06(3.0),Sustainable Development Goal 06 - Clean Water and Sanitation,I,A,Annual,SH_H2O_SAFE,6.1.1 Population using safely managed drinking water services,KI,Kiribati,_T,Total,_T,All ages,_T,National,_T,Total,_T,All education levels,_T,All occupations,_Z,Not applicable,_T,No breakdown by disability,2007,,65.89,,PERCENT,percent,G,Global,_X,Not Available,,,,,,
DATAFLOW,SPC:DF_SDG_06(3.0),Sustainable Development Goal 06 - Clean Water and Sanitation,I,A,Annual,SH_H2O_SAFE,6.1.1 Population using safely managed drinking water services,KI,Kiribati,_T,Total,_T,All ages,_T,National,_T,Total,_T,All education levels,_T,All occupations,_Z,Not applicable,_T,No breakdown by disability,2008,,66.75,,PERCENT,percent,G,Global,_X,Not Available,,,,,,
DATAFLOW,SPC:DF_SDG_06(3.0),Sustainable Development Goal 06 - Clean Water and Sanitation,I,A,Annual,SH_H2O_SAFE,6.1.1 Population using safely managed drinking water services,KI,Kiribati,_T,Total,_T,All ages,_T,National,_T,Total,_T,All education levels,_T,All occupations,_Z,Not applicable,_T,No breakdown by disability,2009,,67.53,,PERCENT,percent,G,Global,_X,Not Available,,,,,,
DATAFLOW,SPC:DF_SDG_06(3.0),Sustainable Development Goal 06 - Clean Water and Sanitation,I,A,Annual,SH_H2O_SAFE,6.1.1 Population using safely managed drinking water services,KI,Kiribati,_T,Total,_T,All ages,_T,National,_T,Total,_T,All education levels,_T,All occupations,_Z,Not applicable,_T,No breakdown by disability,2010,,68.19,,PERCENT,percent,G,Global,_X,Not Available,,,,,,
DATAFLOW,SPC:DF_SDG_06(3.0),Sustainable Development Goal 06 - Clean Water and Sanitation,I,A,Annual,SH_H2O_SAFE,6.1.1 Population using safely managed drinking water services,KI,Kiribati,_T,Total,_T,All ages,_T,National,_T,Total,_T,All education levels,_T,All occupations,_Z,Not applicable,_T,No breakdown by disability,2011,,68.84,,PERCENT,percent,G,Global,_X,Not Available,,,,,,
DATAFLOW,SPC:DF_SDG_06(3.0),Sustainable Development Goal 06 - Clean Water and Sanitation,I,A,Annual,SH_H2O_SAFE,6.1.1 Population using safely managed drinking water services,KI,Kiribati,_T,Total,_T,All ages,_T,National,_T,Total,_T,All education levels,_T,All occupations,_Z,Not applicable,_T,No breakdown by disability,2012,,69.49,,PERCENT,percent,G,Global,_X,Not Available,,,,,,
DATAFLOW,SPC:DF_SDG_06(3.0),Sustainable Development Goal 06 - Clean Water and Sanitation,I,A,Annual,SH_H2O_SAFE,6.1.1 Population using safely managed drinking water services,KI,Kiribati,_T,Total,_T,All ages,_T,National,_T,Total,_T,All education levels,_T,All occupations,_Z,Not applicable,_T,No breakdown by disability,2013,,70.12,,PERCENT,percent,G,Global,_X,Not Available,,,,,,
DATAFLOW,SPC:DF_SDG_06(3.0),Sustainable Development Goal 06 - Clean Water and Sanitation,I,A,Annual,SH_H2O_SAFE,6.1.1 Population using safely managed drinking water services,KI,Kiribati,_T,Total,_T,All ages,_T,National,_T,Total,_T,All education levels,_T,All occupations,_Z,Not applicable,_T,No breakdown by disability,2014,,70.76,,PERCENT,percent,G,Global,_X,Not Available,,,,,,
DATAFLOW,SPC:DF_SDG_06(3.0),Sustainable Development Goal 06 - Clean Water and Sanitation,I,A,Annual,SH_H2O_SAFE,6.1.1 Population using safely managed drinking water services,KI,Kiribati,_T,Total,_T,All ages,_T,National,_T,Total,_T,All education levels,_T,All occupations,_Z,Not applicable,_T,No breakdown by disability,2015,,71.38,,PERCENT,percent,G,Global,_X,Not Available,,,,,,
DATAFLOW,SPC:DF_SDG_06(3.0),Sustainable Development Goal 06 - Clean Water and Sanitation,I,A,Annual,SH_H2O_SAFE,6.1.1 Population using safely managed drinking water services,KI,Kiribati,_T,Total,_T,All ages,_T,National,_T,Total,_T,All education levels,_T,All occupations,_Z,Not applicable,_T,No breakdown by disability,2016,,71.99,,PERCENT,percent,G,Global,_X,Not Available,,,,,,
DATAFLOW,SPC:DF_SDG_06(3.0),Sustainable Development Goal 06 - Clean Water and Sanitation,I,A,Annual,SH_H2O_SAFE,6.1.1 Population using safely managed drinking water services,KI,Kiribati,_T,Total,_T,All ages,_T,National,_T,Total,_T,All education levels,_T,All occupations,_Z,Not applicable,_T,No breakdown by disability,2017,,72.59,,PERCENT,percent,G,Global,_X,Not Available,,,,,,
DATAFLOW,SPC:DF_SDG_06(3.0),Sustainable Development Goal 06 - Clean Water and Sanitation,I,A,Annual,SH_H2O_SAFE,6.1.1 Population using safely managed drinking water services,KI,Kiribati,_T,Total,_T,All ages,_T,National,_T,Total,_T,All education levels,_T,All occupations,_Z,Not applicable,_T,No breakdown by disability,2018,,73.18,,PERCENT,percent,G,Global,_X,Not Available,,,,,,
DATAFLOW,SPC:DF_SDG_06(3.0),Sustainable Development Goal 06 - Clean Water and Sanitation,I,A,Annual,SH_H2O_SAFE,6.1.1 Population using safely managed drinking water services,KI,Kiribati,_T,Total,_T,All ages,_T,National,_T,Total,_T,All education levels,_T,All occupations,_Z,Not applicable,_T,No breakdown by disability,2019,,73.75,,PERCENT,percent,G,Global,_X,Not Available,,,,,,
DATAFLOW,SPC:DF_SDG_06(3.0),Sustainable Development Goal 06 - Clean Water and Sanitation,I,A,Annual,SH_H2O_SAFE,6.1.1 Population using safely managed drinking water services,KI,Kiribati,_T,Total,_T,All ages,_T,National,_T,Total,_T,All education levels,_T,All occupations,_Z,Not applicable,_T,No breakdown by disability,2020,,74.31,,PERCENT,percent,G,Global,_X,Not Available,,,,,,
DATAFLOW,SPC:DF_SDG_06(3.0),Sustainable Development Goal 06 - Clean Water and Sanitation,I,A,Annual,SH_H2O_SAFE,6.1.1 Population using safely managed drinking water services,KI,Kiribati,_T,Total,_T,All ages,_T,National,_T,Total,_T,All education levels,_T,All occupations,_Z,Not applicable,_T,No breakdown by disability,2021,,74.86,,PERCENT,percent,G,Global,_X,Not Available,,,,,,
DATAFLOW,SPC:DF_SDG_06(3.0),Sustainable Development Goal 06 - Clean Water and Sanitation,I,A,Annual,SH_H2O_SAFE,6.1.1 Population using safely managed drinking water services,KI,Kiribati,_T,Total,_T,All ages,_T,National,_T,Total,_T,All education levels,_T,All occupations,_Z,Not applicable,_T,No breakdown by disability,2022,,75.69,,PERCENT,percent,G,Global,_X,Not Available,,,,,,
DATAFLOW,SPC:DF_SDG_06(3.0),Sustainable Development Goal 06 - Clean Water and Sanitation,I,A,Annual,SH_H2O_SAFE,6.1.1 Population using safely managed drinking water services,TV,Tuvalu,_T,Total,_T,All ages,_T,National,_T,Total,_T,All education levels,_T,All occupations,_Z,Not applicable,_T,No breakdown by disability,2000,,98.81,,PERCENT,percent,G,Global,_X,Not Available,,,,,,
DATAFLOW,SPC:DF_SDG_06(3.0),Sustainable Development Goal 06 - Clean Water and Sanitation,I,A,Annual,SH_H2O_SAFE,6.1.1 Population using safely managed drinking water services,TV,Tuvalu,_T,Total,_T,All ages,_T,National,_T,Total,_T,All education levels,_T,All occupations,_Z,Not applicable,_T,No breakdown by disability,2001,,98.83,,PERCENT,percent,G,Global,_X,Not Available,,,,,,
DATAFLOW,SPC:DF_SDG_06(3.0),Sustainable Development Goal 06 - Clean Water and Sanitation,I,A,Annual,SH_H2O_SAFE,6.1.1 Population using safely managed drinking water services,TV,Tuvalu,_T,Total,_T,All ages,_T,National,_T,Total,_T,All education levels,_T,All occupations,_Z,Not applicable,_T,No breakdown by disability,2002,,98.86,,PERCENT,percent,G,Global,_X,Not Available,,,,,,
DATAFLOW,SPC:DF_SDG_06(3.0),Sustainable Development Goal 06 - Clean Water and Sanitation,I,A,Annual,SH_H2O_SAFE,6.1.1 Population using safely managed drinking water services,TV,Tuvalu,_T,Total,_T,All ages,_T,National,_T,Total,_T,All education levels,_T,All occupations,_Z,Not applicable,_T,No breakdown by disability,2003,,98.88,,PERCENT,percent,G,Global,_X,Not Available,,,,,,
DATAFLOW,SPC:DF_SDG_06(3.0),Sustainable Development Goal 06 - Clean Water and Sanitation,I,A,Annual,SH_H2O_SAFE,6.1.1 Population using safely managed drinking water services,TV,Tuvalu,_T,Total,_T,All ages,_T,National,_T,Total,_T,All education levels,_T,All occupations,_Z,Not applicable,_T,No breakdown by disability,2004,,98.9,,PERCENT,percent,G,Global,_X,Not Available,,,,,,
DATAFLOW,SPC:DF_SDG_06(3.0),Sustainable Development Goal 06 - Clean Water and Sanitation,I,A,Annual,SH_H2O_SAFE,6.1.1 Population using safely managed drinking water services,TV,Tuvalu,_T,Total,_T,All ages,_T,National,_T,Total,_T,All education levels,_T,All occupations,_Z,Not applicable,_T,No breakdown by disability,2005,,98.92,,PERCENT,percent,G,Global,_X,Not Available,,,,,,
DATAFLOW,SPC:DF_SDG_06(3.0),Sustainable Development Goal 06 - Clean Water and Sanitation,I,A,Annual,SH_H2O_SAFE,6.1.1 Population using safely managed drinking water services,TV,Tuvalu,_T,Total,_T,All ages,_T,National,_T,Total,_T,All education levels,_T,All occupations,_Z,Not applicable,_T,No breakdown by disability,2006,,98.94,,PERCENT,percent,G,Global,_X,Not Available,,,,,,
DATAFLOW,SPC:DF_SDG_06(3.0),Sustainable Development Goal 06 - Clean Water and Sanitation,I,A,Annual,SH_H2O_SAFE,6.1.1 Population using safely managed drinking water services,TV,Tuvalu,_T,Total,_T,All ages,_T,National,_T,Total,_T,All education levels,_T,All occupations,_Z,Not applicable,_T,No breakdown by disability,2007,,98.97,,PERCENT,percent,G,Global,_X,Not Available,,,,,,
DATAFLOW,SPC:DF_SDG_06(3.0),Sustainable Development Goal 06 - Clean Water and Sanitation,I,A,Annual,SH_H2O_SAFE,6.1.1 Population using safely managed drinking water services,TV,Tuvalu,_T,Total,_T,All ages,_T,National,_T,Total,_T,All education levels,_T,All occupations,_Z,Not applicable,_T,No breakdown by disability,2008,,98.99,,PERCENT,percent,G,Global,_X,Not Available,,,,,,
DATAFLOW,SPC:DF_SDG_06(3.0),Sustainable Development Goal 06 - Clean Water and Sanitation,I,A,Annual,SH_H2O_SAFE,6.1.1 Population using safely managed drinking water services,TV,Tuvalu,_T,Total,_T,All ages,_T,National,_T,Total,_T,All education levels,_T,All occupations,_Z,Not applicable,_T,No breakdown by disability,2009,,99.01,,PERCENT,percent,G,Global,_X,Not Available,,,,,,
DATAFLOW,SPC:DF_SDG_06(3.0),Sustainable Development Goal 06 - Clean Water and Sanitation,I,A,Annual,SH_H2O_SAFE,6.1.1 Population using safely managed drinking water services,TV,Tuvalu,_T,Total,_T,All ages,_T,National,_T,Total,_T,All education levels,_T,All occupations,_Z,Not applicable,_T,No breakdown by disability,2010,,99.03,,PERCENT,percent,G,Global,_X,Not Available,,,,,,
DATAFLOW,SPC:DF_SDG_06(3.0),Sustainable Development Goal 06 - Clean Water and Sanitation,I,A,Annual,SH_H2O_SAFE,6.1.1 Population using safely managed drinking water services,TV,Tuvalu,_T,Total,_T,All ages,_T,National,_T,Total,_T,All education levels,_T,All occupations,_Z,Not applicable,_T,No breakdown by disability,2011,,99.05,,PERCENT,percent,G,Global,_X,Not Available,,,,,,
DATAFLOW,SPC:DF_SDG_06(3.0),Sustainable Development Goal 06 - Clean Water and Sanitation,I,A,Annual,SH_H2O_SAFE,6.1.1 Population using safely managed drinking water services,TV,Tuvalu,_T,Total,_T,All ages,_T,National,_T,Total,_T,All education levels,_T,All occupations,_Z,Not applicable,_T,No breakdown by disability,2012,,99.07,,PERCENT,percent,G,Global,_X,Not Available,,,,,,
DATAFLOW,SPC:DF_SDG_06(3.0),Sustainable Development Goal 06 - Clean Water and Sanitation,I,A,Annual,SH_H2O_SAFE,6.1.1 Population using safely managed drinking water services,TV,Tuvalu,_T,Total,_T,All ages,_T,National,_T,Total,_T,All education levels,_T,All occupations,_Z,Not applicable,_T,No breakdown by disability,2013,,99.08,,PERCENT,percent,G,Global,_X,Not Available,,,,,,
DATAFLOW,SPC:DF_SDG_06(3.0),Sustainable Development Goal 06 - Clean Water and Sanitation,I,A,Annual,SH_H2O_SAFE,6.1.1 Population using safely managed drinking water services,TV,Tuvalu,_T,Total,_T,All ages,_T,National,_T,Total,_T,All education levels,_T,All occupations,_Z,Not applicable,_T,No breakdown by disability,2014,,99.1,,PERCENT,percent,G,Global,_X,Not Available,,,,,,
DATAFLOW,SPC:DF_SDG_06(3.0),Sustainable Development Goal 06 - Clean Water and Sanitation,I,A,Annual,SH_H2O_SAFE,6.1.1 Population using safely managed drinking water services,TV,Tuvalu,_T,Total,_T,All ages,_T,National,_T,Total,_T,All education levels,_T,All occupations,_Z,Not applicable,_T,No breakdown by disability,2015,,99.12,,PERCENT,percent,G,Global,_X,Not Available,,,,,,
DATAFLOW,SPC:DF_SDG_06(3.0),Sustainable Development Goal 06 - Clean Water and Sanitation,I,A,Annual,SH_H2O_SAFE,6.1.1 Population using safely managed drinking water services,TV,Tuvalu,_T,Total,_T,All ages,_T,National,_T,Total,_T,All education levels,_T,All occupations,_Z,Not applicable,_T,No breakdown by disability,2016,,99.14,,PERCENT,percent,G,Global,_X,Not Available,,,,,,
DATAFLOW,SPC:DF_SDG_06(3.0),Sustainable Development Goal 06 - Clean Water and Sanitation,I,A,Annual,SH_H2O_SAFE,6.1.1 Population using safely managed drinking water services,TV,Tuvalu,_T,Total,_T,All ages,_T,National,_T,Total,_T,All education levels,_T,All occupations,_Z,Not applicable,_T,No breakdown by disability,2017,,99.16,,PERCENT,percent,G,Global,_X,Not Available,,,,,,
DATAFLOW,SPC:DF_SDG_06(3.0),Sustainable Development Goal 06 - Clean Water and Sanitation,I,A,Annual,SH_H2O_SAFE,6.1.1 Population using safely managed drinking water services,TV,Tuvalu,_T,Total,_T,All ages,_T,National,_T,Total,_T,All education levels,_T,All occupations,_Z,Not applicable,_T,No breakdown by disability,2018,,99.18,,PERCENT,percent,G,Global,_X,Not Available,,,,,,
DATAFLOW,SPC:DF_SDG_06(3.0),Sustainable Development Goal 06 - Clean Water and Sanitation,I,A,Annual,SH_H2O_SAFE,6.1.1 Population using safely managed drinking water services,TV,Tuvalu,_T,Total,_T,All ages,_T,National,_T,Total,_T,All education levels,_T,All occupations,_Z,Not applicable,_T,No breakdown by disability,2019,,99.2,,PERCENT,percent,G,Global,_X,Not Available,,,,,,
DATAFLOW,SPC:DF_SDG_06(3.0),Sustainable Development Goal 06 - Clean Water and Sanitation,I,A,Annual,SH_H2O_SAFE,6.1.1 Population using safely managed drinking water services,TV,Tuvalu,_T,Total,_T,All ages,_T,National,_T,Total,_T,All education levels,_T,All occupations,_Z,Not applicable,_T,No breakdown by disability,2020,,99.22,,PERCENT,percent,G,Global,_X,Not Available,,,,,,
DATAFLOW,SPC:DF_SDG_06(3.0),Sustainable Development Goal 06 - Clean Water and Sanitation,I,A,Annual,SH_H2O_SAFE,6.1.1 Population using safely managed drinking water services,TV,Tuvalu,_T,Total,_T,All ages,_T,National,_T,Total,_T,All education levels,_T,All occupations,_Z,Not applicable,_T,No breakdown by disability,2021,,99.24,,PERCENT,percent,G,Global,_X,Not Available,,,,,,
DATAFLOW,SPC:DF_SDG_06(3.0),Sustainable Development Goal 06 - Clean Water and Sanitation,I,A,Annual,SH_H2O_SAFE,6.1.1 Population using safely managed drinking water services,TV,Tuvalu,_T,Total,_T,All ages,_T,National,_T,Total,_T,All education levels,_T,All occupations,_Z,Not applicable,_T,No breakdown by disability,2022,,99.26,,PERCENT,percent,G,Global,_X,Not Available,,,,,,
DATAFLOW,SPC:DF_SDG_06(3.0),Sustainable Development Goal 06 - Clean Water and Sanitation,I,A,Annual,SH_H2O_SAFE,6.1.1 Population using safely managed drinking water services,MP,Northern Mariana Islands,_T,Total,_T,All ages,_T,National,_T,Total,_T,All education levels,_T,All occupations,_Z,Not applicable,_T,No breakdown by disability,2000,,82.03,,PERCENT,percent,G,Global,E,Estimated,"WHO/UNICEF Joint Monitoring Programme for Water Supply, Sanitation and Hygiene (2023)",,,,,
DATAFLOW,SPC:DF_SDG_06(3.0),Sustainable Development Goal 06 - Clean Water and Sanitation,I,A,Annual,SH_H2O_SAFE,6.1.1 Population using safely managed drinking water services,MP,Northern Mariana Islands,_T,Total,_T,All ages,_T,National,_T,Total,_T,All education levels,_T,All occupations,_Z,Not applicable,_T,No breakdown by disability,2001,,82.2,,PERCENT,percent,G,Global,E,Estimated,"WHO/UNICEF Joint Monitoring Programme for Water Supply, Sanitation and Hygiene (2023)",,,,,
DATAFLOW,SPC:DF_SDG_06(3.0),Sustainable Development Goal 06 - Clean Water and Sanitation,I,A,Annual,SH_H2O_SAFE,6.1.1 Population using safely managed drinking water services,MP,Northern Mariana Islands,_T,Total,_T,All ages,_T,National,_T,Total,_T,All education levels,_T,All occupations,_Z,Not applicable,_T,No breakdown by disability,2002,,82.38,,PERCENT,percent,G,Global,E,Estimated,"WHO/UNICEF Joint Monitoring Programme for Water Supply, Sanitation and Hygiene (2023)",,,,,
DATAFLOW,SPC:DF_SDG_06(3.0),Sustainable Development Goal 06 - Clean Water and Sanitation,I,A,Annual,SH_H2O_SAFE,6.1.1 Population using safely managed drinking water services,MP,Northern Mariana Islands,_T,Total,_T,All ages,_T,National,_T,Total,_T,All education levels,_T,All occupations,_Z,Not applicable,_T,No breakdown by disability,2003,,82.56,,PERCENT,percent,G,Global,E,Estimated,"WHO/UNICEF Joint Monitoring Programme for Water Supply, Sanitation and Hygiene (2023)",,,,,
DATAFLOW,SPC:DF_SDG_06(3.0),Sustainable Development Goal 06 - Clean Water and Sanitation,I,A,Annual,SH_H2O_SAFE,6.1.1 Population using safely managed drinking water services,MP,Northern Mariana Islands,_T,Total,_T,All ages,_T,National,_T,Total,_T,All education levels,_T,All occupations,_Z,Not applicable,_T,No breakdown by disability,2004,,83.12,,PERCENT,percent,G,Global,E,Estimated,"WHO/UNICEF Joint Monitoring Programme for Water Supply, Sanitation and Hygiene (2023)",,,,,
DATAFLOW,SPC:DF_SDG_06(3.0),Sustainable Development Goal 06 - Clean Water and Sanitation,I,A,Annual,SH_H2O_SAFE,6.1.1 Population using safely managed drinking water services,MP,Northern Mariana Islands,_T,Total,_T,All ages,_T,National,_T,Total,_T,All education levels,_T,All occupations,_Z,Not applicable,_T,No breakdown by disability,2005,,83.69,,PERCENT,percent,G,Global,E,Estimated,"WHO/UNICEF Joint Monitoring Programme for Water Supply, Sanitation and Hygiene (2023)",,,,,
DATAFLOW,SPC:DF_SDG_06(3.0),Sustainable Development Goal 06 - Clean Water and Sanitation,I,A,Annual,SH_H2O_SAFE,6.1.1 Population using safely managed drinking water services,MP,Northern Mariana Islands,_T,Total,_T,All ages,_T,National,_T,Total,_T,All education levels,_T,All occupations,_Z,Not applicable,_T,No breakdown by disability,2006,,84.26,,PERCENT,percent,G,Global,E,Estimated,"WHO/UNICEF Joint Monitoring Programme for Water Supply, Sanitation and Hygiene (2023)",,,,,
DATAFLOW,SPC:DF_SDG_06(3.0),Sustainable Development Goal 06 - Clean Water and Sanitation,I,A,Annual,SH_H2O_SAFE,6.1.1 Population using safely managed drinking water services,MP,Northern Mariana Islands,_T,Total,_T,All ages,_T,National,_T,Total,_T,All education levels,_T,All occupations,_Z,Not applicable,_T,No breakdown by disability,2007,,84.82,,PERCENT,percent,G,Global,E,Estimated,"WHO/UNICEF Joint Monitoring Programme for Water Supply, Sanitation and Hygiene (2023)",,,,,
DATAFLOW,SPC:DF_SDG_06(3.0),Sustainable Development Goal 06 - Clean Water and Sanitation,I,A,Annual,SH_H2O_SAFE,6.1.1 Population using safely managed drinking water services,MP,Northern Mariana Islands,_T,Total,_T,All ages,_T,National,_T,Total,_T,All education levels,_T,All occupations,_Z,Not applicable,_T,No breakdown by disability,2008,,85.39,,PERCENT,percent,G,Global,E,Estimated,"WHO/UNICEF Joint Monitoring Programme for Water Supply, Sanitation and Hygiene (2023)",,,,,
DATAFLOW,SPC:DF_SDG_06(3.0),Sustainable Development Goal 06 - Clean Water and Sanitation,I,A,Annual,SH_H2O_SAFE,6.1.1 Population using safely managed drinking water services,MP,Northern Mariana Islands,_T,Total,_T,All ages,_T,National,_T,Total,_T,All education levels,_T,All occupations,_Z,Not applicable,_T,No breakdown by disability,2009,,85.97,,PERCENT,percent,G,Global,E,Estimated,"WHO/UNICEF Joint Monitoring Programme for Water Supply, Sanitation and Hygiene (2023)",,,,,
DATAFLOW,SPC:DF_SDG_06(3.0),Sustainable Development Goal 06 - Clean Water and Sanitation,I,A,Annual,SH_H2O_SAFE,6.1.1 Population using safely managed drinking water services,MP,Northern Mariana Islands,_T,Total,_T,All ages,_T,National,_T,Total,_T,All education levels,_T,All occupations,_Z,Not applicable,_T,No breakdown by disability,2010,,86.54,,PERCENT,percent,G,Global,E,Estimated,"WHO/UNICEF Joint Monitoring Programme for Water Supply, Sanitation and Hygiene (2023)",,,,,
DATAFLOW,SPC:DF_SDG_06(3.0),Sustainable Development Goal 06 - Clean Water and Sanitation,I,A,Annual,SH_H2O_SAFE,6.1.1 Population using safely managed drinking water services,MP,Northern Mariana Islands,_T,Total,_T,All ages,_T,National,_T,Total,_T,All education levels,_T,All occupations,_Z,Not applicable,_T,No breakdown by disability,2011,,87.12,,PERCENT,percent,G,Global,E,Estimated,"WHO/UNICEF Joint Monitoring Programme for Water Supply, Sanitation and Hygiene (2023)",,,,,
DATAFLOW,SPC:DF_SDG_06(3.0),Sustainable Development Goal 06 - Clean Water and Sanitation,I,A,Annual,SH_H2O_SAFE,6.1.1 Population using safely managed drinking water services,MP,Northern Mariana Islands,_T,Total,_T,All ages,_T,National,_T,Total,_T,All education levels,_T,All occupations,_Z,Not applicable,_T,No breakdown by disability,2012,,87.69,,PERCENT,percent,G,Global,E,Estimated,"WHO/UNICEF Joint Monitoring Programme for Water Supply, Sanitation and Hygiene (2023)",,,,,
DATAFLOW,SPC:DF_SDG_06(3.0),Sustainable Development Goal 06 - Clean Water and Sanitation,I,A,Annual,SH_H2O_SAFE,6.1.1 Population using safely managed drinking water services,MP,Northern Mariana Islands,_T,Total,_T,All ages,_T,National,_T,Total,_T,All education levels,_T,All occupations,_Z,Not applicable,_T,No breakdown by disability,2013,,88.27,,PERCENT,percent,G,Global,E,Estimated,"WHO/UNICEF Joint Monitoring Programme for Water Supply, Sanitation and Hygiene (2023)",,,,,
DATAFLOW,SPC:DF_SDG_06(3.0),Sustainable Development Goal 06 - Clean Water and Sanitation,I,A,Annual,SH_H2O_SAFE,6.1.1 Population using safely managed drinking water services,MP,Northern Mariana Islands,_T,Total,_T,All ages,_T,National,_T,Total,_T,All education levels,_T,All occupations,_Z,Not applicable,_T,No breakdown by disability,2014,,88.85,,PERCENT,percent,G,Global,E,Estimated,"WHO/UNICEF Joint Monitoring Programme for Water Supply, Sanitation and Hygiene (2023)",,,,,
DATAFLOW,SPC:DF_SDG_06(3.0),Sustainable Development Goal 06 - Clean Water and Sanitation,I,A,Annual,SH_H2O_SAFE,6.1.1 Population using safely managed drinking water services,MP,Northern Mariana Islands,_T,Total,_T,All ages,_T,National,_T,Total,_T,All education levels,_T,All occupations,_Z,Not applicable,_T,No breakdown by disability,2015,,89.43,,PERCENT,percent,G,Global,E,Estimated,"WHO/UNICEF Joint Monitoring Programme for Water Supply, Sanitation and Hygiene (2023)",,,,,
DATAFLOW,SPC:DF_SDG_06(3.0),Sustainable Development Goal 06 - Clean Water and Sanitation,I,A,Annual,SH_H2O_SAFE,6.1.1 Population using safely managed drinking water services,MP,Northern Mariana Islands,_T,Total,_T,All ages,_T,National,_T,Total,_T,All education levels,_T,All occupations,_Z,Not applicable,_T,No breakdown by disability,2016,,89.85,,PERCENT,percent,G,Global,E,Estimated,"WHO/UNICEF Joint Monitoring Programme for Water Supply, Sanitation and Hygiene (2023)",,,,,
DATAFLOW,SPC:DF_SDG_06(3.0),Sustainable Development Goal 06 - Clean Water and Sanitation,I,A,Annual,SH_H2O_SAFE,6.1.1 Population using safely managed drinking water services,MP,Northern Mariana Islands,_T,Total,_T,All ages,_T,National,_T,Total,_T,All education levels,_T,All occupations,_Z,Not applicable,_T,No breakdown by disability,2017,,90.24,,PERCENT,percent,G,Global,E,Estimated,"WHO/UNICEF Joint Monitoring Programme for Water Supply, Sanitation and Hygiene (2023)",,,,,
DATAFLOW,SPC:DF_SDG_06(3.0),Sustainable Development Goal 06 - Clean Water and Sanitation,I,A,Annual,SH_H2O_SAFE,6.1.1 Population using safely managed drinking water services,MP,Northern Mariana Islands,_T,Total,_T,All ages,_T,National,_T,Total,_T,All education levels,_T,All occupations,_Z,Not applicable,_T,No breakdown by disability,2018,,90.64,,PERCENT,percent,G,Global,E,Estimated,"WHO/UNICEF Joint Monitoring Programme for Water Supply, Sanitation and Hygiene (2023)",,,,,
DATAFLOW,SPC:DF_SDG_06(3.0),Sustainable Development Goal 06 - Clean Water and Sanitation,I,A,Annual,SH_H2O_SAFE,6.1.1 Population using safely managed drinking water services,MP,Northern Mariana Islands,_T,Total,_T,All ages,_T,National,_T,Total,_T,All education levels,_T,All occupations,_Z,Not applicable,_T,No breakdown by disability,2019,,90.64,,PERCENT,percent,G,Global,E,Estimated,"WHO/UNICEF Joint Monitoring Programme for Water Supply, Sanitation and Hygiene (2023)",,,,,
DATAFLOW,SPC:DF_SDG_06(3.0),Sustainable Development Goal 06 - Clean Water and Sanitation,I,A,Annual,SH_H2O_SAFE,6.1.1 Population using safely managed drinking water services,MP,Northern Mariana Islands,_T,Total,_T,All ages,_T,National,_T,Total,_T,All education levels,_T,All occupations,_Z,Not applicable,_T,No breakdown by disability,2020,,90.64,,PERCENT,percent,G,Global,E,Estimated,"WHO/UNICEF Joint Monitoring Programme for Water Supply, Sanitation and Hygiene (2023)",,,,,
DATAFLOW,SPC:DF_SDG_06(3.0),Sustainable Development Goal 06 - Clean Water and Sanitation,I,A,Annual,SH_H2O_SAFE,6.1.1 Population using safely managed drinking water services,MP,Northern Mariana Islands,_T,Total,_T,All ages,_T,National,_T,Total,_T,All education levels,_T,All occupations,_Z,Not applicable,_T,No breakdown by disability,2021,,90.64,,PERCENT,percent,G,Global,E,Estimated,"WHO/UNICEF Joint Monitoring Programme for Water Supply, Sanitation and Hygiene (2023)",,,,,
DATAFLOW,SPC:DF_SDG_06(3.0),Sustainable Development Goal 06 - Clean Water and Sanitation,I,A,Annual,SH_H2O_SAFE,6.1.1 Population using safely managed drinking water services,MP,Northern Mariana Islands,_T,Total,_T,All ages,_T,National,_T,Total,_T,All education levels,_T,All occupations,_Z,Not applicable,_T,No breakdown by disability,2022,,90.64,,PERCENT,percent,G,Global,E,Estimated,"WHO/UNICEF Joint Monitoring Programme for Water Supply, Sanitation and Hygiene (2023)",,,,,
DATAFLOW,SPC:DF_SDG_06(3.0),Sustainable Development Goal 06 - Clean Water and Sanitation,I,A,Annual,SH_H2O_SAFE,6.1.1 Population using safely managed drinking water services,AS,American Samoa,_T,Total,_T,All ages,_T,National,_T,Total,_T,All education levels,_T,All occupations,_Z,Not applicable,_T,No breakdown by disability,2000,,80.58,,PERCENT,percent,G,Global,E,Estimated,"WHO/UNICEF Joint Monitoring Programme for Water Supply, Sanitation and Hygiene (2023)",,,,,
DATAFLOW,SPC:DF_SDG_06(3.0),Sustainable Development Goal 06 - Clean Water and Sanitation,I,A,Annual,SH_H2O_SAFE,6.1.1 Population using safely managed drinking water services,AS,American Samoa,_T,Total,_T,All ages,_T,National,_T,Total,_T,All education levels,_T,All occupations,_Z,Not applicable,_T,No breakdown by disability,2001,,81.62,,PERCENT,percent,G,Global,E,Estimated,"WHO/UNICEF Joint Monitoring Programme for Water Supply, Sanitation and Hygiene (2023)",,,,,
DATAFLOW,SPC:DF_SDG_06(3.0),Sustainable Development Goal 06 - Clean Water and Sanitation,I,A,Annual,SH_H2O_SAFE,6.1.1 Population using safely managed drinking water services,AS,American Samoa,_T,Total,_T,All ages,_T,National,_T,Total,_T,All education levels,_T,All occupations,_Z,Not applicable,_T,No breakdown by disability,2002,,82.66,,PERCENT,percent,G,Global,E,Estimated,"WHO/UNICEF Joint Monitoring Programme for Water Supply, Sanitation and Hygiene (2023)",,,,,
DATAFLOW,SPC:DF_SDG_06(3.0),Sustainable Development Goal 06 - Clean Water and Sanitation,I,A,Annual,SH_H2O_SAFE,6.1.1 Population using safely managed drinking water services,AS,American Samoa,_T,Total,_T,All ages,_T,National,_T,Total,_T,All education levels,_T,All occupations,_Z,Not applicable,_T,No breakdown by disability,2003,,83.71,,PERCENT,percent,G,Global,E,Estimated,"WHO/UNICEF Joint Monitoring Programme for Water Supply, Sanitation and Hygiene (2023)",,,,,
DATAFLOW,SPC:DF_SDG_06(3.0),Sustainable Development Goal 06 - Clean Water and Sanitation,I,A,Annual,SH_H2O_SAFE,6.1.1 Population using safely managed drinking water services,AS,American Samoa,_T,Total,_T,All ages,_T,National,_T,Total,_T,All education levels,_T,All occupations,_Z,Not applicable,_T,No breakdown by disability,2004,,84.77,,PERCENT,percent,G,Global,E,Estimated,"WHO/UNICEF Joint Monitoring Programme for Water Supply, Sanitation and Hygiene (2023)",,,,,
DATAFLOW,SPC:DF_SDG_06(3.0),Sustainable Development Goal 06 - Clean Water and Sanitation,I,A,Annual,SH_H2O_SAFE,6.1.1 Population using safely managed drinking water services,AS,American Samoa,_T,Total,_T,All ages,_T,National,_T,Total,_T,All education levels,_T,All occupations,_Z,Not applicable,_T,No breakdown by disability,2005,,85.83,,PERCENT,percent,G,Global,E,Estimated,"WHO/UNICEF Joint Monitoring Programme for Water Supply, Sanitation and Hygiene (2023)",,,,,
DATAFLOW,SPC:DF_SDG_06(3.0),Sustainable Development Goal 06 - Clean Water and Sanitation,I,A,Annual,SH_H2O_SAFE,6.1.1 Population using safely managed drinking water services,AS,American Samoa,_T,Total,_T,All ages,_T,National,_T,Total,_T,All education levels,_T,All occupations,_Z,Not applicable,_T,No breakdown by disability,2006,,86.89,,PERCENT,percent,G,Global,E,Estimated,"WHO/UNICEF Joint Monitoring Programme for Water Supply, Sanitation and Hygiene (2023)",,,,,
DATAFLOW,SPC:DF_SDG_06(3.0),Sustainable Development Goal 06 - Clean Water and Sanitation,I,A,Annual,SH_H2O_SAFE,6.1.1 Population using safely managed drinking water services,AS,American Samoa,_T,Total,_T,All ages,_T,National,_T,Total,_T,All education levels,_T,All occupations,_Z,Not applicable,_T,No breakdown by disability,2007,,87.56,,PERCENT,percent,G,Global,E,Estimated,"WHO/UNICEF Joint Monitoring Programme for Water Supply, Sanitation and Hygiene (2023)",,,,,
DATAFLOW,SPC:DF_SDG_06(3.0),Sustainable Development Goal 06 - Clean Water and Sanitation,I,A,Annual,SH_H2O_SAFE,6.1.1 Population using safely managed drinking water services,AS,American Samoa,_T,Total,_T,All ages,_T,National,_T,Total,_T,All education levels,_T,All occupations,_Z,Not applicable,_T,No breakdown by disability,2008,,87.79,,PERCENT,percent,G,Global,E,Estimated,"WHO/UNICEF Joint Monitoring Programme for Water Supply, Sanitation and Hygiene (2023)",,,,,
DATAFLOW,SPC:DF_SDG_06(3.0),Sustainable Development Goal 06 - Clean Water and Sanitation,I,A,Annual,SH_H2O_SAFE,6.1.1 Population using safely managed drinking water services,AS,American Samoa,_T,Total,_T,All ages,_T,National,_T,Total,_T,All education levels,_T,All occupations,_Z,Not applicable,_T,No breakdown by disability,2009,,88.02,,PERCENT,percent,G,Global,E,Estimated,"WHO/UNICEF Joint Monitoring Programme for Water Supply, Sanitation and Hygiene (2023)",,,,,
DATAFLOW,SPC:DF_SDG_06(3.0),Sustainable Development Goal 06 - Clean Water and Sanitation,I,A,Annual,SH_H2O_SAFE,6.1.1 Population using safely managed drinking water services,AS,American Samoa,_T,Total,_T,All ages,_T,National,_T,Total,_T,All education levels,_T,All occupations,_Z,Not applicable,_T,No breakdown by disability,2010,,88.25,,PERCENT,percent,G,Global,E,Estimated,"WHO/UNICEF Joint Monitoring Programme for Water Supply, Sanitation and Hygiene (2023)",,,,,
DATAFLOW,SPC:DF_SDG_06(3.0),Sustainable Development Goal 06 - Clean Water and Sanitation,I,A,Annual,SH_H2O_SAFE,6.1.1 Population using safely managed drinking water services,AS,American Samoa,_T,Total,_T,All ages,_T,National,_T,Total,_T,All education levels,_T,All occupations,_Z,Not applicable,_T,No breakdown by disability,2011,,88.48,,PERCENT,percent,G,Global,E,Estimated,"WHO/UNICEF Joint Monitoring Programme for Water Supply, Sanitation and Hygiene (2023)",,,,,
DATAFLOW,SPC:DF_SDG_06(3.0),Sustainable Development Goal 06 - Clean Water and Sanitation,I,A,Annual,SH_H2O_SAFE,6.1.1 Population using safely managed drinking water services,AS,American Samoa,_T,Total,_T,All ages,_T,National,_T,Total,_T,All education levels,_T,All occupations,_Z,Not applicable,_T,No breakdown by disability,2012,,88.71,,PERCENT,percent,G,Global,E,Estimated,"WHO/UNICEF Joint Monitoring Programme for Water Supply, Sanitation and Hygiene (2023)",,,,,
DATAFLOW,SPC:DF_SDG_06(3.0),Sustainable Development Goal 06 - Clean Water and Sanitation,I,A,Annual,SH_H2O_SAFE,6.1.1 Population using safely managed drinking water services,AS,American Samoa,_T,Total,_T,All ages,_T,National,_T,Total,_T,All education levels,_T,All occupations,_Z,Not applicable,_T,No breakdown by disability,2013,,88.94,,PERCENT,percent,G,Global,E,Estimated,"WHO/UNICEF Joint Monitoring Programme for Water Supply, Sanitation and Hygiene (2023)",,,,,
DATAFLOW,SPC:DF_SDG_06(3.0),Sustainable Development Goal 06 - Clean Water and Sanitation,I,A,Annual,SH_H2O_SAFE,6.1.1 Population using safely managed drinking water services,AS,American Samoa,_T,Total,_T,All ages,_T,National,_T,Total,_T,All education levels,_T,All occupations,_Z,Not applicable,_T,No breakdown by disability,2014,,89.17,,PERCENT,percent,G,Global,E,Estimated,"WHO/UNICEF Joint Monitoring Programme for Water Supply, Sanitation and Hygiene (2023)",,,,,
DATAFLOW,SPC:DF_SDG_06(3.0),Sustainable Development Goal 06 - Clean Water and Sanitation,I,A,Annual,SH_H2O_SAFE,6.1.1 Population using safely managed drinking water services,AS,American Samoa,_T,Total,_T,All ages,_T,National,_T,Total,_T,All education levels,_T,All occupations,_Z,Not applicable,_T,No breakdown by disability,2015,,89.4,,PERCENT,percent,G,Global,E,Estimated,"WHO/UNICEF Joint Monitoring Programme for Water Supply, Sanitation and Hygiene (2023)",,,,,
DATAFLOW,SPC:DF_SDG_06(3.0),Sustainable Development Goal 06 - Clean Water and Sanitation,I,A,Annual,SH_H2O_SAFE,6.1.1 Population using safely managed drinking water services,AS,American Samoa,_T,Total,_T,All ages,_T,National,_T,Total,_T,All education levels,_T,All occupations,_Z,Not applicable,_T,No breakdown by disability,2016,,89.62,,PERCENT,percent,G,Global,E,Estimated,"WHO/UNICEF Joint Monitoring Programme for Water Supply, Sanitation and Hygiene (2023)",,,,,
DATAFLOW,SPC:DF_SDG_06(3.0),Sustainable Development Goal 06 - Clean Water and Sanitation,I,A,Annual,SH_H2O_SAFE,6.1.1 Population using safely managed drinking water services,AS,American Samoa,_T,Total,_T,All ages,_T,National,_T,Total,_T,All education levels,_T,All occupations,_Z,Not applicable,_T,No breakdown by disability,2017,,89.85,,PERCENT,percent,G,Global,E,Estimated,"WHO/UNICEF Joint Monitoring Programme for Water Supply, Sanitation and Hygiene (2023)",,,,,
DATAFLOW,SPC:DF_SDG_06(3.0),Sustainable Development Goal 06 - Clean Water and Sanitation,I,A,Annual,SH_H2O_SAFE,6.1.1 Population using safely managed drinking water services,AS,American Samoa,_T,Total,_T,All ages,_T,National,_T,Total,_T,All education levels,_T,All occupations,_Z,Not applicable,_T,No breakdown by disability,2018,,89.85,,PERCENT,percent,G,Global,E,Estimated,"WHO/UNICEF Joint Monitoring Programme for Water Supply, Sanitation and Hygiene (2023)",,,,,
DATAFLOW,SPC:DF_SDG_06(3.0),Sustainable Development Goal 06 - Clean Water and Sanitation,I,A,Annual,SH_H2O_SAFE,6.1.1 Population using safely managed drinking water services,AS,American Samoa,_T,Total,_T,All ages,_T,National,_T,Total,_T,All education levels,_T,All occupations,_Z,Not applicable,_T,No breakdown by disability,2019,,89.85,,PERCENT,percent,G,Global,E,Estimated,"WHO/UNICEF Joint Monitoring Programme for Water Supply, Sanitation and Hygiene (2023)",,,,,
DATAFLOW,SPC:DF_SDG_06(3.0),Sustainable Development Goal 06 - Clean Water and Sanitation,I,A,Annual,SH_H2O_SAFE,6.1.1 Population using safely managed drinking water services,AS,American Samoa,_T,Total,_T,All ages,_T,National,_T,Total,_T,All education levels,_T,All occupations,_Z,Not applicable,_T,No breakdown by disability,2020,,89.85,,PERCENT,percent,G,Global,E,Estimated,"WHO/UNICEF Joint Monitoring Programme for Water Supply, Sanitation and Hygiene (2023)",,,,,
DATAFLOW,SPC:DF_SDG_06(3.0),Sustainable Development Goal 06 - Clean Water and Sanitation,I,A,Annual,SH_H2O_SAFE,6.1.1 Population using safely managed drinking water services,AS,American Samoa,_T,Total,_T,All ages,_T,National,_T,Total,_T,All education levels,_T,All occupations,_Z,Not applicable,_T,No breakdown by disability,2021,,89.85,,PERCENT,percent,G,Global,E,Estimated,"WHO/UNICEF Joint Monitoring Programme for Water Supply, Sanitation and Hygiene (2023)",,,,,
DATAFLOW,SPC:DF_SDG_06(3.0),Sustainable Development Goal 06 - Clean Water and Sanitation,I,A,Annual,SH_H2O_SAFE,6.1.1 Population using safely managed drinking water services,WF,Wallis and Futuna,_T,Total,_T,All ages,_T,National,_T,Total,_T,All education levels,_T,All occupations,_Z,Not applicable,_T,No breakdown by disability,2000,,69.15,,PERCENT,percent,G,Global,E,Estimated,"WHO/UNICEF Joint Monitoring Programme for Water Supply, Sanitation and Hygiene (2023)",,,,,
DATAFLOW,SPC:DF_SDG_06(3.0),Sustainable Development Goal 06 - Clean Water and Sanitation,I,A,Annual,SH_H2O_SAFE,6.1.1 Population using safely managed drinking water services,WF,Wallis and Futuna,_T,Total,_T,All ages,_T,National,_T,Total,_T,All education levels,_T,All occupations,_Z,Not applicable,_T,No breakdown by disability,2001,,69.15,,PERCENT,percent,G,Global,E,Estimated,"WHO/UNICEF Joint Monitoring Programme for Water Supply, Sanitation and Hygiene (2023)",,,,,
DATAFLOW,SPC:DF_SDG_06(3.0),Sustainable Development Goal 06 - Clean Water and Sanitation,I,A,Annual,SH_H2O_SAFE,6.1.1 Population using safely managed drinking water services,WF,Wallis and Futuna,_T,Total,_T,All ages,_T,National,_T,Total,_T,All education levels,_T,All occupations,_Z,Not applicable,_T,No breakdown by disability,2002,,69.13,,PERCENT,percent,G,Global,E,Estimated,"WHO/UNICEF Joint Monitoring Programme for Water Supply, Sanitation and Hygiene (2023)",,,,,
DATAFLOW,SPC:DF_SDG_06(3.0),Sustainable Development Goal 06 - Clean Water and Sanitation,I,A,Annual,SH_H2O_SAFE,6.1.1 Population using safely managed drinking water services,WF,Wallis and Futuna,_T,Total,_T,All ages,_T,National,_T,Total,_T,All education levels,_T,All occupations,_Z,Not applicable,_T,No breakdown by disability,2003,,69.12,,PERCENT,percent,G,Global,E,Estimated,"WHO/UNICEF Joint Monitoring Programme for Water Supply, Sanitation and Hygiene (2023)",,,,,
DATAFLOW,SPC:DF_SDG_06(3.0),Sustainable Development Goal 06 - Clean Water and Sanitation,I,A,Annual,SH_H2O_SAFE,6.1.1 Population using safely managed drinking water services,WF,Wallis and Futuna,_T,Total,_T,All ages,_T,National,_T,Total,_T,All education levels,_T,All occupations,_Z,Not applicable,_T,No breakdown by disability,2004,,69.11,,PERCENT,percent,G,Global,E,Estimated,"WHO/UNICEF Joint Monitoring Programme for Water Supply, Sanitation and Hygiene (2023)",,,,,
DATAFLOW,SPC:DF_SDG_06(3.0),Sustainable Development Goal 06 - Clean Water and Sanitation,I,A,Annual,SH_H2O_SAFE,6.1.1 Population using safely managed drinking water services,WF,Wallis and Futuna,_T,Total,_T,All ages,_T,National,_T,Total,_T,All education levels,_T,All occupations,_Z,Not applicable,_T,No breakdown by disability,2005,,69.09,,PERCENT,percent,G,Global,E,Estimated,"WHO/UNICEF Joint Monitoring Programme for Water Supply, Sanitation and Hygiene (2023)",,,,,
DATAFLOW,SPC:DF_SDG_06(3.0),Sustainable Development Goal 06 - Clean Water and Sanitation,I,A,Annual,SH_H2O_SAFE,6.1.1 Population using safely managed drinking water services,WF,Wallis and Futuna,_T,Total,_T,All ages,_T,National,_T,Total,_T,All education levels,_T,All occupations,_Z,Not applicable,_T,No breakdown by disability,2006,,69.08,,PERCENT,percent,G,Global,E,Estimated,"WHO/UNICEF Joint Monitoring Programme for Water Supply, Sanitation and Hygiene (2023)",,,,,
DATAFLOW,SPC:DF_SDG_06(3.0),Sustainable Development Goal 06 - Clean Water and Sanitation,I,A,Annual,SH_H2O_SAFE,6.1.1 Population using safely managed drinking water services,WF,Wallis and Futuna,_T,Total,_T,All ages,_T,National,_T,Total,_T,All education levels,_T,All occupations,_Z,Not applicable,_T,No breakdown by disability,2007,,69.07,,PERCENT,percent,G,Global,E,Estimated,"WHO/UNICEF Joint Monitoring Programme for Water Supply, Sanitation and Hygiene (2023)",,,,,
DATAFLOW,SPC:DF_SDG_06(3.0),Sustainable Development Goal 06 - Clean Water and Sanitation,I,A,Annual,SH_H2O_SAFE,6.1.1 Population using safely managed drinking water services,WF,Wallis and Futuna,_T,Total,_T,All ages,_T,National,_T,Total,_T,All education levels,_T,All occupations,_Z,Not applicable,_T,No breakdown by disability,2008,,69.05,,PERCENT,percent,G,Global,E,Estimated,"WHO/UNICEF Joint Monitoring Programme for Water Supply, Sanitation and Hygiene (2023)",,,,,
DATAFLOW,SPC:DF_SDG_06(3.0),Sustainable Development Goal 06 - Clean Water and Sanitation,I,A,Annual,SH_H2O_SAFE,6.1.1 Population using safely managed drinking water services,WF,Wallis and Futuna,_T,Total,_T,All ages,_T,National,_T,Total,_T,All education levels,_T,All occupations,_Z,Not applicable,_T,No breakdown by disability,2009,,69.04,,PERCENT,percent,G,Global,E,Estimated,"WHO/UNICEF Joint Monitoring Programme for Water Supply, Sanitation and Hygiene (2023)",,,,,
DATAFLOW,SPC:DF_SDG_06(3.0),Sustainable Development Goal 06 - Clean Water and Sanitation,I,A,Annual,SH_H2O_SAFE,6.1.1 Population using safely managed drinking water services,WF,Wallis and Futuna,_T,Total,_T,All ages,_T,National,_T,Total,_T,All education levels,_T,All occupations,_Z,Not applicable,_T,No breakdown by disability,2010,,69.03,,PERCENT,percent,G,Global,E,Estimated,"WHO/UNICEF Joint Monitoring Programme for Water Supply, Sanitation and Hygiene (2023)",,,,,
DATAFLOW,SPC:DF_SDG_06(3.0),Sustainable Development Goal 06 - Clean Water and Sanitation,I,A,Annual,SH_H2O_SAFE,6.1.1 Population using safely managed drinking water services,WF,Wallis and Futuna,_T,Total,_T,All ages,_T,National,_T,Total,_T,All education levels,_T,All occupations,_Z,Not applicable,_T,No breakdown by disability,2011,,69.01,,PERCENT,percent,G,Global,E,Estimated,"WHO/UNICEF Joint Monitoring Programme for Water Supply, Sanitation and Hygiene (2023)",,,,,
DATAFLOW,SPC:DF_SDG_06(3.0),Sustainable Development Goal 06 - Clean Water and Sanitation,I,A,Annual,SH_H2O_SAFE,6.1.1 Population using safely managed drinking water services,WF,Wallis and Futuna,_T,Total,_T,All ages,_T,National,_T,Total,_T,All education levels,_T,All occupations,_Z,Not applicable,_T,No breakdown by disability,2012,,69,,PERCENT,percent,G,Global,E,Estimated,"WHO/UNICEF Joint Monitoring Programme for Water Supply, Sanitation and Hygiene (2023)",,,,,
DATAFLOW,SPC:DF_SDG_06(3.0),Sustainable Development Goal 06 - Clean Water and Sanitation,I,A,Annual,SH_H2O_SAFE,6.1.1 Population using safely managed drinking water services,WF,Wallis and Futuna,_T,Total,_T,All ages,_T,National,_T,Total,_T,All education levels,_T,All occupations,_Z,Not applicable,_T,No breakdown by disability,2013,,68.99,,PERCENT,percent,G,Global,E,Estimated,"WHO/UNICEF Joint Monitoring Programme for Water Supply, Sanitation and Hygiene (2023)",,,,,
DATAFLOW,SPC:DF_SDG_06(3.0),Sustainable Development Goal 06 - Clean Water and Sanitation,I,A,Annual,SH_H2O_SAFE,6.1.1 Population using safely managed drinking water services,WF,Wallis and Futuna,_T,Total,_T,All ages,_T,National,_T,Total,_T,All education levels,_T,All occupations,_Z,Not applicable,_T,No breakdown by disability,2014,,68.97,,PERCENT,percent,G,Global,E,Estimated,"WHO/UNICEF Joint Monitoring Programme for Water Supply, Sanitation and Hygiene (2023)",,,,,
DATAFLOW,SPC:DF_SDG_06(3.0),Sustainable Development Goal 06 - Clean Water and Sanitation,I,A,Annual,SH_H2O_SAFE,6.1.1 Population using safely managed drinking water services,WF,Wallis and Futuna,_T,Total,_T,All ages,_T,National,_T,Total,_T,All education levels,_T,All occupations,_Z,Not applicable,_T,No breakdown by disability,2015,,68.96,,PERCENT,percent,G,Global,E,Estimated,"WHO/UNICEF Joint Monitoring Programme for Water Supply, Sanitation and Hygiene (2023)",,,,,
DATAFLOW,SPC:DF_SDG_06(3.0),Sustainable Development Goal 06 - Clean Water and Sanitation,I,A,Annual,SH_H2O_SAFE,6.1.1 Population using safely managed drinking water services,WF,Wallis and Futuna,_T,Total,_T,All ages,_T,National,_T,Total,_T,All education levels,_T,All occupations,_Z,Not applicable,_T,No breakdown by disability,2016,,68.95,,PERCENT,percent,G,Global,E,Estimated,"WHO/UNICEF Joint Monitoring Programme for Water Supply, Sanitation and Hygiene (2023)",,,,,
DATAFLOW,SPC:DF_SDG_06(3.0),Sustainable Development Goal 06 - Clean Water and Sanitation,I,A,Annual,SH_H2O_SAFE,6.1.1 Population using safely managed drinking water services,WF,Wallis and Futuna,_T,Total,_T,All ages,_T,National,_T,Total,_T,All education levels,_T,All occupations,_Z,Not applicable,_T,No breakdown by disability,2017,,68.93,,PERCENT,percent,G,Global,E,Estimated,"WHO/UNICEF Joint Monitoring Programme for Water Supply, Sanitation and Hygiene (2023)",,,,,
DATAFLOW,SPC:DF_SDG_06(3.0),Sustainable Development Goal 06 - Clean Water and Sanitation,I,A,Annual,SH_H2O_SAFE,6.1.1 Population using safely managed drinking water services,WF,Wallis and Futuna,_T,Total,_T,All ages,_T,National,_T,Total,_T,All education levels,_T,All occupations,_Z,Not applicable,_T,No breakdown by disability,2018,,68.92,,PERCENT,percent,G,Global,E,Estimated,"WHO/UNICEF Joint Monitoring Programme for Water Supply, Sanitation and Hygiene (2023)",,,,,
DATAFLOW,SPC:DF_SDG_06(3.0),Sustainable Development Goal 06 - Clean Water and Sanitation,I,A,Annual,SH_H2O_SAFE,6.1.1 Population using safely managed drinking water services,WF,Wallis and Futuna,_T,Total,_T,All ages,_T,National,_T,Total,_T,All education levels,_T,All occupations,_Z,Not applicable,_T,No breakdown by disability,2019,,68.91,,PERCENT,percent,G,Global,E,Estimated,"WHO/UNICEF Joint Monitoring Programme for Water Supply, Sanitation and Hygiene (2023)",,,,,
DATAFLOW,SPC:DF_SDG_06(3.0),Sustainable Development Goal 06 - Clean Water and Sanitation,I,A,Annual,SH_H2O_SAFE,6.1.1 Population using safely managed drinking water services,WF,Wallis and Futuna,_T,Total,_T,All ages,_T,National,_T,Total,_T,All education levels,_T,All occupations,_Z,Not applicable,_T,No breakdown by disability,2020,,68.89,,PERCENT,percent,G,Global,E,Estimated,"WHO/UNICEF Joint Monitoring Programme for Water Supply, Sanitation and Hygiene (2023)",,,,,
DATAFLOW,SPC:DF_SDG_06(3.0),Sustainable Development Goal 06 - Clean Water and Sanitation,I,A,Annual,SH_H2O_SAFE,6.1.1 Population using safely managed drinking water services,WF,Wallis and Futuna,_T,Total,_T,All ages,_T,National,_T,Total,_T,All education levels,_T,All occupations,_Z,Not applicable,_T,No breakdown by disability,2021,,68.88,,PERCENT,percent,G,Global,E,Estimated,"WHO/UNICEF Joint Monitoring Programme for Water Supply, Sanitation and Hygiene (2023)",,,,,
DATAFLOW,SPC:DF_SDG_06(3.0),Sustainable Development Goal 06 - Clean Water and Sanitation,I,A,Annual,SH_H2O_SAFE,6.1.1 Population using safely managed drinking water services,WF,Wallis and Futuna,_T,Total,_T,All ages,_T,National,_T,Total,_T,All education levels,_T,All occupations,_Z,Not applicable,_T,No breakdown by disability,2022,,68.88,,PERCENT,percent,G,Global,E,Estimated,"WHO/UNICEF Joint Monitoring Programme for Water Supply, Sanitation and Hygiene (2023)",,,,,
DATAFLOW,SPC:DF_SDG_06(3.0),Sustainable Development Goal 06 - Clean Water and Sanitation,I,A,Annual,SH_H2O_SAFE,6.1.1 Population using safely managed drinking water services,PF,French Polynesia,_T,Total,_T,All ages,_T,National,_T,Total,_T,All education levels,_T,All occupations,_Z,Not applicable,_T,No breakdown by disability,2000,,92.03,,PERCENT,percent,G,Global,E,Estimated,"WHO/UNICEF Joint Monitoring Programme for Water Supply, Sanitation and Hygiene (2023)",,,,,
DATAFLOW,SPC:DF_SDG_06(3.0),Sustainable Development Goal 06 - Clean Water and Sanitation,I,A,Annual,SH_H2O_SAFE,6.1.1 Population using safely managed drinking water services,PF,French Polynesia,_T,Total,_T,All ages,_T,National,_T,Total,_T,All education levels,_T,All occupations,_Z,Not applicable,_T,No breakdown by disability,2001,,92.03,,PERCENT,percent,G,Global,E,Estimated,"WHO/UNICEF Joint Monitoring Programme for Water Supply, Sanitation and Hygiene (2023)",,,,,
DATAFLOW,SPC:DF_SDG_06(3.0),Sustainable Development Goal 06 - Clean Water and Sanitation,I,A,Annual,SH_H2O_SAFE,6.1.1 Population using safely managed drinking water services,PF,French Polynesia,_T,Total,_T,All ages,_T,National,_T,Total,_T,All education levels,_T,All occupations,_Z,Not applicable,_T,No breakdown by disability,2002,,92.03,,PERCENT,percent,G,Global,E,Estimated,"WHO/UNICEF Joint Monitoring Programme for Water Supply, Sanitation and Hygiene (2023)",,,,,
DATAFLOW,SPC:DF_SDG_06(3.0),Sustainable Development Goal 06 - Clean Water and Sanitation,I,A,Annual,SH_H2O_SAFE,6.1.1 Population using safely managed drinking water services,PF,French Polynesia,_T,Total,_T,All ages,_T,National,_T,Total,_T,All education levels,_T,All occupations,_Z,Not applicable,_T,No breakdown by disability,2003,,92.03,,PERCENT,percent,G,Global,E,Estimated,"WHO/UNICEF Joint Monitoring Programme for Water Supply, Sanitation and Hygiene (2023)",,,,,
DATAFLOW,SPC:DF_SDG_06(3.0),Sustainable Development Goal 06 - Clean Water and Sanitation,I,A,Annual,SH_H2O_SAFE,6.1.1 Population using safely managed drinking water services,PF,French Polynesia,_T,Total,_T,All ages,_T,National,_T,Total,_T,All education levels,_T,All occupations,_Z,Not applicable,_T,No breakdown by disability,2004,,92.03,,PERCENT,percent,G,Global,E,Estimated,"WHO/UNICEF Joint Monitoring Programme for Water Supply, Sanitation and Hygiene (2023)",,,,,
DATAFLOW,SPC:DF_SDG_06(3.0),Sustainable Development Goal 06 - Clean Water and Sanitation,I,A,Annual,SH_H2O_SAFE,6.1.1 Population using safely managed drinking water services,PF,French Polynesia,_T,Total,_T,All ages,_T,National,_T,Total,_T,All education levels,_T,All occupations,_Z,Not applicable,_T,No breakdown by disability,2005,,92.03,,PERCENT,percent,G,Global,E,Estimated,"WHO/UNICEF Joint Monitoring Programme for Water Supply, Sanitation and Hygiene (2023)",,,,,
DATAFLOW,SPC:DF_SDG_06(3.0),Sustainable Development Goal 06 - Clean Water and Sanitation,I,A,Annual,SH_H2O_SAFE,6.1.1 Population using safely managed drinking water services,PF,French Polynesia,_T,Total,_T,All ages,_T,National,_T,Total,_T,All education levels,_T,All occupations,_Z,Not applicable,_T,No breakdown by disability,2006,,92.03,,PERCENT,percent,G,Global,E,Estimated,"WHO/UNICEF Joint Monitoring Programme for Water Supply, Sanitation and Hygiene (2023)",,,,,
DATAFLOW,SPC:DF_SDG_06(3.0),Sustainable Development Goal 06 - Clean Water and Sanitation,I,A,Annual,SH_H2O_SAFE,6.1.1 Population using safely managed drinking water services,PF,French Polynesia,_T,Total,_T,All ages,_T,National,_T,Total,_T,All education levels,_T,All occupations,_Z,Not applicable,_T,No breakdown by disability,2007,,92.03,,PERCENT,percent,G,Global,E,Estimated,"WHO/UNICEF Joint Monitoring Programme for Water Supply, Sanitation and Hygiene (2023)",,,,,
DATAFLOW,SPC:DF_SDG_06(3.0),Sustainable Development Goal 06 - Clean Water and Sanitation,I,A,Annual,SH_H2O_SAFE,6.1.1 Population using safely managed drinking water services,PF,French Polynesia,_T,Total,_T,All ages,_T,National,_T,Total,_T,All education levels,_T,All occupations,_Z,Not applicable,_T,No breakdown by disability,2008,,92.03,,PERCENT,percent,G,Global,E,Estimated,"WHO/UNICEF Joint Monitoring Programme for Water Supply, Sanitation and Hygiene (2023)",,,,,
DATAFLOW,SPC:DF_SDG_06(3.0),Sustainable Development Goal 06 - Clean Water and Sanitation,I,A,Annual,SH_H2O_SAFE,6.1.1 Population using safely managed drinking water services,PF,French Polynesia,_T,Total,_T,All ages,_T,National,_T,Total,_T,All education levels,_T,All occupations,_Z,Not applicable,_T,No breakdown by disability,2009,,92.03,,PERCENT,percent,G,Global,E,Estimated,"WHO/UNICEF Joint Monitoring Programme for Water Supply, Sanitation and Hygiene (2023)",,,,,
DATAFLOW,SPC:DF_SDG_06(3.0),Sustainable Development Goal 06 - Clean Water and Sanitation,I,A,Annual,SH_H2O_SAFE,6.1.1 Population using safely managed drinking water services,PF,French Polynesia,_T,Total,_T,All ages,_T,National,_T,Total,_T,All education levels,_T,All occupations,_Z,Not applicable,_T,No breakdown by disability,2010,,92.03,,PERCENT,percent,G,Global,E,Estimated,"WHO/UNICEF Joint Monitoring Programme for Water Supply, Sanitation and Hygiene (2023)",,,,,
DATAFLOW,SPC:DF_SDG_06(3.0),Sustainable Development Goal 06 - Clean Water and Sanitation,I,A,Annual,SH_H2O_SAFE,6.1.1 Population using safely managed drinking water services,PF,French Polynesia,_T,Total,_T,All ages,_T,National,_T,Total,_T,All education levels,_T,All occupations,_Z,Not applicable,_T,No breakdown by disability,2011,,91.18,,PERCENT,percent,G,Global,E,Estimated,"WHO/UNICEF Joint Monitoring Programme for Water Supply, Sanitation and Hygiene (2023)",,,,,
DATAFLOW,SPC:DF_SDG_06(3.0),Sustainable Development Goal 06 - Clean Water and Sanitation,I,A,Annual,SH_H2O_SAFE,6.1.1 Population using safely managed drinking water services,PF,French Polynesia,_T,Total,_T,All ages,_T,National,_T,Total,_T,All education levels,_T,All occupations,_Z,Not applicable,_T,No breakdown by disability,2012,,90.33,,PERCENT,percent,G,Global,E,Estimated,"WHO/UNICEF Joint Monitoring Programme for Water Supply, Sanitation and Hygiene (2023)",,,,,
DATAFLOW,SPC:DF_SDG_06(3.0),Sustainable Development Goal 06 - Clean Water and Sanitation,I,A,Annual,SH_H2O_SAFE,6.1.1 Population using safely managed drinking water services,PF,French Polynesia,_T,Total,_T,All ages,_T,National,_T,Total,_T,All education levels,_T,All occupations,_Z,Not applicable,_T,No breakdown by disability,2013,,89.48,,PERCENT,percent,G,Global,E,Estimated,"WHO/UNICEF Joint Monitoring Programme for Water Supply, Sanitation and Hygiene (2023)",,,,,
DATAFLOW,SPC:DF_SDG_06(3.0),Sustainable Development Goal 06 - Clean Water and Sanitation,I,A,Annual,SH_H2O_SAFE,6.1.1 Population using safely managed drinking water services,PF,French Polynesia,_T,Total,_T,All ages,_T,National,_T,Total,_T,All education levels,_T,All occupations,_Z,Not applicable,_T,No breakdown by disability,2014,,88.62,,PERCENT,percent,G,Global,E,Estimated,"WHO/UNICEF Joint Monitoring Programme for Water Supply, Sanitation and Hygiene (2023)",,,,,
DATAFLOW,SPC:DF_SDG_06(3.0),Sustainable Development Goal 06 - Clean Water and Sanitation,I,A,Annual,SH_H2O_SAFE,6.1.1 Population using safely managed drinking water services,PF,French Polynesia,_T,Total,_T,All ages,_T,National,_T,Total,_T,All education levels,_T,All occupations,_Z,Not applicable,_T,No breakdown by disability,2015,,87.77,,PERCENT,percent,G,Global,E,Estimated,"WHO/UNICEF Joint Monitoring Programme for Water Supply, Sanitation and Hygiene (2023)",,,,,
DATAFLOW,SPC:DF_SDG_06(3.0),Sustainable Development Goal 06 - Clean Water and Sanitation,I,A,Annual,SH_H2O_SAFE,6.1.1 Population using safely managed drinking water services,PF,French Polynesia,_T,Total,_T,All ages,_T,National,_T,Total,_T,All education levels,_T,All occupations,_Z,Not applicable,_T,No breakdown by disability,2016,,86.92,,PERCENT,percent,G,Global,E,Estimated,"WHO/UNICEF Joint Monitoring Programme for Water Supply, Sanitation and Hygiene (2023)",,,,,
DATAFLOW,SPC:DF_SDG_06(3.0),Sustainable Development Goal 06 - Clean Water and Sanitation,I,A,Annual,SH_H2O_SAFE,6.1.1 Population using safely managed drinking water services,PF,French Polynesia,_T,Total,_T,All ages,_T,National,_T,Total,_T,All education levels,_T,All occupations,_Z,Not applicable,_T,No breakdown by disability,2017,,86.07,,PERCENT,percent,G,Global,E,Estimated,"WHO/UNICEF Joint Monitoring Programme for Water Supply, Sanitation and Hygiene (2023)",,,,,
DATAFLOW,SPC:DF_SDG_06(3.0),Sustainable Development Goal 06 - Clean Water and Sanitation,I,A,Annual,SH_H2O_SAFE,6.1.1 Population using safely managed drinking water services,PF,French Polynesia,_T,Total,_T,All ages,_T,National,_T,Total,_T,All education levels,_T,All occupations,_Z,Not applicable,_T,No breakdown by disability,2018,,85.22,,PERCENT,percent,G,Global,E,Estimated,"WHO/UNICEF Joint Monitoring Programme for Water Supply, Sanitation and Hygiene (2023)",,,,,
DATAFLOW,SPC:DF_SDG_06(3.0),Sustainable Development Goal 06 - Clean Water and Sanitation,I,A,Annual,SH_H2O_SAFE,6.1.1 Population using safely managed drinking water services,PF,French Polynesia,_T,Total,_T,All ages,_T,National,_T,Total,_T,All education levels,_T,All occupations,_Z,Not applicable,_T,No breakdown by disability,2019,,84.37,,PERCENT,percent,G,Global,E,Estimated,"WHO/UNICEF Joint Monitoring Programme for Water Supply, Sanitation and Hygiene (2023)",,,,,
DATAFLOW,SPC:DF_SDG_06(3.0),Sustainable Development Goal 06 - Clean Water and Sanitation,I,A,Annual,SH_H2O_SAFE,6.1.1 Population using safely managed drinking water services,PF,French Polynesia,_T,Total,_T,All ages,_T,National,_T,Total,_T,All education levels,_T,All occupations,_Z,Not applicable,_T,No breakdown by disability,2020,,83.52,,PERCENT,percent,G,Global,E,Estimated,"WHO/UNICEF Joint Monitoring Programme for Water Supply, Sanitation and Hygiene (2023)",,,,,
DATAFLOW,SPC:DF_SDG_06(3.0),Sustainable Development Goal 06 - Clean Water and Sanitation,I,A,Annual,SH_H2O_SAFE,6.1.1 Population using safely managed drinking water services,PF,French Polynesia,_T,Total,_T,All ages,_T,National,_T,Total,_T,All education levels,_T,All occupations,_Z,Not applicable,_T,No breakdown by disability,2021,,82.66,,PERCENT,percent,G,Global,E,Estimated,"WHO/UNICEF Joint Monitoring Programme for Water Supply, Sanitation and Hygiene (2023)",,,,,
DATAFLOW,SPC:DF_SDG_06(3.0),Sustainable Development Goal 06 - Clean Water and Sanitation,I,A,Annual,SH_H2O_SAFE,6.1.1 Population using safely managed drinking water services,PF,French Polynesia,_T,Total,_T,All ages,_T,National,_T,Total,_T,All education levels,_T,All occupations,_Z,Not applicable,_T,No breakdown by disability,2022,,81.81,,PERCENT,percent,G,Global,E,Estimated,"WHO/UNICEF Joint Monitoring Programme for Water Supply, Sanitation and Hygiene (2023)",,,,,
DATAFLOW,SPC:DF_SDG_06(3.0),Sustainable Development Goal 06 - Clean Water and Sanitation,I,A,Annual,SH_H2O_SAFE,6.1.1 Population using safely managed drinking water services,NC,New Caledonia,_T,Total,_T,All ages,_T,National,_T,Total,_T,All education levels,_T,All occupations,_Z,Not applicable,_T,No breakdown by disability,2000,,87.04,,PERCENT,percent,G,Global,E,Estimated,"WHO/UNICEF Joint Monitoring Programme for Water Supply, Sanitation and Hygiene (2023)",,,,,
DATAFLOW,SPC:DF_SDG_06(3.0),Sustainable Development Goal 06 - Clean Water and Sanitation,I,A,Annual,SH_H2O_SAFE,6.1.1 Population using safely managed drinking water services,NC,New Caledonia,_T,Total,_T,All ages,_T,National,_T,Total,_T,All education levels,_T,All occupations,_Z,Not applicable,_T,No breakdown by disability,2001,,87.04,,PERCENT,percent,G,Global,E,Estimated,"WHO/UNICEF Joint Monitoring Programme for Water Supply, Sanitation and Hygiene (2023)",,,,,
DATAFLOW,SPC:DF_SDG_06(3.0),Sustainable Development Goal 06 - Clean Water and Sanitation,I,A,Annual,SH_H2O_SAFE,6.1.1 Population using safely managed drinking water services,NC,New Caledonia,_T,Total,_T,All ages,_T,National,_T,Total,_T,All education levels,_T,All occupations,_Z,Not applicable,_T,No breakdown by disability,2002,,87.04,,PERCENT,percent,G,Global,E,Estimated,"WHO/UNICEF Joint Monitoring Programme for Water Supply, Sanitation and Hygiene (2023)",,,,,
DATAFLOW,SPC:DF_SDG_06(3.0),Sustainable Development Goal 06 - Clean Water and Sanitation,I,A,Annual,SH_H2O_SAFE,6.1.1 Population using safely managed drinking water services,NC,New Caledonia,_T,Total,_T,All ages,_T,National,_T,Total,_T,All education levels,_T,All occupations,_Z,Not applicable,_T,No breakdown by disability,2003,,87.71,,PERCENT,percent,G,Global,E,Estimated,"WHO/UNICEF Joint Monitoring Programme for Water Supply, Sanitation and Hygiene (2023)",,,,,
DATAFLOW,SPC:DF_SDG_06(3.0),Sustainable Development Goal 06 - Clean Water and Sanitation,I,A,Annual,SH_H2O_SAFE,6.1.1 Population using safely managed drinking water services,NC,New Caledonia,_T,Total,_T,All ages,_T,National,_T,Total,_T,All education levels,_T,All occupations,_Z,Not applicable,_T,No breakdown by disability,2004,,88.37,,PERCENT,percent,G,Global,E,Estimated,"WHO/UNICEF Joint Monitoring Programme for Water Supply, Sanitation and Hygiene (2023)",,,,,
DATAFLOW,SPC:DF_SDG_06(3.0),Sustainable Development Goal 06 - Clean Water and Sanitation,I,A,Annual,SH_H2O_SAFE,6.1.1 Population using safely managed drinking water services,NC,New Caledonia,_T,Total,_T,All ages,_T,National,_T,Total,_T,All education levels,_T,All occupations,_Z,Not applicable,_T,No breakdown by disability,2005,,89.04,,PERCENT,percent,G,Global,E,Estimated,"WHO/UNICEF Joint Monitoring Programme for Water Supply, Sanitation and Hygiene (2023)",,,,,
DATAFLOW,SPC:DF_SDG_06(3.0),Sustainable Development Goal 06 - Clean Water and Sanitation,I,A,Annual,SH_H2O_SAFE,6.1.1 Population using safely managed drinking water services,NC,New Caledonia,_T,Total,_T,All ages,_T,National,_T,Total,_T,All education levels,_T,All occupations,_Z,Not applicable,_T,No breakdown by disability,2006,,89.71,,PERCENT,percent,G,Global,E,Estimated,"WHO/UNICEF Joint Monitoring Programme for Water Supply, Sanitation and Hygiene (2023)",,,,,
DATAFLOW,SPC:DF_SDG_06(3.0),Sustainable Development Goal 06 - Clean Water and Sanitation,I,A,Annual,SH_H2O_SAFE,6.1.1 Population using safely managed drinking water services,NC,New Caledonia,_T,Total,_T,All ages,_T,National,_T,Total,_T,All education levels,_T,All occupations,_Z,Not applicable,_T,No breakdown by disability,2007,,90.38,,PERCENT,percent,G,Global,E,Estimated,"WHO/UNICEF Joint Monitoring Programme for Water Supply, Sanitation and Hygiene (2023)",,,,,
DATAFLOW,SPC:DF_SDG_06(3.0),Sustainable Development Goal 06 - Clean Water and Sanitation,I,A,Annual,SH_H2O_SAFE,6.1.1 Population using safely managed drinking water services,NC,New Caledonia,_T,Total,_T,All ages,_T,National,_T,Total,_T,All education levels,_T,All occupations,_Z,Not applicable,_T,No breakdown by disability,2008,,91.05,,PERCENT,percent,G,Global,E,Estimated,"WHO/UNICEF Joint Monitoring Programme for Water Supply, Sanitation and Hygiene (2023)",,,,,
DATAFLOW,SPC:DF_SDG_06(3.0),Sustainable Development Goal 06 - Clean Water and Sanitation,I,A,Annual,SH_H2O_SAFE,6.1.1 Population using safely managed drinking water services,NC,New Caledonia,_T,Total,_T,All ages,_T,National,_T,Total,_T,All education levels,_T,All occupations,_Z,Not applicable,_T,No breakdown by disability,2009,,91.73,,PERCENT,percent,G,Global,E,Estimated,"WHO/UNICEF Joint Monitoring Programme for Water Supply, Sanitation and Hygiene (2023)",,,,,
DATAFLOW,SPC:DF_SDG_06(3.0),Sustainable Development Goal 06 - Clean Water and Sanitation,I,A,Annual,SH_H2O_SAFE,6.1.1 Population using safely managed drinking water services,NC,New Caledonia,_T,Total,_T,All ages,_T,National,_T,Total,_T,All education levels,_T,All occupations,_Z,Not applicable,_T,No breakdown by disability,2010,,92.4,,PERCENT,percent,G,Global,E,Estimated,"WHO/UNICEF Joint Monitoring Programme for Water Supply, Sanitation and Hygiene (2023)",,,,,
DATAFLOW,SPC:DF_SDG_06(3.0),Sustainable Development Goal 06 - Clean Water and Sanitation,I,A,Annual,SH_H2O_SAFE,6.1.1 Population using safely managed drinking water services,NC,New Caledonia,_T,Total,_T,All ages,_T,National,_T,Total,_T,All education levels,_T,All occupations,_Z,Not applicable,_T,No breakdown by disability,2011,,93.08,,PERCENT,percent,G,Global,E,Estimated,"WHO/UNICEF Joint Monitoring Programme for Water Supply, Sanitation and Hygiene (2023)",,,,,
DATAFLOW,SPC:DF_SDG_06(3.0),Sustainable Development Goal 06 - Clean Water and Sanitation,I,A,Annual,SH_H2O_SAFE,6.1.1 Population using safely managed drinking water services,NC,New Caledonia,_T,Total,_T,All ages,_T,National,_T,Total,_T,All education levels,_T,All occupations,_Z,Not applicable,_T,No breakdown by disability,2012,,93.76,,PERCENT,percent,G,Global,E,Estimated,"WHO/UNICEF Joint Monitoring Programme for Water Supply, Sanitation and Hygiene (2023)",,,,,
DATAFLOW,SPC:DF_SDG_06(3.0),Sustainable Development Goal 06 - Clean Water and Sanitation,I,A,Annual,SH_H2O_SAFE,6.1.1 Population using safely managed drinking water services,NC,New Caledonia,_T,Total,_T,All ages,_T,National,_T,Total,_T,All education levels,_T,All occupations,_Z,Not applicable,_T,No breakdown by disability,2013,,94.45,,PERCENT,percent,G,Global,E,Estimated,"WHO/UNICEF Joint Monitoring Programme for Water Supply, Sanitation and Hygiene (2023)",,,,,
DATAFLOW,SPC:DF_SDG_06(3.0),Sustainable Development Goal 06 - Clean Water and Sanitation,I,A,Annual,SH_H2O_SAFE,6.1.1 Population using safely managed drinking water services,NC,New Caledonia,_T,Total,_T,All ages,_T,National,_T,Total,_T,All education levels,_T,All occupations,_Z,Not applicable,_T,No breakdown by disability,2014,,95.13,,PERCENT,percent,G,Global,E,Estimated,"WHO/UNICEF Joint Monitoring Programme for Water Supply, Sanitation and Hygiene (2023)",,,,,
DATAFLOW,SPC:DF_SDG_06(3.0),Sustainable Development Goal 06 - Clean Water and Sanitation,I,A,Annual,SH_H2O_SAFE,6.1.1 Population using safely managed drinking water services,NC,New Caledonia,_T,Total,_T,All ages,_T,National,_T,Total,_T,All education levels,_T,All occupations,_Z,Not applicable,_T,No breakdown by disability,2015,,95.5,,PERCENT,percent,G,Global,E,Estimated,"WHO/UNICEF Joint Monitoring Programme for Water Supply, Sanitation and Hygiene (2023)",,,,,
DATAFLOW,SPC:DF_SDG_06(3.0),Sustainable Development Goal 06 - Clean Water and Sanitation,I,A,Annual,SH_H2O_SAFE,6.1.1 Population using safely managed drinking water services,NC,New Caledonia,_T,Total,_T,All ages,_T,National,_T,Total,_T,All education levels,_T,All occupations,_Z,Not applicable,_T,No breakdown by disability,2016,,95.73,,PERCENT,percent,G,Global,E,Estimated,"WHO/UNICEF Joint Monitoring Programme for Water Supply, Sanitation and Hygiene (2023)",,,,,
DATAFLOW,SPC:DF_SDG_06(3.0),Sustainable Development Goal 06 - Clean Water and Sanitation,I,A,Annual,SH_H2O_SAFE,6.1.1 Population using safely managed drinking water services,NC,New Caledonia,_T,Total,_T,All ages,_T,National,_T,Total,_T,All education levels,_T,All occupations,_Z,Not applicable,_T,No breakdown by disability,2017,,95.96,,PERCENT,percent,G,Global,E,Estimated,"WHO/UNICEF Joint Monitoring Programme for Water Supply, Sanitation and Hygiene (2023)",,,,,
DATAFLOW,SPC:DF_SDG_06(3.0),Sustainable Development Goal 06 - Clean Water and Sanitation,I,A,Annual,SH_H2O_SAFE,6.1.1 Population using safely managed drinking water services,NC,New Caledonia,_T,Total,_T,All ages,_T,National,_T,Total,_T,All education levels,_T,All occupations,_Z,Not applicable,_T,No breakdown by disability,2018,,96.18,,PERCENT,percent,G,Global,E,Estimated,"WHO/UNICEF Joint Monitoring Programme for Water Supply, Sanitation and Hygiene (2023)",,,,,
DATAFLOW,SPC:DF_SDG_06(3.0),Sustainable Development Goal 06 - Clean Water and Sanitation,I,A,Annual,SH_H2O_SAFE,6.1.1 Population using safely managed drinking water services,NC,New Caledonia,_T,Total,_T,All ages,_T,National,_T,Total,_T,All education levels,_T,All occupations,_Z,Not applicable,_T,No breakdown by disability,2019,,96.41,,PERCENT,percent,G,Global,E,Estimated,"WHO/UNICEF Joint Monitoring Programme for Water Supply, Sanitation and Hygiene (2023)",,,,,
DATAFLOW,SPC:DF_SDG_06(3.0),Sustainable Development Goal 06 - Clean Water and Sanitation,I,A,Annual,SH_H2O_SAFE,6.1.1 Population using safely managed drinking water services,NC,New Caledonia,_T,Total,_T,All ages,_T,National,_T,Total,_T,All education levels,_T,All occupations,_Z,Not applicable,_T,No breakdown by disability,2020,,96.64,,PERCENT,percent,G,Global,E,Estimated,"WHO/UNICEF Joint Monitoring Programme for Water Supply, Sanitation and Hygiene (2023)",,,,,
DATAFLOW,SPC:DF_SDG_06(3.0),Sustainable Development Goal 06 - Clean Water and Sanitation,I,A,Annual,SH_H2O_SAFE,6.1.1 Population using safely managed drinking water services,NC,New Caledonia,_T,Total,_T,All ages,_T,National,_T,Total,_T,All education levels,_T,All occupations,_Z,Not applicable,_T,No breakdown by disability,2021,,96.87,,PERCENT,percent,G,Global,E,Estimated,"WHO/UNICEF Joint Monitoring Programme for Water Supply, Sanitation and Hygiene (2023)",,,,,
DATAFLOW,SPC:DF_SDG_06(3.0),Sustainable Development Goal 06 - Clean Water and Sanitation,I,A,Annual,SH_H2O_SAFE,6.1.1 Population using safely managed drinking water services,NC,New Caledonia,_T,Total,_T,All ages,_T,National,_T,Total,_T,All education levels,_T,All occupations,_Z,Not applicable,_T,No breakdown by disability,2022,,96.87,,PERCENT,percent,G,Global,E,Estimated,"WHO/UNICEF Joint Monitoring Programme for Water Supply, Sanitation and Hygiene (2023)",,,,,
